year,state,armed_with,threat_type,flee_status,body_camera
2015,WA,Gun,Point,Not Fleeing,0
2015,OR,Gun,Point,Not Fleeing,0
2015,KS,Unarmed,Move,Not Fleeing,0
2015,CA,Replica,Point,Not Fleeing,0
2015,CO,Other,Point,Not Fleeing,0
2015,OK,Gun,Attack,Not Fleeing,0
2015,AZ,Gun,Shoot,Vehicle,0
2015,KS,Gun,Point,Not Fleeing,0
2015,IA,Unarmed,Accident,Not Fleeing,1
2015,PA,Replica,Point,Not Fleeing,0
2015,CA,Knife,Attack,Not Fleeing,0
2015,TX,Gun,Point,Not Fleeing,0
2015,OH,Knife,Threat,Not Fleeing,0
2015,IA,Gun,Point,Vehicle,0
2015,LA,Gun,Shoot,Foot,1
2015,MT,Missing,Unclear Threat,Not Fleeing,0
2015,UT,Blunt Object,Attack,Not Fleeing,1
2015,AR,Unarmed,Attack,Not Fleeing,0
2015,UT,Gun,Shoot,Not Fleeing,1
2015,AR,Gun,Shoot,Not Fleeing,0
2015,TX,Gun,Point,Not Fleeing,0
2015,IL,Gun,Point,Not Fleeing,0
2015,CA,Gun,Point,Not Fleeing,0
2015,NV,Gun,Point,Foot,0
2015,NM,Gun,Shoot,Foot,1
2015,TX,Knife,Threat,Not Fleeing,0
2015,MN,Missing,Attack,Not Fleeing,0
2015,MO,Missing,Attack,Not Fleeing,0
2015,VA,Gun,Shoot,Not Fleeing,0
2015,NJ,Knife,Attack,Not Fleeing,0
2015,TX,Gun,Point,Not Fleeing,0
2015,UT,Knife,Attack,Not Fleeing,1
2015,IN,Gun,Shoot,Foot,0
2015,CO,Gun,Point,Not Fleeing,0
2015,MN,Gun,Point,Not Fleeing,0
2015,CA,Knife,Threat,Not Fleeing,0
2015,LA,Gun,Point,Not Fleeing,0
2015,TX,Gun,Shoot,Vehicle,0
2015,CA,Knife,Threat,Not Fleeing,0
2015,OK,Gun,Point,Foot,1
2015,CA,Gun,Point,Not Fleeing,0
2015,TX,Knife,Attack,Not Fleeing,0
2015,AZ,Gun,Point,Not Fleeing,0
2015,KY,Gun,Point,Not Fleeing,0
2015,MA,Knife,Attack,Not Fleeing,0
2015,AZ,Missing,Threat,Vehicle,0
2015,CA,Gun,Shoot,Not Fleeing,0
2015,TX,Gun,Shoot,Foot,0
2015,MO,Gun,Point,Not Fleeing,0
2015,NH,Gun,Shoot,Not Fleeing,0
2015,TX,Replica,Point,Vehicle,0
2015,TX,Knife,Threat,Not Fleeing,0
2015,FL,Missing,Threat,Not Fleeing,0
2015,TX,Knife,Threat,Not Fleeing,0
2015,TX,Gun,Point,Not Fleeing,0
2015,ID,Gun,Shoot,Not Fleeing,0
2015,MD,Knife,Threat,Not Fleeing,0
2015,TX,Gun,Shoot,Not Fleeing,0
2015,CO,Gun,Shoot,Vehicle,0
2015,NJ,Gun,Point,Not Fleeing,0
2015,CO,Vehicle,Threat,Not Fleeing,0
2015,MN,Gun,Shoot,Not Fleeing,0
2015,TX,Unarmed,Flee,Vehicle,0
2015,CA,Knife,Threat,Not Fleeing,0
2015,NE,Knife,Attack,Not Fleeing,0
2015,AZ,Missing,Threat,Not Fleeing,0
2015,AZ,Gun,Shoot,Not Fleeing,0
2015,OH,Gun,Shoot,Not Fleeing,0
2015,TX,Gun,Shoot,Not Fleeing,0
2015,CA,Blunt Object,Attack,Not Fleeing,0
2015,TX,Gun,Shoot,Not Fleeing,0
2015,MI,Gun,Shoot,Not Fleeing,0
2015,OK,Unarmed,Move,Foot,0
2015,MT,Gun,Point,Foot,0
2015,TX,Gun,Point,Not Fleeing,0
2015,MD,Knife,Threat,Not Fleeing,0
2015,PA,Unarmed,Flee,Foot,0
2015,CA,Gun,Shoot,Not Fleeing,0
2015,MI,Gun,Shoot,Not Fleeing,0
2015,MO,Gun,Point,Foot,0
2015,CA,Gun,Point,Vehicle,0
2015,CA,Knife,Threat,Not Fleeing,0
2015,GA,Gun,Point,Not Fleeing,0
2015,FL,Unarmed,Attack,Not Fleeing,0
2015,FL,Gun,Point,Not Fleeing,0
2015,AZ,Gun,Point,Vehicle,0
2015,AZ,Unarmed,Accident,Not Fleeing,0
2015,TX,Gun,Point,Vehicle,0
2015,TN,Knife,Threat,Not Fleeing,0
2015,CA,Replica,Flee,Vehicle,0
2015,OK,Gun,Shoot,Not Fleeing,0
2015,CA,Replica,Point,Not Fleeing,0
2015,NC,Gun,Point,Not Fleeing,0
2015,AK,Gun,Shoot,Vehicle,0
2015,TX,Gun,Shoot,Not Fleeing,0
2015,NY,Gun,Shoot,Not Fleeing,0
2015,FL,Gun,Shoot,Not Fleeing,0
2015,TX,Gun,Point,Not Fleeing,0
2015,ME,Gun,Point,Not Fleeing,0
2015,TX,Gun,Shoot,Not Fleeing,0
2015,WA,Unarmed,Flee,Foot,0
2015,TN,Gun,Point,Not Fleeing,0
2015,CO,Gun,Point,Vehicle,0
2015,CA,Knife,Threat,Not Fleeing,0
2015,AL,Replica,Point,Foot,1
2015,CA,Missing,Attack,Vehicle,0
2015,KS,Gun,Point,Vehicle,0
2015,PA,Unarmed,Move,Not Fleeing,0
2015,TN,Gun,Point,Not Fleeing,0
2015,AZ,Knife,Threat,Not Fleeing,0
2015,MD,Gun,Shoot,Vehicle,0
2015,TX,Gun,Shoot,Not Fleeing,0
2015,FL,Unarmed,Threat,Not Fleeing,0
2015,MS,Gun,Shoot,Foot,0
2015,OR,Knife,Threat,Not Fleeing,0
2015,AZ,Gun,Point,Not Fleeing,0
2015,ID,Gun,Point,Not Fleeing,0
2015,UT,Replica,Point,Not Fleeing,0
2015,NC,Gun,Point,Not Fleeing,0
2015,MO,Unarmed,Flee,Foot,0
2015,MI,Gun,Point,Not Fleeing,0
2015,MA,Replica,Point,Foot,0
2015,TX,Missing,Threat,Not Fleeing,0
2015,NC,Knife,Threat,Not Fleeing,0
2015,TX,Unarmed,Move,Not Fleeing,0
2015,AL,Gun,Shoot,Not Fleeing,0
2015,AL,Gun,Point,Not Fleeing,0
2015,TX,Gun,Point,Vehicle,0
2015,NM,Gun,Point,Not Fleeing,0
2015,IN,Knife,Attack,Not Fleeing,0
2015,FL,Gun,Point,Not Fleeing,0
2015,LA,Gun,Point,Not Fleeing,0
2015,GA,Knife,Threat,Not Fleeing,0
2015,GA,Gun,Shoot,Foot,0
2015,AL,Gun,Shoot,Not Fleeing,0
2015,PA,Knife,Attack,Vehicle,0
2015,NE,Unarmed,Move,Not Fleeing,0
2015,WI,Knife,Attack,Not Fleeing,0
2015,OK,Missing,Threat,Vehicle,0
2015,NV,Gun,Shoot,Not Fleeing,0
2015,IN,Unarmed,Threat,Not Fleeing,0
2015,FL,Gun,Point,Foot,0
2015,CA,Knife,Threat,Not Fleeing,0
2015,MS,Unarmed,Move,Not Fleeing,0
2015,GA,Gun,Point,Vehicle,0
2015,CA,Unarmed,Threat,Not Fleeing,0
2015,SC,Gun,Shoot,Not Fleeing,0
2015,MI,Unarmed,Attack,Not Fleeing,1
2015,MO,Unarmed,Move,Vehicle,0
2015,AZ,Knife,Threat,Not Fleeing,0
2015,MO,Gun,Shoot,Vehicle,0
2015,NC,Gun,Shoot,Vehicle,0
2015,AZ,Gun,Shoot,Vehicle,0
2015,CA,Unarmed,Attack,Not Fleeing,1
2015,TX,Gun,Shoot,Not Fleeing,0
2015,MS,Gun,Shoot,Not Fleeing,0
2015,IL,Gun,Move,Foot,0
2015,MD,Gun,Point,Not Fleeing,0
2015,AZ,Knife,Attack,Not Fleeing,0
2015,FL,Unarmed,Move,Not Fleeing,0
2015,CA,Gun,Shoot,Not Fleeing,0
2015,WI,Knife,Threat,Not Fleeing,0
2015,CA,Unarmed,Flee,Vehicle,0
2015,NE,Gun,Attack,Not Fleeing,0
2015,WI,Unarmed,Attack,Foot,0
2015,CO,Unarmed,Move,Foot,0
2015,FL,Missing,Threat,Not Fleeing,0
2015,AZ,Gun,Point,Not Fleeing,0
2015,CA,Knife,Threat,Not Fleeing,1
2015,OK,Gun,Point,Not Fleeing,0
2015,DE,Missing,Attack,Vehicle,0
2015,GA,Unarmed,Move,Not Fleeing,0
2015,NC,Gun,Point,Not Fleeing,0
2015,CO,Gun,Point,Not Fleeing,0
2015,FL,Gun,Shoot,Not Fleeing,0
2015,OH,Gun,Shoot,Not Fleeing,1
2015,LA,Gun,Shoot,Not Fleeing,0
2015,GA,Knife,Attack,Not Fleeing,1
2015,CA,Knife,Threat,Vehicle,0
2015,MD,Missing,Threat,Not Fleeing,0
2015,TN,Gun,Shoot,Not Fleeing,0
2015,CA,Gun,Shoot,Not Fleeing,0
2015,AZ,Replica,Point,Not Fleeing,0
2015,AL,Gun,Shoot,Not Fleeing,0
2015,AL,Gun,Point,Not Fleeing,0
2015,CA,Missing,Threat,Not Fleeing,0
2015,DC,Unarmed,Threat,Not Fleeing,0
2015,CA,Gun,Move,Vehicle,0
2015,MO,Gun,Point,Not Fleeing,0
2015,CA,Knife,Attack,Not Fleeing,0
2015,CA,Unarmed,Move,Foot,0
2015,WV,Knife,Threat,Not Fleeing,0
2015,WI,Gun,Point,Vehicle,0
2015,TX,Gun,Shoot,Not Fleeing,0
2015,MS,Knife,Threat,Not Fleeing,0
2015,MN,Gun,Point,Not Fleeing,0
2015,NC,Gun,Shoot,Not Fleeing,0
2015,OR,Gun,Shoot,Not Fleeing,0
2015,NC,Gun,Shoot,Foot,0
2015,CA,Vehicle,Threat,Not Fleeing,0
2015,TX,Gun,Shoot,Not Fleeing,0
2015,CA,Unarmed,Threat,Vehicle,0
2015,AZ,Gun,Point,Not Fleeing,0
2015,FL,Gun,Point,Not Fleeing,0
2015,CA,Knife,Threat,Not Fleeing,0
2015,AL,Knife,Threat,Not Fleeing,1
2015,OH,Unarmed,Attack,Not Fleeing,0
2015,ID,Gun,Point,Not Fleeing,1
2015,FL,Gun,Point,Vehicle,0
2015,WA,Unarmed,Attack,Not Fleeing,0
2015,CA,Gun,Point,Not Fleeing,0
2015,LA,Knife,Attack,Not Fleeing,0
2015,OK,Gun,Shoot,Not Fleeing,0
2015,AZ,Gun,Shoot,Vehicle,0
2015,AZ,Gun,Shoot,Not Fleeing,0
2015,NY,Gun,Shoot,Vehicle,0
2015,IN,Gun,Shoot,Not Fleeing,0
2015,OH,Gun,Point,Not Fleeing,0
2015,CA,Knife,Threat,Not Fleeing,0
2015,OR,Knife,Threat,Foot,0
2015,NY,Unclear Weapon Information,Attack,Vehicle,0
2015,CA,Gun,Shoot,Not Fleeing,0
2015,VA,Gun,Point,Vehicle,0
2015,CA,Gun,Shoot,Not Fleeing,0
2015,WI,Gun,Shoot,Not Fleeing,0
2015,GA,Unclear Weapon Information,Threat,Vehicle,1
2015,SC,Gun,Shoot,Foot,0
2015,CA,Gun,Shoot,Foot,0
2015,AZ,Gun,Move,Not Fleeing,0
2015,KS,Gun,Shoot,Not Fleeing,0
2015,CA,Knife,Threat,Not Fleeing,0
2015,CA,Knife,Threat,Not Fleeing,0
2015,WV,Gun,Point,Vehicle,0
2015,MA,Gun,Shoot,Not Fleeing,0
2015,CA,Gun,Point,Not Fleeing,0
2015,FL,Knife,Threat,Not Fleeing,0
2015,CA,Replica,Point,Vehicle,0
2015,MA,Gun,Shoot,Foot,0
2015,KY,Gun,Point,Not Fleeing,0
2015,OH,Missing,Attack,Vehicle,0
2015,NV,Gun,Shoot,Not Fleeing,0
2015,OR,Gun,Point,Not Fleeing,0
2015,FL,Gun,Shoot,Not Fleeing,0
2015,TX,Replica,Point,Not Fleeing,0
2015,MD,Vehicle,Threat,Vehicle,0
2015,CA,Gun,Shoot,Not Fleeing,0
2015,NJ,Knife,Attack,Not Fleeing,0
2015,IL,Gun,Point,Foot,0
2015,IL,Gun,Point,Not Fleeing,0
2015,OK,Unarmed,Accident,Not Fleeing,0
2015,LA,Gun,Point,Not Fleeing,0
2015,VA,Knife,Threat,Not Fleeing,1
2015,IL,Gun,Point,Foot,0
2015,SC,Unarmed,Flee,Foot,0
2015,CA,Gun,Point,Not Fleeing,1
2015,NM,Gun,Point,Vehicle,0
2015,AZ,Knife,Threat,Not Fleeing,0
2015,CA,Gun,Point,Not Fleeing,0
2015,IN,Gun,Shoot,Not Fleeing,0
2015,LA,Gun,Shoot,Foot,0
2015,ID,Gun,Point,Vehicle,0
2015,OK,Gun,Shoot,Vehicle,0
2015,TX,Gun,Shoot,Vehicle,0
2015,GA,Missing,Attack,Vehicle,0
2015,CA,Gun,Shoot,Foot,0
2015,CA,Knife,Threat,Not Fleeing,0
2015,FL,Knife,Attack,Not Fleeing,0
2015,IN,Gun,Point,Vehicle,0
2015,PA,Gun,Shoot,Not Fleeing,0
2015,SC,Gun,Point,Not Fleeing,0
2015,OK,Missing,Attack,Vehicle,0
2015,CA,Knife,Attack,Not Fleeing,0
2015,KS,Gun,Shoot,Vehicle,0
2015,OK,Gun,Point,Not Fleeing,1
2015,IN,Gun,Point,Foot,1
2015,OK,Knife,Threat,Not Fleeing,0
2015,NC,Gun,Point,Vehicle,0
2015,IL,Gun,Point,Not Fleeing,0
2015,TX,Unclear Weapon Information,Threat,Foot,0
2015,AR,Knife,Attack,Not Fleeing,0
2015,FL,Gun,Threat,Foot,0
2015,SC,Knife,Attack,Not Fleeing,0
2015,TX,Unarmed,Move,Vehicle,0
2015,MO,Replica,Point,Vehicle,1
2015,CO,Gun,Shoot,Not Fleeing,0
2015,CA,Replica,Point,Not Fleeing,0
2015,CA,Knife,Threat,Not Fleeing,0
2015,IL,Gun,Point,Foot,0
2015,CA,Gun,Shoot,Not Fleeing,0
2015,MO,Knife,Threat,Not Fleeing,1
2015,AZ,Gun,Shoot,Not Fleeing,0
2015,FL,Gun,Shoot,Not Fleeing,0
2015,KY,Gun,Point,Not Fleeing,0
2015,NE,Knife,Attack,Not Fleeing,0
2015,TX,Gun,Move,Not Fleeing,0
2015,WA,Unarmed,Move,Foot,0
2015,SC,Knife,Threat,Not Fleeing,0
2015,CA,Knife,Threat,Not Fleeing,0
2015,NJ,Missing,Attack,Not Fleeing,0
2015,VA,Unarmed,Threat,Not Fleeing,0
2015,AZ,Knife,Threat,Not Fleeing,0
2015,NY,Gun,Shoot,Foot,0
2015,TX,Gun,Shoot,Foot,0
2015,CO,Gun,Point,Not Fleeing,0
2015,CA,Replica,Point,Not Fleeing,0
2015,OK,Gun,Shoot,Not Fleeing,0
2015,CA,Unarmed,Move,Not Fleeing,0
2015,CA,Missing,Attack,Vehicle,0
2015,OR,Gun,Shoot,Not Fleeing,0
2015,OK,Gun,Point,Vehicle,0
2015,CO,Gun,Point,Foot,1
2015,TX,Knife,Threat,Not Fleeing,1
2015,NY,Unarmed,Attack,Foot,0
2015,FL,Knife,Threat,Not Fleeing,0
2015,OK,Unarmed,Attack,Not Fleeing,0
2015,CA,Gun,Shoot,Not Fleeing,0
2015,CA,Gun,Attack,Not Fleeing,0
2015,MI,Blunt Object,Threat,Not Fleeing,0
2015,OH,Gun,Shoot,Not Fleeing,0
2015,LA,Gun,Shoot,Not Fleeing,1
2015,IL,Gun,Shoot,Not Fleeing,0
2015,OK,Knife,Threat,Foot,0
2015,AZ,Gun,Point,Not Fleeing,0
2015,CA,Gun,Point,Not Fleeing,0
2015,GA,Gun,Shoot,Not Fleeing,0
2015,VA,Gun,Shoot,Not Fleeing,0
2015,TN,Gun,Point,Not Fleeing,0
2015,CA,Unarmed,Move,Not Fleeing,1
2015,TX,Blunt Object,Threat,Not Fleeing,0
2015,DE,Gun,Point,Not Fleeing,1
2015,UT,Gun,Point,Not Fleeing,1
2015,TX,Gun,Shoot,Not Fleeing,0
2015,TX,Gun,Shoot,Not Fleeing,0
2015,NM,Gun,Point,Not Fleeing,0
2015,KY,Gun,Point,Not Fleeing,0
2015,WA,Replica,Point,Not Fleeing,0
2015,TX,Gun,Shoot,Not Fleeing,0
2015,CA,Unarmed,Attack,Not Fleeing,1
2015,CA,Knife,Attack,Not Fleeing,0
2015,VA,Gun,Shoot,Not Fleeing,0
2015,NC,Gun,Point,Vehicle,0
2015,GA,Knife,Threat,Not Fleeing,0
2015,NY,Knife,Threat,Vehicle,0
2015,CA,Missing,Attack,Vehicle,0
2015,AZ,Knife,Attack,Not Fleeing,0
2015,NY,Gun,Point,Not Fleeing,0
2015,LA,Gun,Point,Not Fleeing,0
2015,MN,Missing,Attack,Vehicle,0
2015,WA,Gun,Point,Not Fleeing,0
2015,MD,Missing,Threat,Vehicle,0
2015,TX,Missing,Attack,Vehicle,0
2015,FL,Knife,Threat,Not Fleeing,0
2015,FL,Gun,Move,Foot,0
2015,HI,Gun,Point,Not Fleeing,0
2015,CA,Knife,Threat,Not Fleeing,0
2015,MI,Gun,Point,Vehicle,0
2015,FL,Gun,Shoot,Not Fleeing,0
2015,IL,Gun,Shoot,Not Fleeing,0
2015,CA,Replica,Point,Not Fleeing,0
2015,IL,Gun,Shoot,Foot,0
2015,CA,Gun,Shoot,Foot,1
2015,FL,Gun,Shoot,Not Fleeing,0
2015,NM,Knife,Threat,Not Fleeing,0
2015,VA,Unarmed,Attack,Not Fleeing,0
2015,AR,Gun,Shoot,Not Fleeing,0
2015,CO,Gun,Attack,Vehicle,0
2015,PA,Gun,Shoot,Not Fleeing,0
2015,OH,Knife,Threat,Not Fleeing,0
2015,KY,Gun,Shoot,Not Fleeing,0
2015,WY,Knife,Threat,Vehicle,0
2015,NE,Gun,Shoot,Not Fleeing,0
2015,TX,Gun,Unclear Threat,Not Fleeing,0
2015,FL,Knife,Attack,Not Fleeing,0
2015,SC,Knife,Attack,Not Fleeing,0
2015,NJ,Knife,Threat,Not Fleeing,0
2015,SC,Gun,Shoot,Not Fleeing,0
2015,PA,Replica,Point,Not Fleeing,0
2015,MO,Gun,Point,Not Fleeing,0
2015,AZ,Gun,Shoot,Vehicle,0
2015,MI,Gun,Point,Not Fleeing,0
2015,TX,Gun,Point,Not Fleeing,0
2015,AL,Knife,Attack,Not Fleeing,0
2015,NY,Gun,Shoot,Not Fleeing,0
2015,LA,Unclear Weapon Information,Attack,Not Fleeing,0
2015,WA,Gun,Point,Not Fleeing,0
2015,NJ,Knife,Attack,Not Fleeing,0
2015,OK,Replica,Point,Not Fleeing,0
2015,GA,Knife,Attack,Not Fleeing,0
2015,CA,Unarmed,Move,Not Fleeing,0
2015,CA,Knife,Threat,Not Fleeing,0
2015,SC,Gun,Point,Not Fleeing,0
2015,CO,Gun,Shoot,Not Fleeing,0
2015,GA,Gun,Point,Not Fleeing,0
2015,MI,Blunt Object,Attack,Not Fleeing,0
2015,NJ,Knife,Threat,Not Fleeing,0
2015,OK,Gun,Attack,Not Fleeing,0
2015,OR,Gun,Point,Not Fleeing,0
2015,AZ,Unarmed,Attack,Foot,0
2015,TN,Replica,Point,Not Fleeing,0
2015,OR,Gun,Shoot,Not Fleeing,0
2015,TX,Replica,Point,Not Fleeing,1
2015,NY,Gun,Attack,Vehicle,0
2015,MA,Knife,Threat,Not Fleeing,0
2015,TX,Knife,Attack,Not Fleeing,0
2015,TX,Gun,Point,Vehicle,0
2015,TX,Knife,Threat,Vehicle,0
2015,NJ,Gun,Point,Not Fleeing,0
2015,CA,Gun,Shoot,Vehicle,0
2015,NM,Unarmed,Attack,Not Fleeing,0
2015,CA,Gun,Point,Not Fleeing,0
2015,WV,Vehicle,Threat,Vehicle,0
2015,CA,Gun,Point,Not Fleeing,1
2015,FL,Gun,Point,Not Fleeing,0
2015,CA,Gun,Shoot,Foot,0
2015,TX,Knife,Threat,Not Fleeing,0
2015,CO,Gun,Shoot,Vehicle,0
2015,FL,Gun,Point,Not Fleeing,0
2015,WA,Gun,Point,Not Fleeing,0
2015,IN,Gun,Point,Not Fleeing,0
2015,CA,Knife,Threat,Not Fleeing,1
2015,AZ,Gun,Point,Not Fleeing,0
2015,OH,Unarmed,Attack,Not Fleeing,0
2015,TX,Gun,Point,Vehicle,0
2015,OH,Gun,Point,Not Fleeing,0
2015,IA,Unarmed,Move,Vehicle,0
2015,NY,Gun,Point,Not Fleeing,0
2015,FL,Gun,Point,Not Fleeing,0
2015,TN,Gun,Point,Not Fleeing,0
2015,FL,Unclear Weapon Information,Threat,Not Fleeing,0
2015,TX,Gun,Shoot,Not Fleeing,0
2015,NJ,Knife,Threat,Not Fleeing,0
2015,IN,Replica,Point,Not Fleeing,0
2015,IN,Gun,Point,Not Fleeing,0
2015,KY,Blunt Object,Threat,Not Fleeing,0
2015,TX,Multiple Weapons,Shoot,Not Fleeing,0
2015,CA,Missing,Attack,Vehicle,0
2015,FL,Gun,Shoot,Not Fleeing,0
2015,CA,Unarmed,Move,Foot,0
2015,CA,Gun,Point,Not Fleeing,0
2015,ND,Gun,Point,Not Fleeing,0
2015,AL,Gun,Shoot,Vehicle,0
2015,NM,Gun,Shoot,Not Fleeing,0
2015,NY,Knife,Attack,Foot,0
2015,MA,Knife,Threat,Foot,0
2015,OH,Gun,Shoot,Not Fleeing,0
2015,CO,Gun,Shoot,Not Fleeing,0
2015,IL,Gun,Point,Foot,0
2015,CA,Unarmed,Threat,Not Fleeing,0
2015,TX,Other,Threat,Not Fleeing,0
2015,NC,Gun,Shoot,Foot,0
2015,CA,Gun,Shoot,Not Fleeing,0
2015,GA,Gun,Point,Not Fleeing,0
2015,PA,Gun,Shoot,Vehicle,0
2015,IN,Unarmed,Threat,Vehicle,0
2015,KS,Knife,Attack,Not Fleeing,0
2015,TX,Knife,Threat,Foot,0
2015,NE,Gun,Shoot,Not Fleeing,0
2015,VA,Gun,Point,Not Fleeing,1
2015,MD,Unarmed,Threat,Not Fleeing,0
2015,CA,Gun,Point,Not Fleeing,0
2015,NY,Gun,Point,Vehicle,0
2015,TX,Gun,Move,Foot,0
2015,OK,Gun,Shoot,Not Fleeing,1
2015,OR,Replica,Point,Not Fleeing,0
2015,NY,Gun,Shoot,Not Fleeing,0
2015,NC,Gun,Shoot,Not Fleeing,0
2015,OR,Missing,Attack,Foot,0
2015,OR,Gun,Attack,Vehicle,0
2015,MA,Replica,Point,Not Fleeing,0
2015,CA,Knife,Threat,Not Fleeing,0
2015,FL,Unarmed,Attack,Foot,0
2015,WV,Other,Attack,Not Fleeing,0
2015,CA,Knife,Attack,Not Fleeing,0
2015,CA,Gun,Point,Not Fleeing,0
2015,NJ,Replica,Point,Not Fleeing,0
2015,FL,Gun,Point,Not Fleeing,0
2015,OK,Gun,Point,Foot,0
2015,TN,Gun,Point,Not Fleeing,0
2015,VA,Gun,Point,Foot,0
2015,NV,Gun,Attack,Not Fleeing,0
2015,CA,Unarmed,Attack,Foot,0
2015,TX,Gun,Shoot,Foot,0
2015,TX,Replica,Point,Not Fleeing,0
2015,CA,Unarmed,Flee,Not Fleeing,0
2015,OK,Gun,Point,Not Fleeing,0
2015,NH,Knife,Threat,Not Fleeing,1
2015,CA,Knife,Attack,Vehicle,0
2015,CA,Missing,Attack,Vehicle,0
2015,CA,Knife,Attack,Not Fleeing,0
2015,TX,Gun,Shoot,Not Fleeing,0
2015,AZ,Blunt Object,Threat,Not Fleeing,0
2015,TX,Gun,Point,Not Fleeing,0
2015,CA,Gun,Shoot,Not Fleeing,0
2015,TX,Gun,Shoot,Not Fleeing,0
2015,NJ,Knife,Attack,Foot,0
2015,MO,Gun,Shoot,Vehicle,0
2015,KY,Knife,Threat,Not Fleeing,0
2015,OR,Gun,Shoot,Not Fleeing,0
2015,NC,Missing,Attack,Vehicle,1
2015,UT,Gun,Point,Not Fleeing,0
2015,AZ,Gun,Point,Foot,0
2015,IL,Gun,Point,Foot,0
2015,CA,Gun,Point,Not Fleeing,0
2015,CA,Other,Attack,Vehicle,0
2015,MO,Knife,Threat,Not Fleeing,0
2015,NV,Gun,Shoot,Not Fleeing,1
2015,GA,Gun,Point,Not Fleeing,0
2015,IL,Gun,Point,Not Fleeing,0
2015,CA,Gun,Point,Not Fleeing,0
2015,CO,Knife,Threat,Foot,0
2015,FL,Unarmed,Attack,Not Fleeing,0
2015,TX,Gun,Point,Foot,0
2015,IL,Gun,Shoot,Not Fleeing,0
2015,WY,Gun,Point,Not Fleeing,0
2015,GA,Gun,Shoot,Not Fleeing,0
2015,CA,Gun,Shoot,Vehicle,0
2015,MA,Missing,Attack,Not Fleeing,0
2015,CA,Knife,Threat,Not Fleeing,0
2015,FL,Gun,Point,Not Fleeing,0
2015,OH,Gun,Shoot,Not Fleeing,0
2015,MI,Blunt Object,Threat,Not Fleeing,0
2015,CA,Blunt Object,Threat,Not Fleeing,0
2015,WI,Knife,Threat,Not Fleeing,0
2015,FL,Gun,Point,Not Fleeing,0
2015,KS,Gun,Shoot,Vehicle,0
2015,TN,Gun,Shoot,Not Fleeing,0
2015,WY,Gun,Shoot,Not Fleeing,0
2015,AL,Gun,Shoot,Foot,0
2015,WA,Knife,Threat,Foot,0
2015,FL,Unarmed,Attack,Foot,0
2015,CA,Gun,Point,Not Fleeing,0
2015,TN,Unarmed,Attack,Foot,0
2015,TX,Knife,Move,Vehicle,0
2015,CO,Knife,Attack,Not Fleeing,0
2015,AZ,Gun,Shoot,Not Fleeing,0
2015,KS,Gun,Shoot,Not Fleeing,0
2015,OH,Unarmed,Flee,Vehicle,1
2015,TX,Gun,Shoot,Vehicle,0
2015,CA,Knife,Threat,Not Fleeing,0
2015,GA,Unarmed,Threat,Not Fleeing,0
2015,FL,Gun,Move,Vehicle,0
2015,GA,Gun,Point,Not Fleeing,0
2015,WI,Gun,Shoot,Not Fleeing,0
2015,OK,Knife,Threat,Vehicle,0
2015,PA,Gun,Shoot,Not Fleeing,0
2015,OH,Gun,Point,Not Fleeing,0
2015,MN,Unarmed,Attack,Not Fleeing,0
2015,SC,Gun,Point,Not Fleeing,0
2015,WY,Replica,Point,Not Fleeing,0
2015,CA,Gun,Point,Not Fleeing,0
2015,CA,Replica,Shoot,Not Fleeing,0
2015,NC,Knife,Threat,Not Fleeing,0
2015,LA,Blunt Object,Attack,Vehicle,0
2015,GA,Gun,Shoot,Not Fleeing,0
2015,NV,Replica,Shoot,Not Fleeing,0
2015,FL,Gun,Shoot,Not Fleeing,0
2015,LA,Gun,Shoot,Not Fleeing,0
2015,SC,Missing,Threat,Vehicle,0
2015,SC,Knife,Attack,Not Fleeing,0
2015,LA,Replica,Point,Vehicle,0
2015,CO,Blunt Object,Threat,Not Fleeing,0
2015,AR,Knife,Threat,Not Fleeing,0
2015,NM,Gun,Unclear Threat,Foot,0
2015,UT,Gun,Shoot,Not Fleeing,0
2015,NV,Gun,Point,Not Fleeing,0
2015,CA,Gun,Point,Vehicle,0
2015,TX,Gun,Point,Not Fleeing,0
2015,CA,Blunt Object,Attack,Not Fleeing,0
2015,NM,Gun,Point,Not Fleeing,1
2015,NM,Gun,Shoot,Not Fleeing,0
2015,WV,Gun,Shoot,Not Fleeing,0
2015,AZ,Gun,Shoot,Not Fleeing,0
2015,TX,Missing,Threat,Not Fleeing,0
2015,CA,Gun,Shoot,Not Fleeing,0
2015,PA,Gun,Shoot,Foot,0
2015,VA,Gun,Point,Not Fleeing,0
2015,IN,Replica,Point,Not Fleeing,0
2015,CA,Unclear Weapon Information,Move,Not Fleeing,0
2015,IL,Blunt Object,Threat,Not Fleeing,1
2015,KY,Knife,Attack,Not Fleeing,0
2015,WI,Knife,Threat,Not Fleeing,0
2015,HI,Gun,Shoot,Not Fleeing,0
2015,VA,Gun,Shoot,Foot,0
2015,TN,Knife,Attack,Not Fleeing,0
2015,WA,Gun,Point,Not Fleeing,0
2015,KY,Knife,Attack,Not Fleeing,0
2015,TX,Gun,Shoot,Vehicle,0
2015,TX,Unarmed,Threat,Not Fleeing,0
2015,NV,Knife,Threat,Not Fleeing,1
2015,CA,Replica,Point,Not Fleeing,0
2015,MT,Missing,Threat,Vehicle,0
2015,NC,Gun,Shoot,Not Fleeing,0
2015,CA,Knife,Attack,Not Fleeing,0
2015,TX,Gun,Shoot,Not Fleeing,0
2015,SC,Gun,Shoot,Vehicle,0
2015,NC,Gun,Shoot,Not Fleeing,0
2015,WA,Gun,Shoot,Not Fleeing,0
2015,IN,Missing,Point,Not Fleeing,0
2015,OK,Gun,Point,Not Fleeing,0
2015,PA,Replica,Point,Not Fleeing,0
2015,CA,Knife,Attack,Foot,0
2015,AZ,Missing,Threat,Not Fleeing,0
2015,ID,Gun,Shoot,Not Fleeing,0
2015,TX,Knife,Threat,Not Fleeing,0
2015,TX,Gun,Shoot,Not Fleeing,0
2015,CA,Gun,Point,Vehicle,1
2015,CA,Knife,Threat,Not Fleeing,0
2015,CA,Gun,Point,Vehicle,0
2015,OH,Gun,Shoot,Vehicle,0
2015,NM,Gun,Unclear Threat,Vehicle,0
2015,NY,Gun,Shoot,Not Fleeing,0
2015,TX,Gun,Point,Not Fleeing,0
2015,MD,Unarmed,Attack,Foot,0
2015,CT,Knife,Attack,Vehicle,0
2015,IN,Unarmed,Attack,Not Fleeing,0
2015,CA,Gun,Point,Not Fleeing,0
2015,CA,Gun,Point,Not Fleeing,0
2015,NV,Gun,Shoot,Not Fleeing,0
2015,CA,Gun,Move,Not Fleeing,0
2015,TX,Gun,Shoot,Not Fleeing,0
2015,TX,Gun,Point,Not Fleeing,0
2015,CA,Unarmed,Flee,Foot,0
2015,MO,Gun,Point,Foot,0
2015,MI,Gun,Shoot,Vehicle,0
2015,WA,Gun,Point,Foot,0
2015,NC,Gun,Shoot,Not Fleeing,0
2015,AL,Unarmed,Attack,Not Fleeing,0
2015,CA,Gun,Point,Not Fleeing,0
2015,OH,Gun,Shoot,Not Fleeing,0
2015,WA,Gun,Point,Not Fleeing,0
2015,MD,Missing,Attack,Vehicle,0
2015,NC,Knife,Threat,Not Fleeing,0
2015,MN,Gun,Point,Not Fleeing,0
2015,NY,Gun,Shoot,Foot,0
2015,CA,Blunt Object,Threat,Not Fleeing,0
2015,KS,Missing,Attack,Vehicle,0
2015,VA,Knife,Threat,Not Fleeing,0
2015,NV,Gun,Shoot,Not Fleeing,0
2015,FL,Gun,Shoot,Not Fleeing,0
2015,AL,Gun,Shoot,Vehicle,0
2015,NJ,Replica,Point,Not Fleeing,0
2015,NC,Gun,Point,Not Fleeing,0
2015,NM,Gun,Shoot,Foot,0
2015,PA,Knife,Attack,Not Fleeing,0
2015,FL,Gun,Point,Not Fleeing,0
2015,AZ,Gun,Point,Not Fleeing,0
2015,FL,Gun,Shoot,Not Fleeing,0
2015,TN,Replica,Point,Not Fleeing,0
2015,TN,Gun,Point,Vehicle,0
2015,UT,Gun,Shoot,Not Fleeing,0
2015,TX,Knife,Attack,Not Fleeing,0
2015,CA,Other,Attack,Not Fleeing,1
2015,CA,Knife,Threat,Not Fleeing,1
2015,CA,Blunt Object,Attack,Not Fleeing,0
2015,TX,Unclear Weapon Information,Unclear Threat,Not Fleeing,0
2015,UT,Gun,Shoot,Not Fleeing,1
2015,NY,Unarmed,Accident,Not Fleeing,0
2015,TX,Gun,Point,Not Fleeing,0
2015,NV,Gun,Point,Foot,0
2015,TX,Knife,Threat,Not Fleeing,0
2015,IL,Unarmed,Unclear Threat,Vehicle,0
2015,OK,Gun,Point,Not Fleeing,0
2015,AZ,Gun,Point,Not Fleeing,0
2015,CO,Knife,Attack,Foot,0
2015,WV,Multiple Weapons,Shoot,Foot,0
2015,OH,Gun,Shoot,Not Fleeing,0
2015,NM,Gun,Shoot,Not Fleeing,0
2015,AZ,Gun,Shoot,Not Fleeing,1
2015,CA,Unarmed,Point,Not Fleeing,1
2015,SD,Gun,Point,Not Fleeing,0
2015,IN,Blunt Object,Attack,Not Fleeing,0
2015,CA,Gun,Shoot,Vehicle,0
2015,TX,Gun,Shoot,Not Fleeing,0
2015,NH,Knife,Threat,Not Fleeing,0
2015,NC,Replica,Point,Not Fleeing,0
2015,CA,Blunt Object,Threat,Not Fleeing,1
2015,VA,Gun,Shoot,Not Fleeing,0
2015,VA,Unarmed,Unclear Threat,Not Fleeing,0
2015,FL,Gun,Point,Vehicle,0
2015,LA,Gun,Point,Vehicle,0
2015,NM,Gun,Point,Not Fleeing,0
2015,CA,Blunt Object,Threat,Foot,1
2015,AK,Gun,Point,Not Fleeing,0
2015,WI,Gun,Shoot,Not Fleeing,0
2015,MO,Multiple Weapons,Threat,Not Fleeing,0
2015,AK,Gun,Shoot,Vehicle,0
2015,CA,Knife,Attack,Not Fleeing,0
2015,NY,Knife,Attack,Not Fleeing,0
2015,CA,Knife,Threat,Not Fleeing,0
2015,IN,Gun,Shoot,Not Fleeing,0
2015,CA,Gun,Shoot,Foot,0
2015,CA,Gun,Point,Vehicle,0
2015,PA,Gun,Point,Not Fleeing,0
2015,CO,Gun,Shoot,Vehicle,0
2015,AL,Unclear Weapon Information,Unclear Threat,Vehicle,0
2015,TN,Gun,Point,Not Fleeing,0
2015,IA,Gun,Point,Not Fleeing,0
2015,OK,Gun,Shoot,Not Fleeing,0
2015,TX,Gun,Point,Vehicle,0
2015,KY,Gun,Point,Vehicle,0
2015,CA,Unarmed,Attack,Not Fleeing,0
2015,LA,Blunt Object,Attack,Not Fleeing,0
2015,CA,Gun,Point,Not Fleeing,1
2015,FL,Gun,Unclear Threat,Vehicle,0
2015,CA,Gun,Shoot,Not Fleeing,0
2015,LA,Gun,Threat,Not Fleeing,0
2015,SD,Gun,Shoot,Foot,0
2015,MI,Gun,Shoot,Not Fleeing,0
2015,KY,Gun,Shoot,Not Fleeing,0
2015,CA,Missing,Unclear Threat,Vehicle,0
2015,TN,Unclear Weapon Information,Unclear Threat,Not Fleeing,0
2015,LA,Gun,Shoot,Vehicle,0
2015,AL,Gun,Point,Not Fleeing,1
2015,VA,Gun,Point,Not Fleeing,1
2015,IN,Gun,Shoot,Not Fleeing,0
2015,TX,Gun,Shoot,Not Fleeing,0
2015,CA,Gun,Shoot,Not Fleeing,0
2015,CA,Gun,Shoot,Not Fleeing,0
2015,TX,Unarmed,Attack,Not Fleeing,0
2015,FL,Gun,Shoot,Not Fleeing,0
2015,FL,Other,Threat,Foot,0
2015,CA,Gun,Shoot,Vehicle,0
2015,FL,Gun,Shoot,Not Fleeing,0
2015,CA,Gun,Point,Not Fleeing,0
2015,NV,Gun,Shoot,Not Fleeing,0
2015,UT,Knife,Attack,Not Fleeing,0
2015,TX,Gun,Shoot,Not Fleeing,0
2015,MD,Unarmed,Move,Foot,0
2015,VA,Gun,Shoot,Not Fleeing,0
2015,DE,Gun,Unclear Threat,Not Fleeing,0
2015,FL,Knife,Attack,Not Fleeing,0
2015,CO,Gun,Point,Not Fleeing,0
2015,MN,Knife,Threat,Not Fleeing,0
2015,OH,Unarmed,Unclear Threat,Vehicle,0
2015,IL,Knife,Threat,Not Fleeing,0
2015,AZ,Gun,Shoot,Not Fleeing,0
2015,LA,Knife,Attack,Not Fleeing,0
2015,NM,Gun,Shoot,Not Fleeing,0
2015,CA,Knife,Threat,Not Fleeing,1
2015,GA,Gun,Point,Not Fleeing,0
2015,TX,Gun,Shoot,Not Fleeing,0
2015,FL,Unarmed,Attack,Foot,0
2015,CA,Replica,Point,Not Fleeing,1
2015,SD,Blunt Object,Attack,Not Fleeing,0
2015,MN,Unarmed,Attack,Not Fleeing,0
2015,WV,Gun,Point,Vehicle,0
2015,AZ,Gun,Shoot,Vehicle,0
2015,CA,Knife,Attack,Not Fleeing,0
2015,OR,Knife,Threat,Not Fleeing,0
2015,TX,Unarmed,Unclear Threat,Not Fleeing,0
2015,CA,Blunt Object,Unclear Threat,Not Fleeing,0
2015,AL,Gun,Point,Foot,0
2015,IL,Gun,Point,Not Fleeing,0
2015,TX,Gun,Point,Foot,0
2015,NJ,Gun,Point,Not Fleeing,0
2015,OH,Unarmed,Move,Not Fleeing,0
2015,OK,Gun,Point,Not Fleeing,0
2015,CA,Replica,Point,Not Fleeing,0
2015,FL,Knife,Attack,Not Fleeing,0
2015,MD,Knife,Threat,Not Fleeing,0
2015,CA,Gun,Point,Not Fleeing,0
2015,MA,Missing,Attack,Not Fleeing,0
2015,CT,Gun,Point,Not Fleeing,0
2015,CA,Missing,Threat,Vehicle,0
2015,MI,Other,Attack,Not Fleeing,0
2015,IL,Unclear Weapon Information,Unclear Threat,Not Fleeing,0
2015,CA,Unclear Weapon Information,Unclear Threat,Vehicle,0
2015,LA,Gun,Point,Not Fleeing,0
2015,SC,Gun,Shoot,Not Fleeing,0
2015,TX,Knife,Threat,Vehicle,0
2015,OK,Gun,Point,Not Fleeing,0
2015,MS,Gun,Shoot,Not Fleeing,0
2015,GA,Gun,Point,Not Fleeing,0
2015,FL,Gun,Shoot,Vehicle,0
2015,CA,Missing,Threat,Vehicle,0
2015,CA,Gun,Shoot,Not Fleeing,0
2015,AL,Gun,Shoot,Not Fleeing,0
2015,FL,Gun,Point,Vehicle,0
2015,OH,Gun,Point,Not Fleeing,0
2015,NV,Gun,Shoot,Vehicle,0
2015,OH,Replica,Point,Vehicle,0
2015,WA,Gun,Point,Foot,0
2015,CA,Gun,Point,Not Fleeing,0
2015,TX,Gun,Point,Not Fleeing,0
2015,CA,Unarmed,Attack,Not Fleeing,0
2015,GA,Gun,Shoot,Not Fleeing,0
2015,MS,Unclear Weapon Information,Unclear Threat,Foot,1
2015,TX,Gun,Point,Not Fleeing,0
2015,CA,Replica,Shoot,Not Fleeing,0
2015,PA,Knife,Threat,Not Fleeing,0
2015,FL,Gun,Unclear Threat,Not Fleeing,0
2015,CA,Knife,Attack,Not Fleeing,0
2015,CA,Missing,Attack,Not Fleeing,0
2015,KY,Replica,Point,Not Fleeing,0
2015,CA,Replica,Point,Not Fleeing,0
2015,NM,Gun,Point,Not Fleeing,0
2015,LA,Knife,Attack,Not Fleeing,0
2015,IA,Gun,Shoot,Foot,0
2015,CA,Knife,Threat,Vehicle,0
2015,CA,Unarmed,Attack,Not Fleeing,0
2015,MI,Gun,Point,Not Fleeing,0
2015,LA,Knife,Attack,Not Fleeing,0
2015,CA,Gun,Shoot,Vehicle,0
2015,KY,Unclear Weapon Information,Move,Not Fleeing,0
2015,CA,Gun,Shoot,Not Fleeing,0
2015,FL,Gun,Shoot,Not Fleeing,1
2015,CA,Blunt Object,Unclear Threat,Not Fleeing,0
2015,OH,Gun,Point,Not Fleeing,0
2015,WI,Gun,Point,Not Fleeing,0
2015,AK,Other,Attack,Not Fleeing,0
2015,NY,Gun,Shoot,Not Fleeing,0
2015,GA,Gun,Shoot,Not Fleeing,0
2015,MD,Knife,Threat,Not Fleeing,0
2015,DC,Gun,Shoot,Not Fleeing,0
2015,FL,Unarmed,Attack,Foot,0
2015,GA,Gun,Shoot,Not Fleeing,1
2015,CA,Unarmed,Attack,Not Fleeing,0
2015,MS,Replica,Shoot,Not Fleeing,0
2015,FL,Gun,Point,Not Fleeing,0
2015,OR,Gun,Point,Vehicle,0
2015,OH,Gun,Move,Not Fleeing,0
2015,TN,Gun,Shoot,Not Fleeing,0
2015,FL,Gun,Shoot,Not Fleeing,0
2015,KY,Gun,Shoot,Vehicle,0
2015,TX,Gun,Point,Vehicle,0
2015,TX,Gun,Threat,Foot,0
2015,OK,Knife,Attack,Foot,0
2015,TX,Gun,Point,Not Fleeing,0
2015,CO,Gun,Shoot,Not Fleeing,0
2015,AL,Gun,Threat,Vehicle,0
2015,MN,Gun,Shoot,Not Fleeing,0
2015,CA,Gun,Shoot,Not Fleeing,0
2015,ID,Gun,Unclear Threat,Not Fleeing,1
2015,DC,Gun,Shoot,Vehicle,0
2015,LA,Unarmed,Accident,Vehicle,1
2015,MO,Gun,Point,Foot,0
2015,TX,Gun,Point,Vehicle,0
2015,CA,Knife,Attack,Foot,0
2015,CA,Unarmed,Move,Foot,1
2015,WV,Gun,Point,Not Fleeing,0
2015,OK,Gun,Point,Vehicle,0
2015,MO,Blunt Object,Attack,Not Fleeing,0
2015,SC,Gun,Point,Not Fleeing,0
2015,OR,Gun,Shoot,Not Fleeing,0
2015,NV,Missing,Threat,Vehicle,0
2015,NC,Unclear Weapon Information,Unclear Threat,Not Fleeing,0
2015,SC,Missing,Attack,Vehicle,0
2015,TX,Gun,Point,Not Fleeing,0
2015,WV,Gun,Shoot,Not Fleeing,0
2015,CA,Gun,Shoot,Not Fleeing,0
2015,CA,Other,Threat,Not Fleeing,0
2015,CA,Gun,Point,Not Fleeing,0
2015,CO,Gun,Threat,Vehicle,0
2015,MT,Gun,Point,Not Fleeing,0
2015,CO,Replica,Point,Not Fleeing,0
2015,NM,Missing,Threat,Vehicle,0
2015,CA,Gun,Point,Not Fleeing,0
2015,SC,Gun,Point,Not Fleeing,0
2015,MD,Gun,Shoot,Not Fleeing,0
2015,CA,Knife,Threat,Not Fleeing,0
2015,TN,Replica,Point,Not Fleeing,0
2015,CA,Unclear Weapon Information,Unclear Threat,Missing,0
2015,GA,Gun,Shoot,Foot,0
2015,CA,Blunt Object,Threat,Not Fleeing,0
2015,CA,Replica,Point,Not Fleeing,0
2015,NC,Other,Attack,Not Fleeing,0
2015,PA,Gun,Attack,Not Fleeing,0
2015,MN,Unarmed,Unclear Threat,Not Fleeing,0
2015,GA,Missing,Threat,Vehicle,0
2015,TX,Missing,Unclear Threat,Vehicle,0
2015,FL,Gun,Point,Foot,0
2015,SC,Gun,Shoot,Not Fleeing,0
2015,TX,Knife,Threat,Vehicle,0
2015,GA,Unarmed,Threat,Not Fleeing,0
2015,NJ,Gun,Attack,Not Fleeing,0
2015,TX,Gun,Unclear Threat,Vehicle,0
2015,FL,Unclear Weapon Information,Threat,Not Fleeing,0
2015,MI,Gun,Shoot,Not Fleeing,0
2015,FL,Gun,Point,Missing,0
2015,FL,Knife,Attack,Not Fleeing,0
2015,DC,Knife,Threat,Not Fleeing,0
2015,CA,Unarmed,Attack,Not Fleeing,0
2015,GA,Gun,Point,Not Fleeing,0
2015,CA,Gun,Threat,Not Fleeing,0
2015,OK,Unarmed,Attack,Foot,0
2015,CA,Knife,Attack,Not Fleeing,0
2015,NV,Gun,Shoot,Not Fleeing,0
2015,CO,Gun,Shoot,Not Fleeing,0
2015,TX,Knife,Threat,Not Fleeing,1
2015,OH,Gun,Shoot,Not Fleeing,0
2015,MN,Replica,Threat,Not Fleeing,0
2015,NV,Replica,Point,Foot,1
2015,NJ,Gun,Shoot,Not Fleeing,0
2015,MO,Knife,Attack,Not Fleeing,0
2015,AZ,Gun,Shoot,Not Fleeing,0
2015,MO,Gun,Shoot,Not Fleeing,0
2015,CA,Unarmed,Accident,Vehicle,1
2015,MO,Gun,Point,Not Fleeing,0
2015,TX,Multiple Weapons,Threat,Not Fleeing,0
2015,OH,Gun,Shoot,Not Fleeing,0
2015,MO,Gun,Point,Not Fleeing,0
2015,AZ,Gun,Point,Not Fleeing,0
2015,CA,Gun,Shoot,Foot,0
2015,NE,Gun,Shoot,Missing,0
2015,CO,Missing,Attack,Vehicle,0
2015,GA,Gun,Shoot,Foot,0
2015,TX,Unclear Weapon Information,Threat,Not Fleeing,0
2015,ME,Gun,Shoot,Foot,0
2015,CA,Gun,Point,Not Fleeing,0
2015,CO,Gun,Shoot,Vehicle,0
2015,CA,Gun,Shoot,Vehicle,0
2015,CA,Gun,Shoot,Vehicle,0
2015,CA,Knife,Threat,Not Fleeing,0
2015,TX,Gun,Threat,Not Fleeing,0
2015,NM,Gun,Point,Not Fleeing,0
2015,NE,Gun,Shoot,Not Fleeing,0
2015,AZ,Blunt Object,Threat,Not Fleeing,0
2015,PA,Gun,Point,Not Fleeing,0
2015,TX,Gun,Shoot,Foot,0
2015,FL,Knife,Threat,Not Fleeing,1
2015,WI,Gun,Move,Not Fleeing,0
2015,MO,Gun,Shoot,Not Fleeing,0
2015,CA,Gun,Shoot,Not Fleeing,0
2015,WA,Gun,Shoot,Vehicle,0
2015,OH,Gun,Shoot,Not Fleeing,0
2015,WY,Knife,Threat,Not Fleeing,0
2015,NY,Unarmed,Flee,Foot,0
2015,OH,Gun,Shoot,Not Fleeing,0
2015,KY,Gun,Point,Not Fleeing,0
2015,OK,Gun,Shoot,Not Fleeing,0
2015,IN,Gun,Point,Not Fleeing,0
2015,SC,Gun,Shoot,Not Fleeing,0
2015,CA,Knife,Attack,Not Fleeing,0
2015,CA,Gun,Point,Not Fleeing,0
2015,AZ,Unarmed,Attack,Not Fleeing,0
2015,IN,Knife,Attack,Not Fleeing,0
2015,TN,Multiple Weapons,Point,Not Fleeing,0
2015,CA,Gun,Point,Not Fleeing,0
2015,OK,Other,Point,Not Fleeing,0
2015,PA,Gun,Point,Not Fleeing,0
2015,CA,Knife,Attack,Missing,0
2015,CO,Unclear Weapon Information,Attack,Missing,0
2015,TX,Gun,Point,Not Fleeing,0
2015,TX,Blunt Object,Threat,Not Fleeing,0
2015,WA,Knife,Attack,Not Fleeing,0
2015,CO,Gun,Point,Not Fleeing,0
2015,LA,Gun,Shoot,Not Fleeing,1
2015,MD,Knife,Threat,Not Fleeing,0
2015,TN,Unclear Weapon Information,Unclear Threat,Not Fleeing,0
2015,NV,Gun,Point,Not Fleeing,0
2015,CA,Knife,Threat,Not Fleeing,0
2015,CA,Unarmed,Threat,Not Fleeing,1
2015,NV,Gun,Point,Not Fleeing,0
2015,WV,Gun,Point,Not Fleeing,0
2015,NC,Missing,Point,Vehicle,0
2015,CA,Knife,Attack,Not Fleeing,0
2015,OH,Knife,Threat,Not Fleeing,0
2015,CA,Gun,Point,Vehicle,0
2015,OH,Gun,Shoot,Vehicle,0
2015,TN,Missing,Attack,Vehicle,0
2015,NM,Replica,Point,Not Fleeing,0
2015,CA,Unclear Weapon Information,Attack,Not Fleeing,0
2015,CA,Gun,Attack,Not Fleeing,0
2015,TX,Gun,Point,Not Fleeing,0
2015,CA,Gun,Point,Not Fleeing,0
2015,GA,Gun,Point,Not Fleeing,0
2015,LA,Unarmed,Threat,Not Fleeing,0
2015,PA,Gun,Point,Not Fleeing,0
2015,FL,Gun,Point,Not Fleeing,0
2015,CO,Gun,Shoot,Not Fleeing,0
2015,CA,Gun,Point,Not Fleeing,0
2015,KY,Gun,Shoot,Not Fleeing,1
2015,VT,Gun,Shoot,Not Fleeing,1
2015,FL,Unclear Weapon Information,Unclear Threat,Vehicle,0
2015,NM,Gun,Unclear Threat,Foot,1
2015,MI,Unarmed,Threat,Not Fleeing,0
2015,LA,Missing,Threat,Vehicle,0
2015,LA,Gun,Point,Not Fleeing,0
2015,MI,Gun,Shoot,Not Fleeing,0
2015,CA,Knife,Threat,Not Fleeing,0
2015,NC,Gun,Threat,Not Fleeing,0
2015,CA,Knife,Attack,Not Fleeing,0
2015,AZ,Blunt Object,Threat,Not Fleeing,0
2015,IL,Unarmed,Accident,Missing,0
2015,IL,Blunt Object,Unclear Threat,Not Fleeing,0
2015,ID,Gun,Shoot,Not Fleeing,1
2015,MS,Unclear Weapon Information,Unclear Threat,Vehicle,0
2015,AZ,Knife,Threat,Not Fleeing,1
2015,LA,Unclear Weapon Information,Unclear Threat,Not Fleeing,0
2015,VA,Replica,Point,Not Fleeing,1
2015,CA,Knife,Threat,Not Fleeing,0
2015,CA,Unclear Weapon Information,Unclear Threat,Not Fleeing,0
2015,CA,Knife,Attack,Not Fleeing,1
2015,WY,Unclear Weapon Information,Unclear Threat,Missing,0
2015,NV,Unarmed,Move,Not Fleeing,1
2016,CA,Knife,Threat,Not Fleeing,1
2016,MT,Knife,Threat,Not Fleeing,0
2016,TX,Gun,Point,Vehicle,0
2016,SD,Gun,Point,Not Fleeing,0
2016,NC,Gun,Shoot,Not Fleeing,0
2016,LA,Unclear Weapon Information,Unclear Threat,Not Fleeing,0
2016,OK,Gun,Attack,Foot,1
2016,WA,Missing,Attack,Foot,0
2016,TN,Knife,Threat,Foot,0
2016,NC,Gun,Shoot,Not Fleeing,0
2016,CA,Gun,Threat,Not Fleeing,0
2016,CA,Other,Move,Foot,0
2016,PA,Knife,Move,Not Fleeing,0
2016,IL,Replica,Threat,Foot,0
2016,NM,Gun,Shoot,Not Fleeing,0
2016,KY,Gun,Point,Not Fleeing,0
2016,WI,Knife,Threat,Not Fleeing,0
2016,GA,Gun,Point,Not Fleeing,0
2016,WA,Other,Threat,Not Fleeing,0
2016,MD,Replica,Point,Not Fleeing,0
2016,CA,Missing,Attack,Vehicle,0
2016,OH,Replica,Point,Foot,0
2016,CO,Gun,Threat,Not Fleeing,0
2016,PA,Unarmed,Accident,Not Fleeing,0
2016,AK,Knife,Threat,Not Fleeing,0
2016,VA,Gun,Attack,Not Fleeing,0
2016,TN,Gun,Threat,Foot,1
2016,WA,Gun,Point,Not Fleeing,0
2016,IL,Gun,Point,Not Fleeing,0
2016,CA,Knife,Move,Not Fleeing,0
2016,WV,Gun,Point,Not Fleeing,0
2016,MI,Gun,Shoot,Not Fleeing,0
2016,CA,Replica,Threat,Foot,0
2016,TX,Gun,Shoot,Foot,0
2016,OR,Replica,Threat,Not Fleeing,0
2016,CA,Unarmed,Accident,Vehicle,0
2016,WV,Missing,Threat,Vehicle,0
2016,FL,Gun,Point,Foot,0
2016,MO,Gun,Point,Not Fleeing,0
2016,CA,Knife,Threat,Not Fleeing,0
2016,AL,Gun,Threat,Not Fleeing,0
2016,UT,Gun,Shoot,Foot,1
2016,AZ,Unarmed,Move,Not Fleeing,1
2016,AZ,Gun,Shoot,Not Fleeing,0
2016,FL,Replica,Threat,Not Fleeing,0
2016,OR,Knife,Threat,Foot,0
2016,AZ,Gun,Point,Not Fleeing,0
2016,CA,Blunt Object,Move,Not Fleeing,1
2016,TX,Gun,Shoot,Vehicle,0
2016,NC,Knife,Threat,Not Fleeing,0
2016,GA,Gun,Point,Not Fleeing,0
2016,LA,Gun,Point,Not Fleeing,0
2016,AL,Gun,Threat,Foot,1
2016,TX,Knife,Flee,Vehicle,0
2016,OK,Gun,Shoot,Vehicle,0
2016,AL,Replica,Threat,Not Fleeing,1
2016,NV,Knife,Threat,Not Fleeing,0
2016,OR,Gun,Move,Not Fleeing,0
2016,AR,Gun,Shoot,Not Fleeing,0
2016,TN,Gun,Shoot,Vehicle,1
2016,NM,Gun,Shoot,Not Fleeing,0
2016,SC,Knife,Threat,Not Fleeing,0
2016,TN,Replica,Threat,Not Fleeing,0
2016,MI,Vehicle,Threat,Vehicle,0
2016,TX,Gun,Shoot,Vehicle,0
2016,GA,Gun,Shoot,Vehicle,0
2016,WA,Vehicle,Threat,Not Fleeing,0
2016,NE,Gun,Point,Foot,0
2016,OR,Gun,Threat,Not Fleeing,0
2016,MA,Gun,Point,Vehicle,0
2016,TX,Gun,Threat,Not Fleeing,0
2016,AL,Vehicle,Point,Vehicle,0
2016,IL,Gun,Shoot,Not Fleeing,0
2016,CO,Knife,Move,Not Fleeing,0
2016,GA,Gun,Shoot,Not Fleeing,0
2016,MO,Gun,Shoot,Vehicle,0
2016,PA,Knife,Attack,Not Fleeing,0
2016,FL,Knife,Threat,Not Fleeing,0
2016,TX,Unarmed,Attack,Not Fleeing,0
2016,CA,Gun,Point,Not Fleeing,0
2016,CA,Gun,Point,Vehicle,0
2016,DC,Replica,Attack,Foot,0
2016,NM,Gun,Shoot,Vehicle,1
2016,CA,Knife,Threat,Not Fleeing,0
2016,OK,Gun,Shoot,Not Fleeing,0
2016,FL,Gun,Shoot,Not Fleeing,0
2016,SD,Unclear Weapon Information,Attack,Not Fleeing,1
2016,AZ,Knife,Threat,Not Fleeing,1
2016,TX,Unarmed,Move,Not Fleeing,0
2016,MO,Gun,Point,Foot,0
2016,OH,Replica,Point,Not Fleeing,0
2016,TX,Gun,Point,Not Fleeing,0
2016,HI,Missing,Threat,Vehicle,0
2016,FL,Gun,Threat,Vehicle,0
2016,NC,Gun,Shoot,Foot,0
2016,OR,Gun,Shoot,Not Fleeing,1
2016,CA,Gun,Point,Vehicle,1
2016,OH,Gun,Threat,Vehicle,0
2016,AR,Gun,Threat,Not Fleeing,0
2016,NJ,Knife,Threat,Not Fleeing,0
2016,PA,Gun,Point,Vehicle,0
2016,TX,Unarmed,Move,Not Fleeing,0
2016,LA,Missing,Threat,Vehicle,0
2016,CA,Unarmed,Unclear Threat,Not Fleeing,1
2016,HI,Gun,Shoot,Not Fleeing,0
2016,KY,Gun,Point,Not Fleeing,0
2016,MD,Gun,Shoot,Not Fleeing,0
2016,AK,Gun,Point,Not Fleeing,0
2016,MN,Knife,Attack,Not Fleeing,1
2016,TX,Gun,Shoot,Not Fleeing,0
2016,NC,Knife,Threat,Not Fleeing,0
2016,CA,Blunt Object,Threat,Not Fleeing,0
2016,OH,Knife,Attack,Vehicle,0
2016,GA,Gun,Shoot,Foot,0
2016,MA,Gun,Shoot,Not Fleeing,0
2016,TX,Gun,Threat,Not Fleeing,0
2016,NY,Gun,Threat,Not Fleeing,0
2016,LA,Gun,Shoot,Vehicle,1
2016,IA,Gun,Shoot,Not Fleeing,1
2016,TX,Unarmed,Move,Vehicle,0
2016,VA,Unarmed,Attack,Not Fleeing,0
2016,FL,Knife,Threat,Not Fleeing,0
2016,CA,Gun,Threat,Not Fleeing,0
2016,CA,Knife,Threat,Not Fleeing,0
2016,CA,Unclear Weapon Information,Unclear Threat,Not Fleeing,0
2016,NM,Gun,Shoot,Not Fleeing,0
2016,CT,Knife,Threat,Not Fleeing,0
2016,MO,Missing,Attack,Vehicle,0
2016,AR,Gun,Move,Foot,0
2016,OH,Replica,Threat,Vehicle,0
2016,GA,Unclear Weapon Information,Threat,Not Fleeing,0
2016,CA,Unclear Weapon Information,Unclear Threat,Not Fleeing,0
2016,CA,Unclear Weapon Information,Unclear Threat,Not Fleeing,0
2016,TX,Gun,Point,Not Fleeing,0
2016,UT,Knife,Attack,Not Fleeing,0
2016,TN,Gun,Shoot,Not Fleeing,0
2016,CA,Gun,Shoot,Vehicle,1
2016,NM,Gun,Point,Foot,0
2016,WA,Gun,Shoot,Vehicle,0
2016,MS,Gun,Shoot,Not Fleeing,0
2016,WA,Unclear Weapon Information,Threat,Not Fleeing,0
2016,AZ,Gun,Point,Foot,0
2016,CA,Gun,Threat,Not Fleeing,0
2016,CA,Unclear Weapon Information,Accident,Not Fleeing,0
2016,AK,Gun,Point,Not Fleeing,0
2016,CO,Gun,Shoot,Vehicle,0
2016,CA,Knife,Attack,Not Fleeing,0
2016,TX,Missing,Threat,Vehicle,0
2016,OH,Replica,Threat,Not Fleeing,0
2016,LA,Missing,Attack,Not Fleeing,0
2016,CA,Gun,Threat,Vehicle,0
2016,TX,Knife,Attack,Not Fleeing,0
2016,AZ,Gun,Shoot,Not Fleeing,0
2016,MO,Knife,Threat,Not Fleeing,0
2016,CO,Gun,Shoot,Not Fleeing,0
2016,AZ,Missing,Move,Vehicle,0
2016,CA,Missing,Attack,Not Fleeing,0
2016,WI,Unarmed,Accident,Vehicle,0
2016,CO,Gun,Shoot,Foot,1
2016,AL,Blunt Object,Unclear Threat,Not Fleeing,1
2016,KS,Gun,Shoot,Not Fleeing,0
2016,VA,Replica,Threat,Not Fleeing,0
2016,SD,Unarmed,Attack,Not Fleeing,0
2016,TX,Gun,Shoot,Vehicle,1
2016,AL,Gun,Point,Not Fleeing,0
2016,SD,Gun,Shoot,Not Fleeing,0
2016,NC,Gun,Attack,Foot,0
2016,FL,Gun,Point,Not Fleeing,0
2016,TX,Gun,Shoot,Not Fleeing,0
2016,MS,Gun,Shoot,Not Fleeing,0
2016,MD,Unarmed,Move,Not Fleeing,0
2016,PA,Knife,Move,Not Fleeing,0
2016,AZ,Knife,Move,Vehicle,0
2016,AR,Unclear Weapon Information,Unclear Threat,Missing,0
2016,KY,Unarmed,Unclear Threat,Not Fleeing,0
2016,NY,Gun,Point,Not Fleeing,0
2016,TX,Gun,Threat,Not Fleeing,0
2016,TX,Gun,Point,Not Fleeing,0
2016,ND,Unarmed,Flee,Foot,0
2016,CA,Gun,Shoot,Vehicle,0
2016,NY,Gun,Point,Not Fleeing,0
2016,CA,Knife,Threat,Not Fleeing,0
2016,KS,Unclear Weapon Information,Unclear Threat,Not Fleeing,0
2016,MT,Gun,Shoot,Not Fleeing,0
2016,NM,Missing,Threat,Vehicle,0
2016,FL,Replica,Point,Not Fleeing,0
2016,MS,Replica,Threat,Not Fleeing,0
2016,NV,Replica,Point,Foot,0
2016,CA,Gun,Threat,Foot,0
2016,TX,Gun,Point,Not Fleeing,0
2016,CO,Missing,Point,Vehicle,0
2016,VA,Gun,Shoot,Not Fleeing,1
2016,KS,Gun,Point,Not Fleeing,1
2016,IL,Knife,Threat,Not Fleeing,0
2016,CA,Gun,Point,Foot,0
2016,TX,Unarmed,Move,Foot,0
2016,TX,Other,Attack,Not Fleeing,0
2016,NC,Gun,Shoot,Not Fleeing,1
2016,CA,Missing,Point,Vehicle,0
2016,TX,Unarmed,Unclear Threat,Vehicle,0
2016,TN,Unarmed,Flee,Vehicle,1
2016,AL,Gun,Shoot,Vehicle,0
2016,PA,Gun,Shoot,Not Fleeing,0
2016,WA,Blunt Object,Attack,Not Fleeing,0
2016,MD,Gun,Accident,Not Fleeing,0
2016,IL,Gun,Shoot,Foot,0
2016,KY,Gun,Threat,Foot,0
2016,IN,Knife,Move,Vehicle,1
2016,TX,Gun,Threat,Vehicle,1
2016,CA,Unarmed,Move,Not Fleeing,0
2016,TX,Gun,Point,Not Fleeing,0
2016,NC,Gun,Shoot,Not Fleeing,0
2016,MN,Gun,Move,Not Fleeing,1
2016,FL,Gun,Shoot,Not Fleeing,0
2016,TX,Gun,Shoot,Missing,0
2016,TX,Gun,Shoot,Not Fleeing,0
2016,CA,Gun,Point,Not Fleeing,0
2016,ID,Gun,Threat,Not Fleeing,0
2016,VA,Replica,Point,Not Fleeing,0
2016,LA,Unclear Weapon Information,Unclear Threat,Vehicle,0
2016,IL,Gun,Shoot,Foot,0
2016,KY,Gun,Shoot,Vehicle,0
2016,VA,Knife,Threat,Not Fleeing,1
2016,PA,Gun,Shoot,Vehicle,0
2016,IN,Gun,Shoot,Foot,0
2016,FL,Replica,Threat,Not Fleeing,0
2016,VT,Knife,Threat,Not Fleeing,1
2016,CT,Replica,Point,Not Fleeing,0
2016,PA,Gun,Point,Vehicle,0
2016,FL,Blunt Object,Threat,Not Fleeing,0
2016,VA,Missing,Point,Vehicle,1
2016,CO,Gun,Shoot,Not Fleeing,0
2016,CA,Gun,Point,Foot,1
2016,TN,Gun,Point,Not Fleeing,0
2016,MA,Knife,Threat,Foot,0
2016,RI,Replica,Point,Foot,0
2016,CA,Gun,Shoot,Not Fleeing,0
2016,CO,Multiple Weapons,Move,Not Fleeing,1
2016,NM,Gun,Shoot,Not Fleeing,1
2016,MO,Gun,Point,Not Fleeing,0
2016,MA,Knife,Threat,Not Fleeing,0
2016,VA,Gun,Threat,Not Fleeing,0
2016,SC,Gun,Point,Not Fleeing,1
2016,FL,Gun,Shoot,Not Fleeing,0
2016,MO,Knife,Threat,Not Fleeing,0
2016,AZ,Knife,Move,Not Fleeing,1
2016,NM,Gun,Point,Not Fleeing,1
2016,NC,Gun,Move,Not Fleeing,0
2016,TX,Gun,Point,Not Fleeing,0
2016,CA,Blunt Object,Attack,Not Fleeing,1
2016,SC,Gun,Point,Not Fleeing,0
2016,MN,Gun,Shoot,Not Fleeing,0
2016,CA,Gun,Point,Foot,0
2016,AZ,Gun,Unclear Threat,Not Fleeing,0
2016,GA,Gun,Point,Not Fleeing,0
2016,MD,Gun,Point,Not Fleeing,0
2016,MD,Gun,Point,Not Fleeing,0
2016,VA,Gun,Shoot,Not Fleeing,0
2016,NV,Gun,Shoot,Foot,1
2016,TX,Blunt Object,Threat,Not Fleeing,0
2016,TX,Gun,Attack,Not Fleeing,0
2016,IN,Gun,Point,Not Fleeing,0
2016,AL,Unclear Weapon Information,Threat,Not Fleeing,1
2016,TX,Gun,Shoot,Foot,0
2016,WI,Other,Attack,Not Fleeing,0
2016,LA,Unarmed,Unclear Threat,Missing,0
2016,MN,Knife,Attack,Not Fleeing,0
2016,MA,Knife,Threat,Not Fleeing,0
2016,IN,Unarmed,Attack,Not Fleeing,1
2016,OH,Blunt Object,Threat,Not Fleeing,0
2016,TN,Blunt Object,Attack,Not Fleeing,1
2016,CA,Knife,Attack,Not Fleeing,0
2016,CA,Knife,Threat,Not Fleeing,0
2016,NE,Missing,Attack,Not Fleeing,0
2016,CA,Knife,Threat,Foot,0
2016,WI,Knife,Threat,Not Fleeing,0
2016,MI,Knife,Move,Not Fleeing,1
2016,NJ,Gun,Shoot,Foot,0
2016,PA,Gun,Shoot,Foot,0
2016,CA,Gun,Threat,Vehicle,0
2016,NY,Knife,Attack,Not Fleeing,0
2016,CA,Knife,Attack,Not Fleeing,0
2016,NV,Gun,Shoot,Not Fleeing,0
2016,IL,Gun,Point,Foot,0
2016,CO,Unarmed,Threat,Vehicle,0
2016,IL,Gun,Shoot,Vehicle,0
2016,FL,Missing,Threat,Vehicle,1
2016,CA,Unclear Weapon Information,Attack,Not Fleeing,0
2016,TX,Gun,Point,Not Fleeing,0
2016,TN,Gun,Shoot,Vehicle,0
2016,KS,Unarmed,Attack,Not Fleeing,0
2016,CA,Blunt Object,Threat,Not Fleeing,0
2016,OK,Gun,Point,Not Fleeing,0
2016,IN,Unclear Weapon Information,Attack,Foot,1
2016,IL,Gun,Point,Not Fleeing,0
2016,OH,Gun,Threat,Vehicle,0
2016,TX,Unarmed,Threat,Not Fleeing,0
2016,NJ,Gun,Point,Foot,0
2016,NY,Gun,Point,Foot,0
2016,NY,Missing,Attack,Vehicle,0
2016,MD,Gun,Shoot,Not Fleeing,0
2016,GA,Gun,Shoot,Not Fleeing,0
2016,NC,Gun,Point,Not Fleeing,0
2016,MO,Gun,Point,Vehicle,0
2016,AL,Gun,Shoot,Vehicle,0
2016,FL,Gun,Point,Not Fleeing,0
2016,AR,Unclear Weapon Information,Threat,Not Fleeing,0
2016,MA,Knife,Threat,Not Fleeing,0
2016,TX,Knife,Attack,Not Fleeing,0
2016,NY,Knife,Attack,Not Fleeing,0
2016,FL,Missing,Attack,Vehicle,0
2016,AZ,Gun,Shoot,Not Fleeing,0
2016,WI,Gun,Shoot,Not Fleeing,0
2016,VA,Gun,Shoot,Not Fleeing,0
2016,AR,Missing,Move,Vehicle,1
2016,NC,Gun,Shoot,Not Fleeing,0
2016,CO,Gun,Shoot,Foot,0
2016,VA,Gun,Shoot,Not Fleeing,1
2016,NM,Gun,Point,Vehicle,0
2016,TX,Gun,Threat,Vehicle,0
2016,GA,Knife,Threat,Not Fleeing,0
2016,CO,Gun,Shoot,Not Fleeing,0
2016,UT,Gun,Attack,Not Fleeing,0
2016,FL,Knife,Attack,Not Fleeing,0
2016,ID,Gun,Point,Not Fleeing,1
2016,WA,Knife,Threat,Not Fleeing,1
2016,TX,Missing,Move,Vehicle,0
2016,MO,Missing,Attack,Vehicle,0
2016,WI,Knife,Threat,Not Fleeing,0
2016,UT,Knife,Threat,Foot,0
2016,AZ,Missing,Attack,Vehicle,0
2016,CA,Knife,Threat,Not Fleeing,1
2016,FL,Replica,Point,Not Fleeing,0
2016,TN,Gun,Threat,Not Fleeing,0
2016,SC,Gun,Point,Not Fleeing,0
2016,CA,Knife,Threat,Not Fleeing,0
2016,PA,Missing,Threat,Not Fleeing,0
2016,WA,Gun,Point,Vehicle,0
2016,CA,Knife,Threat,Not Fleeing,0
2016,MO,Unclear Weapon Information,Attack,Not Fleeing,0
2016,LA,Missing,Attack,Vehicle,0
2016,WI,Gun,Shoot,Foot,1
2016,FL,Gun,Point,Not Fleeing,0
2016,WV,Gun,Threat,Not Fleeing,0
2016,WA,Gun,Threat,Not Fleeing,0
2016,FL,Gun,Point,Vehicle,0
2016,ME,Knife,Threat,Not Fleeing,0
2016,CA,Replica,Threat,Not Fleeing,0
2016,MN,Gun,Shoot,Not Fleeing,0
2016,MS,Unarmed,Attack,Not Fleeing,0
2016,IL,Gun,Threat,Foot,0
2016,FL,Gun,Shoot,Not Fleeing,0
2016,TX,Gun,Point,Vehicle,0
2016,TX,Replica,Threat,Not Fleeing,0
2016,MA,Knife,Attack,Not Fleeing,0
2016,CO,Gun,Point,Vehicle,0
2016,CA,Missing,Move,Vehicle,1
2016,CO,Gun,Point,Vehicle,0
2016,OK,Gun,Point,Vehicle,0
2016,CA,Gun,Shoot,Not Fleeing,1
2016,FL,Knife,Threat,Not Fleeing,0
2016,AZ,Gun,Shoot,Not Fleeing,1
2016,FL,Gun,Point,Not Fleeing,0
2016,GA,Gun,Threat,Not Fleeing,0
2016,IL,Gun,Shoot,Foot,0
2016,GA,Gun,Point,Foot,0
2016,CA,Blunt Object,Threat,Not Fleeing,0
2016,NY,Knife,Threat,Not Fleeing,0
2016,MO,Gun,Point,Vehicle,0
2016,AZ,Gun,Shoot,Not Fleeing,0
2016,NV,Unarmed,Attack,Not Fleeing,0
2016,CA,Unarmed,Flee,Vehicle,0
2016,CA,Knife,Threat,Not Fleeing,1
2016,KY,Gun,Point,Not Fleeing,0
2016,FL,Gun,Threat,Not Fleeing,0
2016,NE,Knife,Threat,Foot,1
2016,SC,Gun,Point,Not Fleeing,0
2016,OR,Unarmed,Attack,Not Fleeing,0
2016,AZ,Gun,Point,Not Fleeing,1
2016,FL,Unarmed,Flee,Vehicle,1
2016,MA,Gun,Shoot,Not Fleeing,0
2016,FL,Unarmed,Move,Vehicle,0
2016,CO,Gun,Point,Not Fleeing,0
2016,AZ,Gun,Point,Foot,1
2016,OR,Knife,Threat,Not Fleeing,0
2016,MO,Other,Move,Vehicle,0
2016,NM,Gun,Shoot,Not Fleeing,0
2016,OK,Knife,Threat,Not Fleeing,0
2016,FL,Missing,Threat,Vehicle,0
2016,MN,Gun,Shoot,Not Fleeing,0
2016,IL,Gun,Shoot,Foot,0
2016,TX,Gun,Threat,Not Fleeing,0
2016,IL,Unclear Weapon Information,Unclear Threat,Foot,0
2016,CA,Gun,Shoot,Vehicle,0
2016,FL,Knife,Threat,Not Fleeing,0
2016,NM,Gun,Shoot,Vehicle,0
2016,IN,Gun,Point,Not Fleeing,0
2016,AL,Gun,Point,Not Fleeing,0
2016,NM,Gun,Point,Not Fleeing,1
2016,TX,Gun,Shoot,Not Fleeing,0
2016,FL,Knife,Threat,Not Fleeing,0
2016,NC,Gun,Point,Not Fleeing,1
2016,NC,Unarmed,Threat,Vehicle,0
2016,OR,Gun,Point,Not Fleeing,0
2016,AZ,Gun,Point,Not Fleeing,0
2016,OR,Knife,Threat,Not Fleeing,0
2016,AZ,Gun,Shoot,Not Fleeing,0
2016,GA,Gun,Shoot,Foot,1
2016,KY,Gun,Shoot,Foot,0
2016,VA,Knife,Threat,Not Fleeing,1
2016,NC,Gun,Threat,Not Fleeing,1
2016,AK,Knife,Threat,Not Fleeing,0
2016,AZ,Knife,Threat,Not Fleeing,0
2016,CA,Unclear Weapon Information,Attack,Not Fleeing,0
2016,AL,Gun,Shoot,Vehicle,1
2016,IN,Knife,Threat,Not Fleeing,1
2016,FL,Gun,Threat,Vehicle,0
2016,OH,Gun,Shoot,Not Fleeing,0
2016,HI,Knife,Threat,Not Fleeing,0
2016,OK,Unarmed,Move,Vehicle,1
2016,CA,Vehicle,Threat,Not Fleeing,0
2016,VA,Gun,Threat,Not Fleeing,0
2016,GA,Gun,Point,Not Fleeing,0
2016,MO,Gun,Point,Not Fleeing,0
2016,AL,Gun,Shoot,Vehicle,0
2016,PA,Gun,Shoot,Missing,0
2016,TX,Gun,Threat,Foot,0
2016,MI,Gun,Point,Not Fleeing,1
2016,AZ,Blunt Object,Attack,Not Fleeing,0
2016,NC,Blunt Object,Threat,Not Fleeing,0
2016,CO,Gun,Point,Foot,0
2016,WA,Gun,Point,Not Fleeing,1
2016,CA,Gun,Shoot,Not Fleeing,0
2016,MS,Gun,Shoot,Vehicle,0
2016,CA,Knife,Threat,Not Fleeing,0
2016,FL,Gun,Shoot,Not Fleeing,1
2016,UT,Knife,Threat,Not Fleeing,0
2016,KY,Gun,Shoot,Vehicle,0
2016,NY,Gun,Point,Not Fleeing,0
2016,AL,Gun,Threat,Not Fleeing,0
2016,RI,Gun,Shoot,Vehicle,0
2016,WA,Unclear Weapon Information,Move,Vehicle,0
2016,ID,Missing,Threat,Vehicle,1
2016,MO,Gun,Point,Not Fleeing,0
2016,TX,Gun,Shoot,Not Fleeing,0
2016,CA,Unclear Weapon Information,Attack,Not Fleeing,0
2016,OK,Missing,Attack,Vehicle,0
2016,WI,Gun,Point,Vehicle,0
2016,MT,Gun,Shoot,Not Fleeing,1
2016,CO,Missing,Attack,Vehicle,0
2016,OH,Gun,Threat,Not Fleeing,0
2016,NM,Gun,Shoot,Vehicle,0
2016,AL,Replica,Attack,Not Fleeing,1
2016,CA,Missing,Threat,Vehicle,0
2016,MS,Unarmed,Attack,Foot,0
2016,NY,Gun,Point,Not Fleeing,0
2016,FL,Gun,Threat,Not Fleeing,0
2016,SC,Gun,Shoot,Not Fleeing,0
2016,AZ,Knife,Threat,Not Fleeing,1
2016,NH,Replica,Point,Vehicle,0
2016,WY,Gun,Shoot,Not Fleeing,0
2016,NC,Other,Attack,Not Fleeing,0
2016,CO,Gun,Shoot,Not Fleeing,0
2016,AL,Missing,Attack,Vehicle,0
2016,FL,Knife,Threat,Not Fleeing,0
2016,MS,Gun,Shoot,Foot,0
2016,GA,Unarmed,Unclear Threat,Vehicle,1
2016,TX,Gun,Point,Not Fleeing,1
2016,WI,Gun,Threat,Not Fleeing,1
2016,IL,Gun,Shoot,Foot,0
2016,NM,Gun,Unclear Threat,Not Fleeing,0
2016,NJ,Gun,Shoot,Not Fleeing,0
2016,AR,Gun,Point,Not Fleeing,0
2016,TX,Gun,Shoot,Not Fleeing,0
2016,OK,Gun,Threat,Vehicle,0
2016,FL,Gun,Shoot,Not Fleeing,0
2016,CA,Unarmed,Move,Vehicle,1
2016,FL,Gun,Shoot,Not Fleeing,0
2016,GA,Unarmed,Attack,Vehicle,0
2016,MI,Blunt Object,Attack,Not Fleeing,0
2016,CT,Knife,Threat,Not Fleeing,0
2016,NE,Gun,Shoot,Foot,0
2016,IL,Gun,Point,Not Fleeing,0
2016,IA,Replica,Point,Not Fleeing,0
2016,DC,Replica,Point,Not Fleeing,1
2016,GA,Gun,Point,Not Fleeing,0
2016,NM,Gun,Point,Not Fleeing,0
2016,DE,Replica,Threat,Vehicle,0
2016,CA,Knife,Threat,Foot,0
2016,HI,Knife,Attack,Not Fleeing,0
2016,KY,Unarmed,Attack,Not Fleeing,0
2016,LA,Gun,Point,Not Fleeing,0
2016,IA,Gun,Shoot,Foot,0
2016,WI,Other,Threat,Not Fleeing,0
2016,OH,Gun,Move,Missing,0
2016,CO,Gun,Shoot,Not Fleeing,0
2016,WY,Unclear Weapon Information,Unclear Threat,Not Fleeing,0
2016,SC,Gun,Point,Not Fleeing,1
2016,GA,Gun,Point,Not Fleeing,0
2016,WI,Knife,Threat,Not Fleeing,0
2016,NC,Gun,Threat,Vehicle,0
2016,TN,Gun,Point,Not Fleeing,0
2016,LA,Knife,Threat,Not Fleeing,0
2016,NV,Missing,Threat,Vehicle,0
2016,CA,Missing,Threat,Vehicle,0
2016,SC,Gun,Shoot,Not Fleeing,1
2016,CA,Gun,Threat,Not Fleeing,0
2016,DC,Gun,Shoot,Not Fleeing,0
2016,TX,Knife,Threat,Not Fleeing,1
2016,LA,Unclear Weapon Information,Unclear Threat,Not Fleeing,1
2016,OR,Knife,Threat,Missing,0
2016,CA,Unclear Weapon Information,Move,Vehicle,0
2016,AZ,Knife,Threat,Not Fleeing,0
2016,MN,Gun,Move,Not Fleeing,1
2016,OK,Gun,Threat,Not Fleeing,1
2016,CA,Knife,Threat,Not Fleeing,0
2016,CA,Missing,Threat,Vehicle,0
2016,AL,Gun,Shoot,Not Fleeing,1
2016,AZ,Knife,Threat,Not Fleeing,0
2016,OK,Gun,Shoot,Vehicle,0
2016,TX,Gun,Threat,Not Fleeing,1
2016,CA,Knife,Threat,Not Fleeing,1
2016,IL,Gun,Shoot,Not Fleeing,0
2016,MI,Gun,Point,Not Fleeing,0
2016,NY,Gun,Point,Foot,0
2016,MI,Gun,Shoot,Not Fleeing,0
2016,AK,Knife,Attack,Not Fleeing,0
2016,AZ,Gun,Unclear Threat,Foot,1
2016,NY,Replica,Threat,Not Fleeing,0
2016,MD,Gun,Shoot,Not Fleeing,0
2016,NC,Gun,Point,Not Fleeing,0
2016,FL,Gun,Point,Not Fleeing,0
2016,CA,Gun,Attack,Vehicle,0
2016,NJ,Gun,Threat,Foot,0
2016,WI,Gun,Threat,Not Fleeing,0
2016,OK,Knife,Attack,Not Fleeing,0
2016,NY,Gun,Shoot,Not Fleeing,0
2016,LA,Gun,Shoot,Not Fleeing,0
2016,OK,Blunt Object,Threat,Not Fleeing,0
2016,CA,Knife,Threat,Not Fleeing,0
2016,IL,Gun,Shoot,Not Fleeing,0
2016,HI,Gun,Point,Not Fleeing,0
2016,WV,Gun,Shoot,Missing,0
2016,WI,Knife,Attack,Not Fleeing,1
2016,CA,Gun,Point,Foot,0
2016,TX,Gun,Shoot,Not Fleeing,0
2016,CA,Multiple Weapons,Point,Not Fleeing,0
2016,NM,Knife,Threat,Not Fleeing,0
2016,IN,Gun,Shoot,Vehicle,0
2016,CA,Gun,Shoot,Foot,0
2016,WI,Gun,Shoot,Vehicle,0
2016,NM,Gun,Threat,Missing,0
2016,LA,Gun,Point,Foot,0
2016,AZ,Unarmed,Attack,Foot,0
2016,AZ,Knife,Threat,Foot,1
2016,CA,Knife,Threat,Not Fleeing,0
2016,MT,Knife,Attack,Not Fleeing,0
2016,TN,Knife,Threat,Foot,1
2016,NV,Gun,Threat,Not Fleeing,0
2016,CA,Unclear Weapon Information,Threat,Vehicle,0
2016,IL,Unarmed,Threat,Vehicle,1
2016,AZ,Gun,Shoot,Vehicle,0
2016,CA,Unarmed,Attack,Vehicle,0
2016,CA,Gun,Threat,Vehicle,1
2016,AL,Gun,Point,Not Fleeing,0
2016,NC,Gun,Point,Not Fleeing,0
2016,KY,Blunt Object,Attack,Foot,0
2016,WA,Other,Threat,Not Fleeing,0
2016,NJ,Knife,Threat,Not Fleeing,1
2016,MD,Gun,Point,Not Fleeing,0
2016,SC,Missing,Attack,Vehicle,0
2016,VA,Gun,Shoot,Not Fleeing,0
2016,CA,Unclear Weapon Information,Attack,Not Fleeing,0
2016,SC,Gun,Shoot,Vehicle,0
2016,MN,Knife,Threat,Not Fleeing,0
2016,FL,Gun,Shoot,Not Fleeing,0
2016,ID,Gun,Point,Vehicle,0
2016,CA,Unarmed,Flee,Foot,0
2016,UT,Gun,Shoot,Foot,0
2016,MI,Knife,Attack,Not Fleeing,0
2016,VA,Gun,Threat,Vehicle,0
2016,VA,Knife,Threat,Not Fleeing,0
2016,GA,Gun,Shoot,Not Fleeing,0
2016,CA,Other,Attack,Not Fleeing,0
2016,WI,Gun,Shoot,Not Fleeing,0
2016,OH,Knife,Attack,Not Fleeing,0
2016,PA,Knife,Threat,Not Fleeing,0
2016,KY,Knife,Threat,Not Fleeing,1
2016,CA,Replica,Point,Not Fleeing,0
2016,NC,Gun,Shoot,Not Fleeing,0
2016,KY,Gun,Point,Vehicle,0
2016,SC,Gun,Point,Not Fleeing,0
2016,OH,Gun,Threat,Not Fleeing,0
2016,CA,Gun,Shoot,Foot,1
2016,SC,Unclear Weapon Information,Threat,Not Fleeing,0
2016,WA,Gun,Shoot,Not Fleeing,0
2016,CA,Knife,Threat,Vehicle,0
2016,LA,Gun,Point,Not Fleeing,0
2016,AZ,Unclear Weapon Information,Threat,Vehicle,0
2016,OK,Blunt Object,Threat,Not Fleeing,1
2016,WI,Gun,Threat,Foot,1
2016,AZ,Knife,Attack,Not Fleeing,0
2016,CO,Gun,Threat,Not Fleeing,0
2016,CA,Missing,Threat,Vehicle,0
2016,VA,Blunt Object,Threat,Not Fleeing,0
2016,TN,Gun,Shoot,Vehicle,0
2016,OH,Gun,Threat,Vehicle,0
2016,NC,Gun,Shoot,Foot,1
2016,AZ,Replica,Threat,Not Fleeing,0
2016,CA,Gun,Threat,Foot,1
2016,AZ,Unarmed,Attack,Not Fleeing,0
2016,CA,Gun,Threat,Foot,0
2016,WV,Gun,Threat,Not Fleeing,0
2016,WA,Blunt Object,Attack,Not Fleeing,0
2016,CA,Gun,Shoot,Vehicle,0
2016,NC,Unarmed,Move,Vehicle,1
2016,CA,Knife,Threat,Not Fleeing,0
2016,KS,Unclear Weapon Information,Flee,Vehicle,0
2016,CA,Gun,Point,Vehicle,0
2016,NM,Gun,Threat,Not Fleeing,0
2016,CA,Gun,Shoot,Not Fleeing,0
2016,CA,Gun,Threat,Not Fleeing,0
2016,AZ,Gun,Attack,Not Fleeing,0
2016,WI,Replica,Point,Not Fleeing,1
2016,NV,Gun,Shoot,Vehicle,0
2016,TN,Knife,Threat,Not Fleeing,0
2016,CA,Knife,Threat,Not Fleeing,1
2016,NM,Knife,Threat,Not Fleeing,1
2016,OH,Knife,Attack,Not Fleeing,0
2016,TX,Vehicle,Attack,Vehicle,0
2016,TX,Gun,Point,Foot,0
2016,FL,Gun,Threat,Not Fleeing,0
2016,TN,Gun,Point,Not Fleeing,0
2016,CO,Knife,Threat,Not Fleeing,1
2016,CA,Gun,Point,Foot,0
2016,CA,Unclear Weapon Information,Accident,Not Fleeing,0
2016,NV,Gun,Shoot,Foot,0
2016,AZ,Replica,Point,Not Fleeing,0
2016,CO,Knife,Threat,Not Fleeing,0
2016,WV,Gun,Point,Not Fleeing,1
2016,MN,Gun,Shoot,Not Fleeing,0
2016,NC,Gun,Shoot,Foot,0
2016,CA,Knife,Attack,Not Fleeing,0
2016,AZ,Gun,Point,Not Fleeing,0
2016,AK,Gun,Attack,Foot,1
2016,WA,Other,Attack,Not Fleeing,0
2016,FL,Unarmed,Move,Not Fleeing,0
2016,TX,Unarmed,Threat,Vehicle,0
2016,TX,Knife,Threat,Not Fleeing,0
2016,CO,Gun,Attack,Foot,0
2016,MO,Missing,Threat,Vehicle,0
2016,OH,Missing,Threat,Not Fleeing,0
2016,KS,Gun,Threat,Vehicle,1
2016,CA,Gun,Threat,Foot,0
2016,CA,Blunt Object,Threat,Not Fleeing,0
2016,NM,Gun,Shoot,Foot,1
2016,CO,Gun,Shoot,Vehicle,1
2016,IL,Knife,Threat,Not Fleeing,0
2016,MO,Gun,Shoot,Vehicle,0
2016,NJ,Gun,Threat,Foot,0
2016,WA,Unclear Weapon Information,Unclear Threat,Not Fleeing,0
2016,IL,Gun,Shoot,Vehicle,0
2016,TX,Gun,Point,Vehicle,0
2016,CA,Knife,Threat,Not Fleeing,0
2016,CO,Knife,Threat,Not Fleeing,0
2016,TX,Gun,Attack,Vehicle,0
2016,TX,Gun,Threat,Not Fleeing,0
2016,NE,Vehicle,Threat,Vehicle,0
2016,WV,Gun,Shoot,Vehicle,0
2016,AZ,Gun,Point,Vehicle,0
2016,TN,Gun,Threat,Not Fleeing,1
2016,AZ,Knife,Attack,Not Fleeing,0
2016,GA,Knife,Attack,Not Fleeing,0
2016,FL,Unclear Weapon Information,Threat,Not Fleeing,0
2016,MI,Gun,Point,Not Fleeing,0
2016,FL,Gun,Shoot,Not Fleeing,0
2016,CA,Replica,Shoot,Not Fleeing,0
2016,TN,Gun,Shoot,Not Fleeing,0
2016,WA,Unclear Weapon Information,Threat,Not Fleeing,0
2016,FL,Knife,Threat,Not Fleeing,0
2016,WV,Replica,Threat,Not Fleeing,1
2016,CO,Gun,Shoot,Not Fleeing,1
2016,DC,Vehicle,Attack,Vehicle,0
2016,CA,Gun,Threat,Not Fleeing,0
2016,IA,Knife,Attack,Not Fleeing,0
2016,CA,Unarmed,Accident,Vehicle,0
2016,OH,Replica,Threat,Foot,0
2016,AZ,Gun,Threat,Vehicle,0
2016,TX,Gun,Shoot,Foot,0
2016,FL,Gun,Threat,Not Fleeing,0
2016,MO,Gun,Shoot,Not Fleeing,0
2016,OK,Unarmed,Move,Not Fleeing,0
2016,VT,Unarmed,Move,Foot,1
2016,KY,Knife,Attack,Not Fleeing,0
2016,CA,Knife,Threat,Not Fleeing,0
2016,PA,Gun,Shoot,Foot,0
2016,AL,Replica,Point,Vehicle,1
2016,NC,Gun,Shoot,Not Fleeing,0
2016,MN,Knife,Attack,Not Fleeing,0
2016,OH,Gun,Threat,Not Fleeing,0
2016,TX,Gun,Point,Not Fleeing,1
2016,UT,Unclear Weapon Information,Threat,Not Fleeing,0
2016,TX,Gun,Point,Not Fleeing,0
2016,TN,Gun,Move,Vehicle,1
2016,FL,Gun,Shoot,Not Fleeing,0
2016,NC,Gun,Threat,Not Fleeing,1
2016,TN,Gun,Point,Not Fleeing,0
2016,CO,Gun,Threat,Foot,0
2016,NE,Unarmed,Move,Not Fleeing,0
2016,AK,Gun,Shoot,Not Fleeing,0
2016,CA,Unarmed,Point,Foot,0
2016,MD,Missing,Threat,Not Fleeing,1
2016,TX,Gun,Threat,Foot,0
2016,NH,Gun,Move,Not Fleeing,0
2016,ID,Gun,Point,Vehicle,0
2016,AR,Gun,Threat,Not Fleeing,0
2016,TX,Gun,Shoot,Not Fleeing,1
2016,MN,Gun,Threat,Not Fleeing,1
2016,CA,Unarmed,Point,Not Fleeing,1
2016,AZ,Missing,Threat,Vehicle,0
2016,PA,Unarmed,Attack,Not Fleeing,0
2016,GA,Knife,Attack,Not Fleeing,1
2016,AZ,Gun,Shoot,Not Fleeing,1
2016,TX,Missing,Unclear Threat,Not Fleeing,0
2016,NJ,Unclear Weapon Information,Unclear Threat,Not Fleeing,0
2016,SC,Gun,Attack,Foot,0
2016,MI,Gun,Point,Vehicle,0
2016,NJ,Unclear Weapon Information,Unclear Threat,Not Fleeing,0
2016,OH,Gun,Flee,Foot,0
2016,WV,Gun,Point,Foot,0
2016,CA,Gun,Threat,Foot,1
2016,CA,Replica,Point,Not Fleeing,1
2016,IL,Unclear Weapon Information,Threat,Not Fleeing,0
2016,MA,Gun,Point,Not Fleeing,0
2016,NJ,Gun,Threat,Not Fleeing,0
2016,FL,Blunt Object,Attack,Foot,0
2016,AR,Gun,Shoot,Not Fleeing,0
2016,MI,Gun,Threat,Not Fleeing,0
2016,CO,Knife,Threat,Not Fleeing,0
2016,SC,Gun,Shoot,Vehicle,0
2016,GA,Other,Threat,Not Fleeing,0
2016,IN,Knife,Threat,Not Fleeing,0
2016,AL,Gun,Shoot,Not Fleeing,0
2016,LA,Gun,Shoot,Not Fleeing,0
2016,AR,Replica,Threat,Not Fleeing,0
2016,WA,Knife,Threat,Not Fleeing,0
2016,OK,Missing,Threat,Not Fleeing,0
2016,CA,Knife,Attack,Not Fleeing,0
2016,IN,Knife,Threat,Not Fleeing,0
2016,NY,Gun,Shoot,Not Fleeing,0
2016,AZ,Gun,Threat,Vehicle,0
2016,NC,Gun,Threat,Not Fleeing,0
2016,CA,Unarmed,Move,Not Fleeing,0
2016,TX,Gun,Threat,Missing,0
2016,OH,Missing,Flee,Vehicle,0
2016,WA,Knife,Threat,Not Fleeing,0
2016,CA,Knife,Threat,Not Fleeing,0
2016,LA,Gun,Point,Not Fleeing,0
2016,MA,Gun,Shoot,Not Fleeing,0
2016,KY,Gun,Point,Not Fleeing,0
2016,NV,Gun,Threat,Vehicle,1
2016,OR,Knife,Threat,Missing,0
2016,WA,Gun,Threat,Not Fleeing,0
2016,TX,Blunt Object,Attack,Not Fleeing,0
2016,TX,Gun,Shoot,Not Fleeing,0
2016,CA,Gun,Shoot,Not Fleeing,0
2016,AL,Gun,Point,Not Fleeing,0
2016,TX,Replica,Point,Not Fleeing,0
2016,CA,Other,Attack,Not Fleeing,0
2016,FL,Knife,Threat,Not Fleeing,0
2016,AR,Gun,Point,Foot,0
2016,FL,Knife,Threat,Not Fleeing,0
2016,MI,Gun,Shoot,Not Fleeing,1
2016,NY,Blunt Object,Attack,Not Fleeing,0
2016,OK,Gun,Attack,Not Fleeing,0
2016,KY,Gun,Shoot,Not Fleeing,0
2016,OH,Missing,Threat,Vehicle,0
2016,TX,Replica,Threat,Not Fleeing,0
2016,NV,Vehicle,Attack,Vehicle,0
2016,FL,Gun,Point,Not Fleeing,0
2016,OK,Knife,Threat,Missing,0
2016,WA,Gun,Threat,Not Fleeing,0
2016,AL,Unclear Weapon Information,Threat,Not Fleeing,0
2016,CA,Vehicle,Attack,Vehicle,0
2016,MN,Replica,Point,Not Fleeing,0
2016,KY,Gun,Shoot,Not Fleeing,0
2016,CO,Gun,Shoot,Not Fleeing,0
2016,MO,Gun,Point,Vehicle,0
2016,AR,Replica,Threat,Not Fleeing,0
2016,MD,Replica,Point,Not Fleeing,0
2016,MD,Replica,Point,Not Fleeing,0
2016,CA,Knife,Threat,Not Fleeing,0
2016,TX,Gun,Threat,Not Fleeing,0
2016,OK,Unarmed,Attack,Not Fleeing,0
2016,MT,Gun,Threat,Not Fleeing,0
2016,TX,Multiple Weapons,Threat,Not Fleeing,0
2016,GA,Unclear Weapon Information,Attack,Foot,0
2016,MN,Gun,Point,Vehicle,0
2016,CA,Gun,Point,Not Fleeing,0
2016,OH,Knife,Attack,Not Fleeing,0
2016,MA,Knife,Threat,Not Fleeing,0
2016,AZ,Missing,Threat,Vehicle,0
2016,TX,Gun,Point,Not Fleeing,0
2016,OK,Gun,Shoot,Vehicle,0
2016,CA,Vehicle,Attack,Vehicle,0
2016,CA,Knife,Attack,Not Fleeing,0
2016,OH,Gun,Shoot,Vehicle,0
2016,NV,Gun,Move,Not Fleeing,0
2016,LA,Gun,Point,Not Fleeing,1
2016,UT,Gun,Threat,Vehicle,0
2016,NC,Gun,Shoot,Not Fleeing,0
2016,PA,Knife,Attack,Not Fleeing,0
2016,GA,Gun,Point,Not Fleeing,0
2016,CA,Unarmed,Threat,Not Fleeing,0
2016,NY,Gun,Shoot,Vehicle,0
2016,FL,Knife,Threat,Not Fleeing,0
2016,OK,Missing,Threat,Vehicle,0
2016,WV,Gun,Point,Not Fleeing,0
2016,WA,Gun,Threat,Missing,0
2016,TX,Gun,Threat,Vehicle,1
2016,CA,Unarmed,Attack,Not Fleeing,0
2016,SC,Gun,Point,Not Fleeing,0
2016,KY,Missing,Threat,Vehicle,0
2016,NJ,Blunt Object,Threat,Foot,0
2016,AL,Missing,Move,Vehicle,0
2016,WV,Blunt Object,Threat,Not Fleeing,0
2016,PA,Gun,Point,Vehicle,0
2016,KS,Unarmed,Attack,Vehicle,0
2016,CO,Gun,Shoot,Vehicle,0
2016,OH,Missing,Attack,Vehicle,0
2016,CA,Gun,Shoot,Not Fleeing,0
2016,AZ,Gun,Shoot,Not Fleeing,0
2016,TX,Gun,Unclear Threat,Missing,0
2016,FL,Gun,Point,Not Fleeing,0
2016,GA,Unarmed,Attack,Foot,0
2016,CO,Missing,Attack,Vehicle,0
2016,ID,Gun,Shoot,Vehicle,0
2016,CO,Gun,Shoot,Not Fleeing,0
2016,AK,Gun,Shoot,Not Fleeing,0
2016,AZ,Gun,Shoot,Vehicle,0
2016,CA,Gun,Shoot,Not Fleeing,1
2016,OK,Gun,Shoot,Not Fleeing,0
2016,PA,Blunt Object,Attack,Not Fleeing,0
2016,CA,Knife,Threat,Not Fleeing,0
2016,PA,Missing,Move,Vehicle,0
2016,TX,Gun,Point,Not Fleeing,0
2016,CA,Knife,Threat,Not Fleeing,0
2016,CA,Gun,Threat,Not Fleeing,0
2016,FL,Gun,Threat,Not Fleeing,0
2016,FL,Knife,Threat,Not Fleeing,0
2016,GA,Gun,Shoot,Not Fleeing,0
2016,AZ,Knife,Threat,Not Fleeing,0
2016,IL,Gun,Shoot,Not Fleeing,0
2016,CA,Unarmed,Attack,Foot,1
2016,CA,Knife,Threat,Foot,1
2016,OK,Gun,Shoot,Not Fleeing,1
2016,NY,Blunt Object,Attack,Not Fleeing,0
2016,TX,Gun,Point,Not Fleeing,0
2016,MO,Gun,Threat,Foot,0
2016,MO,Gun,Shoot,Foot,0
2016,CA,Knife,Threat,Foot,0
2016,CA,Gun,Shoot,Not Fleeing,0
2016,TX,Gun,Threat,Vehicle,0
2016,NC,Gun,Shoot,Not Fleeing,0
2016,NJ,Gun,Point,Not Fleeing,0
2016,FL,Knife,Threat,Not Fleeing,0
2016,IL,Gun,Threat,Foot,1
2016,TN,Knife,Attack,Not Fleeing,0
2016,IL,Gun,Shoot,Missing,0
2016,MS,Gun,Shoot,Vehicle,0
2016,AZ,Unarmed,Threat,Not Fleeing,1
2016,AZ,Missing,Attack,Vehicle,1
2016,KS,Blunt Object,Attack,Not Fleeing,0
2016,ME,Gun,Shoot,Not Fleeing,0
2016,IL,Gun,Shoot,Foot,0
2016,LA,Gun,Shoot,Not Fleeing,0
2016,OH,Knife,Attack,Not Fleeing,0
2016,CA,Gun,Threat,Foot,0
2016,NC,Missing,Threat,Vehicle,0
2016,MA,Unarmed,Move,Not Fleeing,0
2016,TX,Blunt Object,Flee,Vehicle,1
2016,IN,Knife,Threat,Not Fleeing,0
2016,SC,Unarmed,Attack,Foot,0
2016,MO,Gun,Move,Not Fleeing,0
2016,WA,Gun,Shoot,Not Fleeing,0
2016,AZ,Gun,Shoot,Missing,0
2016,AR,Gun,Shoot,Not Fleeing,0
2016,KY,Blunt Object,Threat,Not Fleeing,0
2016,AL,Gun,Shoot,Not Fleeing,0
2016,NM,Gun,Point,Not Fleeing,0
2016,LA,Gun,Shoot,Foot,0
2016,OH,Unarmed,Threat,Foot,0
2016,IN,Gun,Shoot,Vehicle,0
2016,KS,Gun,Point,Not Fleeing,0
2016,FL,Gun,Point,Not Fleeing,0
2016,OR,Gun,Shoot,Not Fleeing,0
2016,FL,Blunt Object,Attack,Vehicle,0
2016,NC,Knife,Threat,Not Fleeing,1
2016,TX,Gun,Shoot,Not Fleeing,0
2016,IA,Unclear Weapon Information,Move,Not Fleeing,0
2016,PA,Knife,Attack,Not Fleeing,0
2016,TX,Gun,Shoot,Not Fleeing,0
2016,HI,Missing,Threat,Not Fleeing,0
2016,NC,Gun,Shoot,Not Fleeing,0
2016,PA,Multiple Weapons,Threat,Not Fleeing,0
2016,SC,Gun,Shoot,Foot,1
2016,IN,Knife,Threat,Not Fleeing,1
2016,NE,Knife,Threat,Not Fleeing,0
2016,WV,Missing,Threat,Not Fleeing,0
2016,TX,Knife,Attack,Not Fleeing,0
2016,AZ,Replica,Point,Not Fleeing,0
2016,KS,Gun,Shoot,Not Fleeing,0
2016,CA,Unarmed,Unclear Threat,Not Fleeing,0
2016,GA,Gun,Shoot,Not Fleeing,0
2016,PA,Gun,Point,Not Fleeing,0
2016,MD,Gun,Shoot,Not Fleeing,0
2016,GA,Gun,Threat,Not Fleeing,0
2016,CA,Gun,Point,Not Fleeing,0
2016,OR,Gun,Shoot,Not Fleeing,0
2016,TN,Knife,Move,Not Fleeing,0
2016,CA,Gun,Threat,Not Fleeing,0
2016,WA,Gun,Threat,Not Fleeing,0
2016,CA,Gun,Threat,Foot,0
2016,WA,Gun,Threat,Not Fleeing,0
2016,OK,Gun,Point,Not Fleeing,0
2016,NC,Gun,Threat,Not Fleeing,0
2016,CA,Gun,Threat,Vehicle,0
2016,TX,Knife,Threat,Not Fleeing,0
2016,CA,Knife,Threat,Not Fleeing,0
2016,OK,Blunt Object,Threat,Not Fleeing,0
2016,OK,Gun,Point,Vehicle,0
2016,IN,Missing,Threat,Missing,0
2016,NV,Missing,Attack,Vehicle,0
2016,AR,Knife,Move,Not Fleeing,0
2016,CA,Knife,Unclear Threat,Not Fleeing,0
2016,CA,Gun,Shoot,Not Fleeing,0
2016,MD,Gun,Point,Not Fleeing,0
2016,FL,Other,Point,Not Fleeing,0
2016,OR,Vehicle,Move,Not Fleeing,0
2016,CA,Vehicle,Move,Vehicle,0
2016,FL,Knife,Threat,Not Fleeing,0
2016,AL,Gun,Point,Foot,0
2016,CA,Knife,Attack,Not Fleeing,0
2016,DC,Knife,Threat,Not Fleeing,1
2016,OR,Gun,Shoot,Vehicle,0
2016,AR,Gun,Shoot,Not Fleeing,0
2016,FL,Gun,Point,Not Fleeing,0
2016,CA,Gun,Point,Not Fleeing,0
2016,TX,Gun,Point,Not Fleeing,0
2016,IL,Knife,Point,Not Fleeing,0
2016,TX,Gun,Shoot,Vehicle,0
2016,TN,Knife,Threat,Not Fleeing,0
2016,MD,Gun,Shoot,Not Fleeing,1
2016,FL,Gun,Threat,Vehicle,0
2016,AZ,Knife,Threat,Foot,0
2016,MN,Unarmed,Attack,Not Fleeing,0
2016,FL,Knife,Attack,Not Fleeing,0
2016,FL,Gun,Shoot,Not Fleeing,0
2016,PA,Gun,Shoot,Vehicle,0
2017,OH,Gun,Threat,Not Fleeing,0
2017,IL,Knife,Threat,Not Fleeing,0
2017,MO,Gun,Point,Foot,0
2017,GA,Gun,Point,Vehicle,0
2017,TX,Gun,Point,Foot,0
2017,TX,Missing,Attack,Vehicle,0
2017,TX,Gun,Point,Not Fleeing,1
2017,NY,Knife,Threat,Not Fleeing,0
2017,NY,Gun,Point,Foot,0
2017,CA,Gun,Shoot,Foot,0
2017,KY,Gun,Shoot,Not Fleeing,0
2017,IN,Unclear Weapon Information,Attack,Vehicle,0
2017,CA,Gun,Shoot,Not Fleeing,0
2017,TN,Gun,Shoot,Not Fleeing,0
2017,PA,Knife,Threat,Not Fleeing,0
2017,WV,Knife,Threat,Vehicle,0
2017,OK,Gun,Point,Vehicle,0
2017,MD,Unarmed,Attack,Not Fleeing,0
2017,CO,Missing,Threat,Not Fleeing,0
2017,MO,Gun,Point,Not Fleeing,0
2017,NM,Replica,Threat,Not Fleeing,0
2017,GA,Knife,Threat,Not Fleeing,0
2017,AZ,Unarmed,Move,Foot,1
2017,MO,Gun,Point,Vehicle,0
2017,CA,Knife,Threat,Not Fleeing,0
2017,TN,Unarmed,Attack,Not Fleeing,0
2017,MN,Blunt Object,Threat,Not Fleeing,0
2017,CA,Gun,Shoot,Vehicle,0
2017,NJ,Gun,Shoot,Not Fleeing,0
2017,FL,Gun,Threat,Not Fleeing,0
2017,MN,Gun,Point,Not Fleeing,0
2017,VA,Knife,Attack,Not Fleeing,0
2017,HI,Missing,Threat,Vehicle,0
2017,TX,Gun,Shoot,Foot,0
2017,NY,Knife,Attack,Not Fleeing,0
2017,CA,Gun,Point,Not Fleeing,0
2017,CA,Knife,Threat,Not Fleeing,0
2017,IL,Gun,Shoot,Foot,0
2017,WA,Knife,Threat,Foot,1
2017,GA,Gun,Shoot,Vehicle,0
2017,KY,Multiple Weapons,Threat,Not Fleeing,0
2017,VA,Multiple Weapons,Shoot,Not Fleeing,0
2017,TN,Gun,Point,Vehicle,0
2017,CA,Gun,Shoot,Not Fleeing,0
2017,TX,Gun,Shoot,Not Fleeing,0
2017,CA,Knife,Threat,Not Fleeing,1
2017,OK,Blunt Object,Point,Not Fleeing,0
2017,TX,Unarmed,Move,Vehicle,1
2017,CA,Knife,Threat,Vehicle,0
2017,IN,Gun,Shoot,Vehicle,0
2017,ND,Gun,Shoot,Not Fleeing,0
2017,MO,Knife,Attack,Not Fleeing,0
2017,VA,Gun,Threat,Not Fleeing,0
2017,TX,Gun,Shoot,Foot,0
2017,FL,Gun,Point,Not Fleeing,0
2017,MS,Gun,Shoot,Not Fleeing,0
2017,NV,Knife,Attack,Not Fleeing,0
2017,ME,Gun,Shoot,Not Fleeing,0
2017,PA,Gun,Shoot,Not Fleeing,0
2017,CA,Gun,Threat,Not Fleeing,0
2017,CA,Knife,Attack,Not Fleeing,1
2017,GA,Gun,Point,Foot,0
2017,IL,Unarmed,Attack,Not Fleeing,1
2017,DE,Gun,Threat,Not Fleeing,0
2017,LA,Knife,Threat,Not Fleeing,0
2017,CA,Gun,Threat,Not Fleeing,0
2017,MO,Unarmed,Flee,Vehicle,0
2017,LA,Gun,Point,Vehicle,1
2017,CA,Gun,Point,Vehicle,0
2017,NM,Knife,Attack,Foot,1
2017,MI,Unarmed,Attack,Not Fleeing,0
2017,PA,Gun,Shoot,Not Fleeing,0
2017,ID,Unarmed,Move,Vehicle,1
2017,AL,Missing,Attack,Vehicle,0
2017,MS,Gun,Shoot,Not Fleeing,0
2017,WI,Gun,Shoot,Not Fleeing,1
2017,NC,Gun,Threat,Vehicle,0
2017,MD,Gun,Point,Not Fleeing,1
2017,GA,Gun,Move,Vehicle,1
2017,OH,Blunt Object,Threat,Not Fleeing,0
2017,CA,Gun,Shoot,Not Fleeing,1
2017,TX,Gun,Point,Vehicle,0
2017,WA,Gun,Point,Not Fleeing,0
2017,WI,Replica,Point,Not Fleeing,0
2017,AZ,Gun,Point,Not Fleeing,0
2017,CT,Other,Attack,Not Fleeing,0
2017,CA,Unarmed,Flee,Foot,0
2017,OK,Gun,Threat,Not Fleeing,0
2017,WA,Knife,Threat,Not Fleeing,0
2017,CA,Multiple Weapons,Attack,Not Fleeing,0
2017,CA,Blunt Object,Threat,Not Fleeing,0
2017,CA,Knife,Attack,Not Fleeing,0
2017,TX,Vehicle,Attack,Vehicle,0
2017,CA,Missing,Attack,Vehicle,0
2017,WI,Replica,Threat,Not Fleeing,0
2017,FL,Gun,Threat,Not Fleeing,0
2017,TX,Gun,Threat,Not Fleeing,0
2017,CA,Gun,Attack,Vehicle,0
2017,TX,Gun,Shoot,Not Fleeing,0
2017,NC,Gun,Point,Not Fleeing,1
2017,NC,Gun,Point,Vehicle,0
2017,WV,Gun,Point,Not Fleeing,0
2017,IL,Missing,Move,Vehicle,0
2017,TX,Gun,Threat,Not Fleeing,0
2017,MO,Gun,Point,Not Fleeing,0
2017,FL,Gun,Shoot,Not Fleeing,0
2017,GA,Unarmed,Move,Not Fleeing,0
2017,CA,Unarmed,Attack,Not Fleeing,0
2017,OH,Gun,Attack,Not Fleeing,1
2017,CO,Missing,Move,Not Fleeing,1
2017,CA,Knife,Attack,Foot,0
2017,FL,Replica,Point,Not Fleeing,0
2017,CO,Gun,Point,Not Fleeing,0
2017,AL,Blunt Object,Threat,Not Fleeing,0
2017,TN,Gun,Point,Vehicle,0
2017,MD,Gun,Threat,Vehicle,1
2017,OH,Gun,Shoot,Not Fleeing,0
2017,KY,Missing,Move,Missing,0
2017,IN,Gun,Threat,Not Fleeing,0
2017,OK,Knife,Threat,Missing,0
2017,IL,Unarmed,Flee,Foot,0
2017,OH,Unarmed,Move,Not Fleeing,0
2017,WA,Knife,Threat,Not Fleeing,0
2017,OR,Replica,Move,Foot,0
2017,NM,Unclear Weapon Information,Unclear Threat,Missing,0
2017,WA,Knife,Threat,Foot,0
2017,TN,Gun,Threat,Foot,0
2017,ME,Missing,Move,Missing,0
2017,ME,Unarmed,Move,Missing,0
2017,IL,Knife,Attack,Not Fleeing,0
2017,OK,Gun,Point,Not Fleeing,0
2017,NC,Gun,Shoot,Vehicle,1
2017,NJ,Gun,Flee,Foot,0
2017,SC,Gun,Threat,Not Fleeing,0
2017,HI,Missing,Move,Vehicle,0
2017,MO,Gun,Point,Not Fleeing,0
2017,KY,Blunt Object,Attack,Not Fleeing,1
2017,TX,Vehicle,Move,Vehicle,0
2017,NC,Gun,Threat,Vehicle,0
2017,CA,Knife,Threat,Foot,0
2017,TN,Missing,Attack,Vehicle,0
2017,AZ,Gun,Shoot,Not Fleeing,0
2017,MI,Unarmed,Attack,Vehicle,0
2017,OH,Knife,Threat,Not Fleeing,0
2017,IN,Gun,Move,Vehicle,0
2017,IN,Gun,Shoot,Not Fleeing,0
2017,NC,Gun,Point,Foot,0
2017,MO,Knife,Threat,Not Fleeing,0
2017,CA,Unclear Weapon Information,Attack,Not Fleeing,0
2017,NY,Gun,Shoot,Foot,0
2017,TX,Gun,Point,Not Fleeing,0
2017,CA,Gun,Shoot,Foot,0
2017,CA,Gun,Threat,Not Fleeing,0
2017,TX,Unarmed,Attack,Not Fleeing,1
2017,OK,Knife,Attack,Not Fleeing,0
2017,AK,Gun,Point,Not Fleeing,0
2017,CA,Gun,Shoot,Not Fleeing,0
2017,ME,Replica,Threat,Not Fleeing,0
2017,NC,Gun,Point,Not Fleeing,0
2017,OH,Knife,Attack,Not Fleeing,0
2017,NY,Replica,Point,Foot,0
2017,AR,Gun,Shoot,Not Fleeing,0
2017,AZ,Gun,Point,Not Fleeing,0
2017,MO,Unarmed,Attack,Not Fleeing,0
2017,FL,Knife,Attack,Not Fleeing,0
2017,OR,Gun,Threat,Not Fleeing,0
2017,MO,Gun,Shoot,Not Fleeing,0
2017,UT,Gun,Point,Not Fleeing,1
2017,UT,Gun,Point,Not Fleeing,1
2017,CO,Gun,Threat,Vehicle,0
2017,TX,Knife,Attack,Not Fleeing,0
2017,WV,Knife,Threat,Not Fleeing,0
2017,TX,Knife,Threat,Vehicle,0
2017,KS,Gun,Point,Not Fleeing,0
2017,OK,Gun,Shoot,Not Fleeing,0
2017,OH,Gun,Point,Not Fleeing,0
2017,NV,Gun,Threat,Foot,0
2017,DC,Gun,Shoot,Foot,1
2017,PA,Gun,Point,Not Fleeing,0
2017,KY,Gun,Shoot,Not Fleeing,0
2017,TX,Gun,Shoot,Vehicle,0
2017,CA,Replica,Point,Foot,0
2017,GA,Gun,Shoot,Vehicle,0
2017,FL,Knife,Threat,Not Fleeing,0
2017,CA,Vehicle,Threat,Vehicle,0
2017,UT,Gun,Threat,Not Fleeing,0
2017,FL,Gun,Threat,Vehicle,0
2017,NC,Gun,Shoot,Foot,0
2017,WI,Gun,Shoot,Not Fleeing,0
2017,TX,Gun,Shoot,Not Fleeing,0
2017,FL,Gun,Shoot,Foot,0
2017,LA,Gun,Threat,Not Fleeing,0
2017,TX,Knife,Attack,Not Fleeing,1
2017,WI,Gun,Attack,Not Fleeing,0
2017,CA,Blunt Object,Threat,Not Fleeing,0
2017,AZ,Replica,Point,Not Fleeing,0
2017,NV,Gun,Shoot,Not Fleeing,0
2017,NJ,Knife,Threat,Not Fleeing,0
2017,CO,Gun,Threat,Not Fleeing,0
2017,CA,Replica,Point,Not Fleeing,0
2017,OK,Missing,Attack,Vehicle,1
2017,SC,Gun,Point,Not Fleeing,0
2017,CA,Blunt Object,Threat,Not Fleeing,0
2017,CA,Blunt Object,Flee,Foot,0
2017,OH,Unclear Weapon Information,Flee,Vehicle,0
2017,CA,Knife,Threat,Not Fleeing,0
2017,PA,Gun,Point,Not Fleeing,0
2017,CA,Knife,Threat,Not Fleeing,0
2017,NC,Gun,Threat,Not Fleeing,0
2017,CA,Knife,Threat,Missing,0
2017,CA,Multiple Weapons,Threat,Not Fleeing,0
2017,CA,Gun,Point,Not Fleeing,0
2017,TX,Gun,Point,Not Fleeing,0
2017,LA,Gun,Shoot,Missing,0
2017,CA,Knife,Threat,Not Fleeing,0
2017,WA,Knife,Attack,Foot,1
2017,OH,Missing,Move,Missing,1
2017,CA,Knife,Threat,Not Fleeing,0
2017,MD,Missing,Threat,Vehicle,1
2017,NJ,Unarmed,Attack,Missing,0
2017,WA,Missing,Attack,Not Fleeing,0
2017,CO,Gun,Point,Not Fleeing,0
2017,FL,Gun,Shoot,Missing,0
2017,CA,Unarmed,Move,Missing,0
2017,MN,Gun,Threat,Not Fleeing,0
2017,AZ,Missing,Threat,Vehicle,0
2017,MI,Gun,Shoot,Not Fleeing,0
2017,WI,Gun,Threat,Not Fleeing,1
2017,NC,Gun,Point,Not Fleeing,0
2017,FL,Gun,Point,Not Fleeing,0
2017,TN,Missing,Attack,Not Fleeing,1
2017,TX,Knife,Point,Not Fleeing,0
2017,ME,Knife,Threat,Not Fleeing,0
2017,TN,Replica,Point,Not Fleeing,0
2017,CA,Knife,Threat,Not Fleeing,0
2017,KS,Gun,Shoot,Not Fleeing,0
2017,ID,Gun,Shoot,Not Fleeing,0
2017,GA,Missing,Move,Vehicle,0
2017,MO,Gun,Point,Vehicle,0
2017,FL,Unarmed,Accident,Not Fleeing,0
2017,FL,Gun,Point,Foot,0
2017,FL,Gun,Threat,Vehicle,0
2017,CA,Knife,Attack,Not Fleeing,0
2017,MN,Gun,Shoot,Missing,0
2017,KY,Knife,Threat,Not Fleeing,0
2017,LA,Gun,Shoot,Not Fleeing,0
2017,WI,Gun,Shoot,Missing,0
2017,WA,Knife,Threat,Not Fleeing,0
2017,AR,Knife,Attack,Vehicle,0
2017,AZ,Knife,Attack,Not Fleeing,0
2017,MD,Knife,Threat,Not Fleeing,1
2017,CA,Gun,Shoot,Not Fleeing,0
2017,TX,Gun,Threat,Foot,0
2017,CA,Gun,Threat,Foot,0
2017,CA,Gun,Shoot,Not Fleeing,0
2017,AR,Gun,Point,Foot,0
2017,AK,Gun,Attack,Vehicle,0
2017,FL,Unarmed,Attack,Not Fleeing,0
2017,TN,Gun,Shoot,Not Fleeing,0
2017,MS,Gun,Shoot,Vehicle,0
2017,MD,Knife,Threat,Not Fleeing,1
2017,IN,Gun,Point,Vehicle,0
2017,MI,Gun,Point,Not Fleeing,0
2017,TN,Gun,Threat,Not Fleeing,0
2017,IL,Gun,Shoot,Vehicle,0
2017,OK,Gun,Point,Vehicle,0
2017,DE,Unclear Weapon Information,Threat,Vehicle,0
2017,KY,Gun,Shoot,Not Fleeing,0
2017,TX,Missing,Threat,Vehicle,0
2017,NJ,Missing,Move,Vehicle,0
2017,FL,Gun,Shoot,Foot,0
2017,LA,Knife,Threat,Missing,0
2017,SC,Gun,Threat,Not Fleeing,1
2017,CA,Unarmed,Move,Foot,0
2017,TX,Missing,Attack,Vehicle,0
2017,CA,Gun,Shoot,Vehicle,0
2017,IN,Gun,Shoot,Vehicle,0
2017,AR,Missing,Move,Missing,0
2017,OH,Replica,Point,Not Fleeing,0
2017,OH,Gun,Attack,Not Fleeing,0
2017,FL,Gun,Shoot,Not Fleeing,0
2017,FL,Gun,Shoot,Not Fleeing,0
2017,NJ,Gun,Shoot,Not Fleeing,0
2017,SD,Gun,Shoot,Vehicle,0
2017,WI,Knife,Threat,Not Fleeing,0
2017,CA,Knife,Attack,Not Fleeing,0
2017,CA,Gun,Threat,Not Fleeing,0
2017,OH,Gun,Threat,Not Fleeing,0
2017,TX,Gun,Threat,Foot,1
2017,CA,Gun,Threat,Not Fleeing,0
2017,AZ,Missing,Threat,Not Fleeing,0
2017,KS,Gun,Shoot,Vehicle,0
2017,CT,Gun,Threat,Missing,0
2017,WA,Gun,Threat,Vehicle,0
2017,ND,Knife,Threat,Not Fleeing,0
2017,NJ,Gun,Shoot,Not Fleeing,0
2017,AR,Gun,Point,Missing,0
2017,CA,Knife,Threat,Not Fleeing,0
2017,OH,Gun,Point,Not Fleeing,0
2017,CA,Unarmed,Move,Foot,1
2017,MN,Gun,Threat,Not Fleeing,0
2017,TN,Missing,Move,Vehicle,0
2017,WV,Missing,Attack,Vehicle,0
2017,DE,Gun,Point,Vehicle,1
2017,OK,Gun,Point,Not Fleeing,0
2017,WA,Gun,Shoot,Missing,0
2017,TX,Knife,Threat,Missing,0
2017,SC,Gun,Shoot,Not Fleeing,0
2017,AZ,Missing,Threat,Vehicle,0
2017,AZ,Unarmed,Accident,Vehicle,0
2017,OR,Gun,Threat,Not Fleeing,0
2017,CA,Multiple Weapons,Shoot,Foot,0
2017,IN,Missing,Threat,Not Fleeing,0
2017,OH,Knife,Threat,Not Fleeing,0
2017,AZ,Gun,Shoot,Not Fleeing,0
2017,PA,Gun,Shoot,Not Fleeing,0
2017,TX,Gun,Threat,Foot,1
2017,OR,Knife,Threat,Not Fleeing,0
2017,TX,Gun,Shoot,Not Fleeing,0
2017,NJ,Gun,Threat,Vehicle,0
2017,TX,Gun,Point,Missing,1
2017,CA,Missing,Move,Vehicle,0
2017,GA,Knife,Threat,Not Fleeing,0
2017,FL,Other,Threat,Not Fleeing,0
2017,PA,Gun,Threat,Not Fleeing,0
2017,OH,Missing,Move,Vehicle,0
2017,DE,Gun,Shoot,Not Fleeing,0
2017,SD,Gun,Point,Not Fleeing,0
2017,GA,Gun,Shoot,Not Fleeing,0
2017,CA,Gun,Attack,Not Fleeing,0
2017,TX,Unarmed,Unclear Threat,Not Fleeing,1
2017,HI,Other,Threat,Not Fleeing,0
2017,VA,Gun,Point,Not Fleeing,0
2017,NM,Missing,Attack,Not Fleeing,1
2017,OK,Gun,Shoot,Not Fleeing,0
2017,CA,Gun,Shoot,Not Fleeing,0
2017,MI,Gun,Shoot,Not Fleeing,0
2017,TX,Gun,Point,Not Fleeing,0
2017,TX,Knife,Attack,Not Fleeing,0
2017,TX,Gun,Threat,Not Fleeing,0
2017,CA,Knife,Attack,Not Fleeing,0
2017,CA,Gun,Point,Not Fleeing,0
2017,MI,Gun,Shoot,Not Fleeing,1
2017,GA,Gun,Shoot,Not Fleeing,0
2017,CA,Knife,Attack,Not Fleeing,1
2017,TX,Gun,Threat,Not Fleeing,0
2017,CA,Replica,Point,Not Fleeing,1
2017,NV,Blunt Object,Threat,Not Fleeing,0
2017,AL,Unclear Weapon Information,Unclear Threat,Vehicle,1
2017,NY,Gun,Shoot,Foot,0
2017,TX,Gun,Shoot,Foot,0
2017,CA,Blunt Object,Attack,Foot,0
2017,CA,Gun,Shoot,Not Fleeing,0
2017,CT,Missing,Threat,Vehicle,0
2017,FL,Gun,Shoot,Not Fleeing,0
2017,CO,Gun,Shoot,Not Fleeing,0
2017,SC,Unarmed,Flee,Foot,0
2017,OH,Gun,Shoot,Not Fleeing,0
2017,MI,Replica,Point,Not Fleeing,0
2017,OR,Knife,Threat,Foot,0
2017,MO,Gun,Shoot,Not Fleeing,0
2017,CA,Missing,Move,Vehicle,0
2017,TX,Gun,Shoot,Not Fleeing,0
2017,PA,Knife,Threat,Not Fleeing,0
2017,MT,Gun,Point,Not Fleeing,0
2017,AL,Unarmed,Accident,Not Fleeing,0
2017,FL,Gun,Shoot,Vehicle,0
2017,WI,Gun,Shoot,Foot,0
2017,MO,Gun,Shoot,Missing,0
2017,AZ,Gun,Shoot,Vehicle,0
2017,VA,Gun,Shoot,Not Fleeing,0
2017,AZ,Gun,Threat,Not Fleeing,0
2017,VA,Gun,Threat,Not Fleeing,0
2017,TN,Gun,Point,Vehicle,0
2017,CA,Unclear Weapon Information,Point,Vehicle,0
2017,CA,Knife,Attack,Foot,0
2017,OK,Other,Point,Not Fleeing,0
2017,DC,Gun,Point,Not Fleeing,0
2017,AZ,Knife,Threat,Missing,0
2017,CA,Gun,Shoot,Not Fleeing,0
2017,MT,Gun,Shoot,Vehicle,0
2017,VA,Missing,Attack,Vehicle,0
2017,PA,Other,Threat,Not Fleeing,0
2017,ME,Gun,Shoot,Not Fleeing,0
2017,CA,Replica,Point,Not Fleeing,1
2017,WI,Gun,Shoot,Not Fleeing,0
2017,PA,Gun,Shoot,Vehicle,0
2017,LA,Unarmed,Attack,Not Fleeing,0
2017,FL,Unarmed,Attack,Not Fleeing,0
2017,ID,Knife,Attack,Not Fleeing,0
2017,AZ,Gun,Shoot,Vehicle,0
2017,NV,Gun,Shoot,Not Fleeing,0
2017,CA,Gun,Threat,Not Fleeing,0
2017,TN,Gun,Shoot,Not Fleeing,0
2017,OH,Unarmed,Attack,Not Fleeing,1
2017,CA,Gun,Shoot,Not Fleeing,0
2017,AK,Gun,Shoot,Vehicle,0
2017,NM,Unarmed,Threat,Not Fleeing,0
2017,MO,Gun,Shoot,Not Fleeing,0
2017,AZ,Replica,Point,Not Fleeing,0
2017,TN,Missing,Threat,Vehicle,0
2017,GA,Gun,Shoot,Not Fleeing,0
2017,FL,Gun,Shoot,Vehicle,0
2017,NC,Gun,Shoot,Not Fleeing,0
2017,CA,Blunt Object,Threat,Not Fleeing,0
2017,ME,Gun,Threat,Not Fleeing,0
2017,CA,Missing,Attack,Vehicle,1
2017,WV,Gun,Shoot,Not Fleeing,0
2017,CA,Missing,Attack,Missing,0
2017,CO,Gun,Threat,Vehicle,0
2017,NV,Gun,Shoot,Not Fleeing,0
2017,FL,Missing,Attack,Vehicle,0
2017,AL,Gun,Attack,Not Fleeing,0
2017,MS,Unarmed,Attack,Not Fleeing,0
2017,OK,Gun,Point,Foot,0
2017,IL,Gun,Shoot,Not Fleeing,0
2017,TX,Gun,Shoot,Not Fleeing,0
2017,AZ,Gun,Point,Not Fleeing,0
2017,FL,Gun,Point,Missing,0
2017,CA,Gun,Shoot,Not Fleeing,0
2017,KY,Gun,Shoot,Vehicle,0
2017,FL,Gun,Threat,Missing,0
2017,FL,Gun,Shoot,Vehicle,0
2017,TX,Gun,Threat,Missing,0
2017,ME,Gun,Shoot,Not Fleeing,0
2017,WA,Gun,Shoot,Vehicle,0
2017,CA,Gun,Shoot,Missing,1
2017,MO,Gun,Shoot,Not Fleeing,0
2017,MD,Gun,Shoot,Not Fleeing,1
2017,NC,Gun,Shoot,Not Fleeing,0
2017,CA,Gun,Point,Not Fleeing,0
2017,CA,Gun,Point,Not Fleeing,0
2017,PA,Unarmed,Threat,Foot,0
2017,CO,Gun,Shoot,Missing,0
2017,OK,Gun,Point,Not Fleeing,0
2017,OK,Knife,Threat,Not Fleeing,0
2017,IL,Gun,Shoot,Vehicle,0
2017,FL,Gun,Shoot,Missing,0
2017,WA,Knife,Threat,Vehicle,0
2017,IA,Gun,Threat,Not Fleeing,0
2017,TX,Knife,Threat,Not Fleeing,0
2017,WI,Missing,Threat,Vehicle,0
2017,CA,Knife,Threat,Not Fleeing,0
2017,TX,Gun,Shoot,Not Fleeing,0
2017,KY,Gun,Shoot,Not Fleeing,0
2017,LA,Gun,Threat,Not Fleeing,0
2017,IL,Gun,Shoot,Foot,0
2017,NH,Gun,Threat,Not Fleeing,0
2017,LA,Gun,Threat,Not Fleeing,0
2017,MO,Gun,Shoot,Not Fleeing,0
2017,WA,Other,Attack,Not Fleeing,0
2017,VA,Gun,Shoot,Not Fleeing,0
2017,TN,Knife,Threat,Not Fleeing,0
2017,NH,Gun,Unclear Threat,Vehicle,0
2017,MS,Gun,Shoot,Vehicle,0
2017,CA,Gun,Threat,Not Fleeing,1
2017,CA,Knife,Threat,Not Fleeing,0
2017,MS,Unarmed,Accident,Vehicle,0
2017,CA,Gun,Threat,Foot,0
2017,CA,Vehicle,Threat,Not Fleeing,0
2017,SD,Gun,Shoot,Not Fleeing,0
2017,WA,Knife,Threat,Not Fleeing,0
2017,WI,Gun,Threat,Not Fleeing,0
2017,AK,Gun,Shoot,Foot,0
2017,TX,Gun,Threat,Not Fleeing,0
2017,NV,Knife,Threat,Not Fleeing,1
2017,CA,Replica,Point,Vehicle,0
2017,TN,Gun,Point,Vehicle,0
2017,OH,Gun,Point,Vehicle,0
2017,KS,Gun,Threat,Not Fleeing,0
2017,MO,Unclear Weapon Information,Threat,Vehicle,0
2017,OK,Knife,Threat,Not Fleeing,0
2017,CA,Unarmed,Accident,Not Fleeing,0
2017,CA,Gun,Point,Not Fleeing,0
2017,AZ,Missing,Attack,Vehicle,0
2017,OR,Gun,Shoot,Vehicle,0
2017,AL,Missing,Threat,Not Fleeing,0
2017,OK,Gun,Point,Foot,0
2017,WA,Missing,Threat,Vehicle,0
2017,SC,Gun,Flee,Foot,0
2017,OK,Gun,Point,Not Fleeing,1
2017,AZ,Gun,Point,Not Fleeing,0
2017,NV,Gun,Shoot,Not Fleeing,1
2017,NM,Gun,Shoot,Not Fleeing,0
2017,TX,Gun,Point,Foot,0
2017,CA,Gun,Point,Not Fleeing,1
2017,TN,Knife,Attack,Not Fleeing,0
2017,IN,Unarmed,Flee,Vehicle,0
2017,CA,Replica,Point,Not Fleeing,0
2017,GA,Missing,Threat,Not Fleeing,0
2017,FL,Other,Threat,Not Fleeing,0
2017,CO,Gun,Shoot,Vehicle,0
2017,CO,Unarmed,Attack,Foot,0
2017,CO,Gun,Threat,Foot,0
2017,AZ,Gun,Threat,Not Fleeing,1
2017,IL,Gun,Threat,Not Fleeing,1
2017,CO,Knife,Threat,Not Fleeing,1
2017,VA,Gun,Shoot,Not Fleeing,0
2017,WA,Gun,Threat,Not Fleeing,1
2017,IN,Gun,Shoot,Not Fleeing,0
2017,OR,Gun,Shoot,Foot,0
2017,GA,Gun,Threat,Not Fleeing,0
2017,CO,Gun,Unclear Threat,Not Fleeing,0
2017,NM,Gun,Unclear Threat,Vehicle,0
2017,OH,Knife,Attack,Not Fleeing,0
2017,UT,Missing,Threat,Vehicle,0
2017,IL,Gun,Shoot,Not Fleeing,0
2017,WA,Gun,Threat,Not Fleeing,0
2017,CO,Gun,Shoot,Not Fleeing,0
2017,CA,Gun,Threat,Vehicle,0
2017,NY,Gun,Shoot,Foot,0
2017,IA,Gun,Shoot,Foot,1
2017,IL,Other,Threat,Not Fleeing,0
2017,OK,Gun,Shoot,Not Fleeing,0
2017,CA,Unarmed,Flee,Foot,0
2017,ME,Gun,Shoot,Missing,0
2017,FL,Unclear Weapon Information,Threat,Vehicle,0
2017,LA,Unarmed,Move,Not Fleeing,0
2017,GA,Unarmed,Attack,Not Fleeing,0
2017,AL,Unclear Weapon Information,Flee,Vehicle,0
2017,OH,Gun,Threat,Not Fleeing,1
2017,WA,Knife,Threat,Not Fleeing,0
2017,FL,Knife,Threat,Not Fleeing,0
2017,NC,Gun,Shoot,Not Fleeing,0
2017,OH,Gun,Shoot,Not Fleeing,0
2017,WA,Gun,Shoot,Not Fleeing,0
2017,IL,Gun,Shoot,Foot,0
2017,OH,Gun,Shoot,Not Fleeing,0
2017,MD,Missing,Attack,Not Fleeing,0
2017,MN,Gun,Point,Vehicle,0
2017,WI,Gun,Threat,Vehicle,0
2017,NV,Knife,Unclear Threat,Missing,1
2017,MO,Gun,Threat,Not Fleeing,0
2017,KS,Knife,Unclear Threat,Not Fleeing,0
2017,AZ,Gun,Shoot,Foot,0
2017,OK,Gun,Shoot,Not Fleeing,0
2017,SC,Unclear Weapon Information,Threat,Not Fleeing,0
2017,CA,Blunt Object,Threat,Not Fleeing,0
2017,AZ,Gun,Threat,Missing,0
2017,FL,Knife,Threat,Not Fleeing,0
2017,AZ,Knife,Attack,Not Fleeing,0
2017,CA,Gun,Threat,Foot,0
2017,MN,Unarmed,Unclear Threat,Not Fleeing,0
2017,CA,Gun,Threat,Not Fleeing,0
2017,TX,Gun,Point,Foot,0
2017,VA,Gun,Shoot,Not Fleeing,0
2017,NM,Gun,Point,Not Fleeing,1
2017,VA,Gun,Point,Vehicle,0
2017,TX,Gun,Point,Not Fleeing,0
2017,AL,Gun,Point,Not Fleeing,0
2017,OR,Gun,Threat,Not Fleeing,0
2017,AZ,Gun,Threat,Not Fleeing,0
2017,CA,Gun,Point,Not Fleeing,0
2017,NM,Knife,Threat,Not Fleeing,1
2017,MI,Unarmed,Attack,Not Fleeing,0
2017,MO,Gun,Point,Not Fleeing,0
2017,MO,Gun,Point,Vehicle,0
2017,CA,Knife,Threat,Not Fleeing,0
2017,TX,Gun,Shoot,Foot,0
2017,AZ,Gun,Shoot,Not Fleeing,1
2017,MA,Replica,Point,Vehicle,0
2017,WI,Gun,Shoot,Not Fleeing,0
2017,MS,Gun,Point,Not Fleeing,0
2017,CA,Knife,Attack,Not Fleeing,1
2017,MO,Gun,Shoot,Vehicle,0
2017,VA,Blunt Object,Threat,Foot,0
2017,FL,Gun,Point,Vehicle,0
2017,AZ,Gun,Shoot,Not Fleeing,0
2017,AR,Replica,Point,Not Fleeing,0
2017,AZ,Gun,Shoot,Vehicle,0
2017,TX,Gun,Shoot,Not Fleeing,0
2017,FL,Knife,Attack,Not Fleeing,0
2017,OH,Missing,Attack,Vehicle,0
2017,CA,Blunt Object,Attack,Not Fleeing,0
2017,WA,Knife,Threat,Not Fleeing,0
2017,CA,Knife,Attack,Not Fleeing,0
2017,CA,Gun,Threat,Not Fleeing,0
2017,LA,Gun,Attack,Vehicle,0
2017,CA,Gun,Shoot,Not Fleeing,0
2017,NM,Missing,Attack,Vehicle,0
2017,NY,Knife,Move,Not Fleeing,0
2017,MO,Gun,Point,Not Fleeing,0
2017,ID,Gun,Shoot,Vehicle,0
2017,CA,Gun,Shoot,Vehicle,0
2017,NY,Knife,Attack,Not Fleeing,0
2017,WI,Unarmed,Attack,Vehicle,1
2017,NM,Gun,Point,Not Fleeing,1
2017,CA,Gun,Shoot,Not Fleeing,0
2017,TX,Missing,Attack,Vehicle,0
2017,CA,Gun,Shoot,Foot,0
2017,NC,Knife,Threat,Not Fleeing,0
2017,CA,Gun,Shoot,Not Fleeing,0
2017,NV,Gun,Shoot,Not Fleeing,1
2017,LA,Gun,Shoot,Not Fleeing,0
2017,CA,Knife,Attack,Vehicle,0
2017,GA,Gun,Shoot,Not Fleeing,0
2017,WV,Missing,Move,Vehicle,0
2017,OH,Gun,Shoot,Not Fleeing,0
2017,IN,Gun,Point,Foot,0
2017,SC,Gun,Point,Not Fleeing,0
2017,NV,Gun,Threat,Not Fleeing,0
2017,CA,Gun,Threat,Not Fleeing,0
2017,MS,Replica,Point,Not Fleeing,1
2017,MI,Gun,Threat,Not Fleeing,0
2017,PA,Gun,Threat,Not Fleeing,0
2017,OH,Gun,Attack,Not Fleeing,0
2017,CA,Knife,Attack,Not Fleeing,1
2017,TN,Knife,Threat,Foot,0
2017,MO,Gun,Point,Foot,0
2017,NJ,Knife,Attack,Not Fleeing,0
2017,KS,Knife,Threat,Not Fleeing,0
2017,MO,Unarmed,Flee,Vehicle,0
2017,KS,Gun,Point,Not Fleeing,0
2017,IL,Gun,Threat,Vehicle,0
2017,WA,Missing,Attack,Vehicle,0
2017,IN,Gun,Point,Missing,0
2017,CA,Gun,Shoot,Not Fleeing,0
2017,TX,Gun,Shoot,Not Fleeing,0
2017,PA,Gun,Threat,Not Fleeing,0
2017,WA,Knife,Attack,Not Fleeing,0
2017,GA,Gun,Threat,Not Fleeing,0
2017,WI,Gun,Threat,Vehicle,0
2017,TN,Knife,Attack,Foot,0
2017,UT,Knife,Flee,Foot,1
2017,WA,Knife,Attack,Not Fleeing,0
2017,CO,Replica,Point,Foot,0
2017,FL,Gun,Point,Not Fleeing,0
2017,GA,Vehicle,Threat,Not Fleeing,1
2017,CA,Gun,Unclear Threat,Foot,0
2017,CA,Gun,Point,Not Fleeing,0
2017,AL,Unclear Weapon Information,Unclear Threat,Not Fleeing,0
2017,AZ,Knife,Threat,Not Fleeing,0
2017,NJ,Knife,Move,Not Fleeing,0
2017,PA,Gun,Shoot,Not Fleeing,0
2017,FL,Gun,Shoot,Not Fleeing,0
2017,AL,Other,Attack,Not Fleeing,0
2017,AR,Replica,Threat,Not Fleeing,1
2017,NJ,Gun,Point,Not Fleeing,0
2017,CA,Unclear Weapon Information,Threat,Foot,0
2017,NC,Replica,Point,Not Fleeing,0
2017,CO,Gun,Shoot,Not Fleeing,0
2017,WI,Knife,Threat,Vehicle,0
2017,OH,Gun,Shoot,Not Fleeing,0
2017,WI,Gun,Shoot,Not Fleeing,0
2017,MO,Knife,Attack,Not Fleeing,0
2017,NM,Missing,Attack,Vehicle,0
2017,CA,Knife,Threat,Foot,0
2017,CA,Gun,Threat,Not Fleeing,0
2017,CA,Gun,Point,Not Fleeing,0
2017,KS,Gun,Threat,Not Fleeing,0
2017,MI,Gun,Threat,Not Fleeing,0
2017,CA,Gun,Shoot,Foot,0
2017,NJ,Gun,Threat,Foot,0
2017,FL,Gun,Threat,Not Fleeing,0
2017,FL,Gun,Threat,Not Fleeing,0
2017,GA,Unarmed,Attack,Foot,0
2017,AR,Gun,Shoot,Foot,1
2017,NM,Gun,Shoot,Not Fleeing,0
2017,OH,Gun,Threat,Not Fleeing,0
2017,KY,Knife,Attack,Foot,0
2017,CT,Gun,Point,Foot,0
2017,KS,Unclear Weapon Information,Attack,Vehicle,1
2017,IN,Blunt Object,Threat,Not Fleeing,1
2017,AL,Gun,Shoot,Not Fleeing,0
2017,LA,Gun,Shoot,Not Fleeing,0
2017,TX,Gun,Threat,Not Fleeing,0
2017,FL,Unarmed,Move,Foot,0
2017,CA,Gun,Shoot,Vehicle,0
2017,CA,Gun,Shoot,Not Fleeing,0
2017,FL,Gun,Point,Not Fleeing,0
2017,VT,Replica,Point,Not Fleeing,0
2017,WI,Unclear Weapon Information,Threat,Foot,0
2017,MA,Knife,Threat,Foot,0
2017,CA,Gun,Point,Not Fleeing,0
2017,WI,Gun,Shoot,Not Fleeing,0
2017,WA,Gun,Threat,Not Fleeing,0
2017,OH,Unarmed,Attack,Not Fleeing,1
2017,SC,Missing,Attack,Vehicle,0
2017,GA,Other,Attack,Not Fleeing,0
2017,OH,Knife,Attack,Not Fleeing,0
2017,TX,Vehicle,Attack,Vehicle,0
2017,TN,Gun,Threat,Not Fleeing,0
2017,FL,Knife,Attack,Not Fleeing,0
2017,NC,Gun,Threat,Not Fleeing,0
2017,CA,Unarmed,Move,Not Fleeing,0
2017,NY,Knife,Threat,Not Fleeing,1
2017,CA,Gun,Shoot,Vehicle,0
2017,TX,Gun,Point,Not Fleeing,0
2017,MO,Unclear Weapon Information,Threat,Not Fleeing,0
2017,CA,Gun,Shoot,Not Fleeing,0
2017,AZ,Gun,Attack,Not Fleeing,0
2017,NC,Gun,Point,Not Fleeing,0
2017,WA,Gun,Shoot,Not Fleeing,0
2017,TX,Gun,Point,Not Fleeing,0
2017,IL,Missing,Attack,Not Fleeing,1
2017,MT,Unclear Weapon Information,Threat,Foot,0
2017,TN,Gun,Point,Vehicle,0
2017,CA,Replica,Point,Not Fleeing,0
2017,AZ,Gun,Shoot,Vehicle,0
2017,WV,Knife,Attack,Not Fleeing,0
2017,VA,Blunt Object,Move,Not Fleeing,0
2017,FL,Missing,Attack,Vehicle,0
2017,CA,Unarmed,Move,Vehicle,0
2017,GA,Knife,Threat,Not Fleeing,0
2017,CA,Knife,Threat,Not Fleeing,0
2017,WA,Gun,Shoot,Not Fleeing,0
2017,WV,Gun,Shoot,Foot,0
2017,AL,Gun,Threat,Not Fleeing,0
2017,NC,Multiple Weapons,Point,Vehicle,1
2017,VA,Gun,Point,Not Fleeing,0
2017,LA,Unclear Weapon Information,Unclear Threat,Missing,0
2017,TX,Gun,Point,Not Fleeing,0
2017,CA,Knife,Attack,Not Fleeing,0
2017,OK,Blunt Object,Threat,Not Fleeing,0
2017,IL,Gun,Move,Not Fleeing,0
2017,AL,Gun,Point,Not Fleeing,0
2017,OK,Gun,Shoot,Vehicle,0
2017,WA,Knife,Threat,Not Fleeing,0
2017,CO,Unclear Weapon Information,Move,Vehicle,0
2017,TX,Missing,Attack,Vehicle,0
2017,CA,Multiple Weapons,Point,Not Fleeing,0
2017,CA,Unclear Weapon Information,Attack,Not Fleeing,0
2017,CO,Unclear Weapon Information,Threat,Not Fleeing,0
2017,AZ,Gun,Point,Not Fleeing,0
2017,MS,Gun,Shoot,Not Fleeing,0
2017,FL,Missing,Attack,Vehicle,0
2017,CA,Gun,Threat,Not Fleeing,1
2017,IN,Gun,Shoot,Foot,0
2017,FL,Gun,Shoot,Foot,0
2017,NV,Other,Point,Not Fleeing,1
2017,TN,Gun,Point,Not Fleeing,0
2017,OR,Gun,Point,Not Fleeing,0
2017,ID,Gun,Threat,Not Fleeing,0
2017,CA,Gun,Shoot,Vehicle,0
2017,FL,Gun,Shoot,Vehicle,0
2017,GA,Gun,Point,Not Fleeing,0
2017,UT,Blunt Object,Threat,Not Fleeing,0
2017,KS,Gun,Attack,Foot,1
2017,IN,Gun,Shoot,Vehicle,0
2017,FL,Gun,Threat,Not Fleeing,0
2017,FL,Missing,Attack,Vehicle,0
2017,IA,Gun,Threat,Vehicle,1
2017,PA,Knife,Threat,Not Fleeing,0
2017,AK,Unarmed,Flee,Vehicle,1
2017,CO,Gun,Point,Not Fleeing,1
2017,MO,Multiple Weapons,Threat,Not Fleeing,0
2017,NC,Gun,Shoot,Not Fleeing,0
2017,LA,Gun,Threat,Foot,0
2017,MO,Blunt Object,Attack,Not Fleeing,0
2017,WA,Missing,Move,Not Fleeing,0
2017,NY,Gun,Shoot,Not Fleeing,0
2017,GA,Gun,Point,Not Fleeing,0
2017,AZ,Gun,Threat,Not Fleeing,0
2017,GA,Unarmed,Move,Not Fleeing,0
2017,KS,Knife,Threat,Not Fleeing,0
2017,MN,Gun,Shoot,Not Fleeing,1
2017,AL,Gun,Shoot,Missing,0
2017,TX,Knife,Attack,Not Fleeing,0
2017,CO,Gun,Shoot,Vehicle,0
2017,PA,Gun,Threat,Not Fleeing,0
2017,FL,Knife,Attack,Not Fleeing,0
2017,FL,Gun,Flee,Foot,0
2017,CA,Missing,Unclear Threat,Missing,0
2017,WV,Gun,Shoot,Vehicle,0
2017,VA,Knife,Threat,Foot,0
2017,AZ,Gun,Point,Foot,0
2017,CA,Knife,Threat,Not Fleeing,0
2017,KY,Gun,Threat,Not Fleeing,1
2017,FL,Vehicle,Attack,Vehicle,0
2017,AZ,Gun,Shoot,Not Fleeing,0
2017,WA,Gun,Point,Missing,0
2017,MS,Missing,Attack,Vehicle,0
2017,AZ,Gun,Threat,Not Fleeing,0
2017,CO,Unarmed,Attack,Foot,0
2017,AL,Gun,Shoot,Foot,0
2017,AZ,Gun,Shoot,Not Fleeing,1
2017,KY,Gun,Shoot,Not Fleeing,0
2017,VA,Gun,Point,Foot,0
2017,CA,Unclear Weapon Information,Move,Vehicle,0
2017,CA,Gun,Threat,Not Fleeing,0
2017,MD,Gun,Move,Foot,1
2017,SC,Gun,Attack,Not Fleeing,0
2017,TX,Gun,Attack,Vehicle,0
2017,AZ,Gun,Threat,Not Fleeing,0
2017,CA,Gun,Shoot,Not Fleeing,0
2017,VA,Missing,Threat,Not Fleeing,0
2017,AZ,Gun,Shoot,Foot,0
2017,FL,Gun,Threat,Not Fleeing,0
2017,NC,Gun,Shoot,Vehicle,0
2017,AL,Gun,Threat,Not Fleeing,0
2017,TX,Unarmed,Attack,Foot,1
2017,OH,Gun,Point,Not Fleeing,0
2017,TX,Knife,Threat,Not Fleeing,0
2017,OK,Knife,Attack,Not Fleeing,1
2017,CA,Blunt Object,Threat,Not Fleeing,0
2017,OH,Gun,Shoot,Not Fleeing,0
2017,CA,Unarmed,Flee,Vehicle,0
2017,NV,Gun,Point,Not Fleeing,0
2017,MO,Gun,Shoot,Foot,0
2017,WI,Unarmed,Attack,Not Fleeing,0
2017,CA,Gun,Point,Not Fleeing,0
2017,KY,Gun,Threat,Not Fleeing,1
2017,ND,Unclear Weapon Information,Threat,Vehicle,0
2017,TX,Knife,Threat,Not Fleeing,0
2017,PA,Unarmed,Attack,Not Fleeing,0
2017,FL,Gun,Shoot,Not Fleeing,0
2017,OH,Gun,Shoot,Foot,0
2017,AL,Gun,Shoot,Vehicle,0
2017,PA,Missing,Move,Not Fleeing,0
2017,NY,Gun,Shoot,Vehicle,0
2017,FL,Knife,Threat,Not Fleeing,0
2017,CO,Multiple Weapons,Point,Vehicle,0
2017,WI,Gun,Move,Vehicle,1
2017,OR,Knife,Threat,Vehicle,0
2017,MS,Gun,Shoot,Vehicle,0
2017,CO,Gun,Point,Not Fleeing,0
2017,IN,Knife,Attack,Not Fleeing,0
2017,PA,Missing,Threat,Not Fleeing,0
2017,WA,Gun,Point,Not Fleeing,0
2017,CA,Knife,Attack,Not Fleeing,0
2017,CA,Unclear Weapon Information,Threat,Not Fleeing,0
2017,TN,Gun,Point,Not Fleeing,0
2017,TX,Gun,Shoot,Not Fleeing,0
2017,NM,Blunt Object,Threat,Not Fleeing,0
2017,AL,Gun,Shoot,Not Fleeing,0
2017,KY,Missing,Attack,Vehicle,0
2017,CA,Other,Attack,Not Fleeing,0
2017,FL,Gun,Shoot,Not Fleeing,0
2017,MI,Gun,Shoot,Not Fleeing,0
2017,FL,Multiple Weapons,Shoot,Vehicle,0
2017,TX,Knife,Threat,Missing,0
2017,AR,Gun,Shoot,Not Fleeing,0
2017,AL,Multiple Weapons,Point,Vehicle,0
2017,AR,Knife,Point,Not Fleeing,0
2017,MS,Gun,Threat,Not Fleeing,1
2017,CO,Gun,Shoot,Missing,0
2017,MT,Gun,Shoot,Missing,0
2017,IN,Gun,Shoot,Not Fleeing,0
2017,CA,Gun,Unclear Threat,Foot,0
2017,MS,Gun,Shoot,Not Fleeing,0
2017,NM,Vehicle,Attack,Not Fleeing,0
2017,IL,Missing,Unclear Threat,Vehicle,0
2017,VA,Knife,Threat,Not Fleeing,0
2017,CA,Gun,Point,Vehicle,0
2017,GA,Gun,Point,Not Fleeing,0
2017,NV,Gun,Point,Not Fleeing,0
2017,GA,Gun,Shoot,Vehicle,0
2017,TN,Gun,Attack,Foot,0
2017,VA,Gun,Threat,Not Fleeing,0
2017,WI,Knife,Threat,Not Fleeing,0
2017,NC,Gun,Shoot,Vehicle,0
2017,RI,Missing,Shoot,Vehicle,1
2017,MS,Gun,Point,Not Fleeing,0
2017,KY,Gun,Threat,Vehicle,0
2017,KY,Unarmed,Accident,Vehicle,0
2017,LA,Gun,Shoot,Not Fleeing,0
2017,AZ,Knife,Attack,Not Fleeing,0
2017,MN,Gun,Shoot,Not Fleeing,0
2017,CO,Gun,Flee,Foot,0
2017,MS,Missing,Move,Not Fleeing,0
2017,NM,Gun,Shoot,Not Fleeing,0
2017,IA,Gun,Point,Vehicle,0
2017,NV,Gun,Point,Not Fleeing,0
2017,LA,Gun,Point,Not Fleeing,0
2017,MA,Missing,Move,Vehicle,0
2017,NY,Knife,Attack,Not Fleeing,1
2017,LA,Unarmed,Attack,Foot,1
2017,AZ,Gun,Point,Foot,0
2017,CA,Knife,Threat,Vehicle,0
2017,OK,Unarmed,Threat,Not Fleeing,1
2017,AK,Gun,Point,Vehicle,0
2017,CA,Gun,Shoot,Vehicle,0
2017,MS,Knife,Threat,Not Fleeing,0
2017,NY,Gun,Shoot,Not Fleeing,0
2017,TX,Gun,Shoot,Not Fleeing,0
2017,NM,Unarmed,Accident,Vehicle,0
2017,NM,Unarmed,Flee,Vehicle,0
2017,LA,Gun,Shoot,Not Fleeing,0
2017,VA,Unarmed,Unclear Threat,Vehicle,0
2017,WV,Gun,Shoot,Not Fleeing,0
2017,AL,Unarmed,Accident,Vehicle,0
2017,MT,Vehicle,Attack,Vehicle,1
2017,KY,Missing,Point,Vehicle,0
2017,CA,Gun,Shoot,Missing,0
2017,SC,Gun,Point,Vehicle,0
2017,IA,Gun,Shoot,Not Fleeing,0
2017,MS,Knife,Flee,Not Fleeing,0
2017,OR,Gun,Threat,Foot,0
2017,MO,Gun,Point,Not Fleeing,0
2017,MO,Gun,Point,Missing,0
2017,AL,Gun,Point,Not Fleeing,0
2017,MI,Knife,Threat,Not Fleeing,0
2017,TX,Gun,Shoot,Foot,0
2017,AZ,Unclear Weapon Information,Threat,Not Fleeing,0
2017,NM,Gun,Point,Not Fleeing,0
2017,CA,Gun,Shoot,Vehicle,0
2017,AL,Gun,Shoot,Not Fleeing,0
2017,CA,Knife,Threat,Not Fleeing,0
2017,WA,Gun,Shoot,Vehicle,0
2017,CA,Gun,Shoot,Not Fleeing,0
2017,MI,Missing,Attack,Vehicle,0
2017,NV,Gun,Shoot,Not Fleeing,0
2017,WA,Gun,Shoot,Foot,0
2017,AZ,Unclear Weapon Information,Attack,Missing,0
2017,IL,Gun,Threat,Missing,1
2017,NC,Gun,Move,Foot,0
2017,CA,Gun,Threat,Vehicle,0
2017,SC,Knife,Threat,Missing,1
2017,CA,Unarmed,Flee,Vehicle,1
2017,CA,Knife,Threat,Not Fleeing,0
2017,CO,Gun,Point,Not Fleeing,0
2017,TX,Knife,Attack,Not Fleeing,0
2017,GA,Gun,Shoot,Not Fleeing,0
2017,NY,Knife,Threat,Not Fleeing,0
2017,VA,Gun,Shoot,Not Fleeing,0
2017,FL,Unarmed,Attack,Not Fleeing,1
2017,FL,Gun,Unclear Threat,Not Fleeing,0
2017,WY,Gun,Shoot,Not Fleeing,0
2017,WI,Gun,Point,Vehicle,0
2017,CO,Unarmed,Flee,Foot,0
2017,PA,Gun,Point,Vehicle,0
2017,AZ,Missing,Attack,Vehicle,0
2017,CA,Gun,Shoot,Not Fleeing,0
2017,DE,Gun,Shoot,Not Fleeing,0
2017,AR,Gun,Point,Not Fleeing,0
2017,CA,Knife,Threat,Missing,0
2017,OK,Other,Attack,Not Fleeing,0
2017,CA,Knife,Attack,Not Fleeing,0
2017,AL,Knife,Attack,Not Fleeing,0
2017,WA,Gun,Shoot,Vehicle,1
2017,MT,Unclear Weapon Information,Threat,Missing,0
2017,GA,Unclear Weapon Information,Threat,Not Fleeing,0
2017,CO,Vehicle,Attack,Missing,0
2017,AL,Unclear Weapon Information,Threat,Not Fleeing,0
2017,CT,Missing,Move,Vehicle,0
2017,TN,Gun,Shoot,Not Fleeing,0
2017,VA,Gun,Point,Foot,0
2017,NY,Gun,Threat,Vehicle,0
2017,DE,Missing,Move,Vehicle,0
2017,TN,Unclear Weapon Information,Threat,Foot,0
2017,WA,Gun,Shoot,Not Fleeing,0
2017,WV,Blunt Object,Attack,Not Fleeing,0
2017,MI,Knife,Threat,Not Fleeing,0
2017,AR,Knife,Threat,Foot,0
2017,TX,Knife,Threat,Not Fleeing,0
2017,WA,Gun,Threat,Not Fleeing,0
2017,OH,Replica,Threat,Not Fleeing,0
2017,AK,Gun,Shoot,Not Fleeing,0
2017,NM,Unarmed,Move,Not Fleeing,0
2017,CA,Gun,Unclear Threat,Foot,0
2017,TX,Unarmed,Accident,Not Fleeing,0
2017,TX,Blunt Object,Threat,Foot,1
2017,CO,Gun,Threat,Foot,0
2017,PA,Gun,Shoot,Foot,0
2017,MN,Gun,Shoot,Foot,0
2017,ID,Gun,Threat,Not Fleeing,0
2017,CA,Blunt Object,Threat,Foot,0
2017,NH,Unclear Weapon Information,Threat,Not Fleeing,0
2017,TX,Knife,Threat,Not Fleeing,0
2017,AK,Gun,Point,Not Fleeing,1
2017,AZ,Knife,Move,Not Fleeing,0
2017,OK,Gun,Point,Not Fleeing,1
2017,WA,Gun,Shoot,Not Fleeing,0
2017,OR,Gun,Shoot,Vehicle,0
2017,WA,Unclear Weapon Information,Unclear Threat,Not Fleeing,0
2017,CA,Gun,Point,Vehicle,0
2017,NM,Gun,Shoot,Missing,0
2017,IN,Gun,Shoot,Vehicle,0
2017,CA,Gun,Point,Vehicle,0
2017,TX,Gun,Shoot,Not Fleeing,0
2017,TN,Knife,Threat,Vehicle,0
2017,WA,Gun,Shoot,Foot,1
2017,PA,Missing,Attack,Vehicle,0
2017,KS,Unarmed,Accident,Not Fleeing,0
2017,VA,Gun,Shoot,Not Fleeing,0
2017,PA,Gun,Threat,Not Fleeing,0
2017,AL,Gun,Point,Not Fleeing,0
2017,IN,Gun,Point,Vehicle,0
2017,GA,Unclear Weapon Information,Threat,Vehicle,0
2017,CA,Gun,Shoot,Not Fleeing,0
2017,TX,Unclear Weapon Information,Unclear Threat,Missing,0
2017,CA,Gun,Threat,Not Fleeing,0
2017,CO,Gun,Shoot,Not Fleeing,1
2017,CA,Missing,Threat,Vehicle,0
2018,GA,Gun,Point,Not Fleeing,0
2018,AR,Gun,Point,Not Fleeing,0
2018,FL,Gun,Shoot,Not Fleeing,1
2018,TX,Gun,Shoot,Not Fleeing,0
2018,AR,Gun,Point,Not Fleeing,0
2018,MO,Knife,Attack,Not Fleeing,0
2018,CA,Gun,Shoot,Not Fleeing,0
2018,ID,Gun,Shoot,Not Fleeing,0
2018,WI,Gun,Point,Not Fleeing,0
2018,MO,Gun,Point,Not Fleeing,0
2018,OH,Gun,Point,Not Fleeing,0
2018,CA,Gun,Threat,Not Fleeing,0
2018,NM,Multiple Weapons,Threat,Not Fleeing,0
2018,AR,Gun,Shoot,Not Fleeing,0
2018,OK,Blunt Object,Threat,Not Fleeing,0
2018,TX,Gun,Attack,Not Fleeing,0
2018,WI,Knife,Threat,Not Fleeing,0
2018,FL,Gun,Point,Not Fleeing,0
2018,NM,Unarmed,Flee,Vehicle,0
2018,PA,Vehicle,Threat,Vehicle,0
2018,AL,Gun,Point,Not Fleeing,0
2018,FL,Gun,Threat,Foot,0
2018,CA,Knife,Threat,Not Fleeing,0
2018,VA,Gun,Shoot,Not Fleeing,0
2018,AZ,Unarmed,Move,Not Fleeing,0
2018,WA,Gun,Shoot,Not Fleeing,0
2018,MS,Gun,Shoot,Vehicle,0
2018,TN,Gun,Move,Not Fleeing,0
2018,MO,Gun,Point,Foot,0
2018,CA,Gun,Threat,Missing,0
2018,MO,Gun,Point,Foot,0
2018,CA,Blunt Object,Threat,Not Fleeing,1
2018,CA,Vehicle,Threat,Vehicle,0
2018,TX,Gun,Point,Missing,0
2018,SC,Gun,Point,Vehicle,0
2018,NC,Gun,Shoot,Not Fleeing,0
2018,NV,Gun,Threat,Not Fleeing,0
2018,CA,Gun,Move,Not Fleeing,0
2018,KY,Gun,Threat,Not Fleeing,0
2018,OR,Gun,Shoot,Vehicle,0
2018,OH,Gun,Threat,Not Fleeing,0
2018,WA,Gun,Shoot,Vehicle,0
2018,OR,Gun,Point,Not Fleeing,0
2018,NC,Gun,Move,Not Fleeing,1
2018,CA,Gun,Threat,Not Fleeing,0
2018,CO,Unclear Weapon Information,Unclear Threat,Vehicle,0
2018,OR,Gun,Threat,Not Fleeing,0
2018,VT,Replica,Threat,Foot,0
2018,TX,Unclear Weapon Information,Move,Not Fleeing,0
2018,CO,Unarmed,Attack,Not Fleeing,0
2018,ID,Gun,Point,Not Fleeing,0
2018,OK,Replica,Shoot,Not Fleeing,0
2018,IA,Gun,Shoot,Vehicle,0
2018,TN,Gun,Move,Vehicle,0
2018,WI,Gun,Point,Foot,0
2018,AZ,Knife,Threat,Not Fleeing,0
2018,OH,Unarmed,Threat,Not Fleeing,0
2018,PA,Gun,Shoot,Not Fleeing,0
2018,IN,Knife,Attack,Not Fleeing,0
2018,MN,Knife,Threat,Not Fleeing,0
2018,GA,Gun,Threat,Not Fleeing,0
2018,FL,Gun,Shoot,Not Fleeing,0
2018,TX,Unarmed,Threat,Not Fleeing,0
2018,KS,Missing,Move,Missing,0
2018,FL,Missing,Threat,Vehicle,0
2018,WA,Unclear Weapon Information,Threat,Not Fleeing,0
2018,MI,Gun,Threat,Not Fleeing,0
2018,TX,Missing,Threat,Vehicle,0
2018,OK,Unarmed,Threat,Not Fleeing,0
2018,NJ,Other,Threat,Missing,0
2018,CO,Gun,Shoot,Vehicle,1
2018,OK,Gun,Threat,Vehicle,0
2018,CA,Unclear Weapon Information,Attack,Missing,0
2018,GA,Replica,Shoot,Missing,1
2018,TX,Blunt Object,Attack,Foot,0
2018,FL,Unarmed,Threat,Vehicle,0
2018,ID,Unclear Weapon Information,Threat,Foot,0
2018,NV,Unclear Weapon Information,Threat,Foot,0
2018,MI,Gun,Shoot,Not Fleeing,0
2018,MD,Gun,Shoot,Not Fleeing,0
2018,TX,Unarmed,Accident,Not Fleeing,0
2018,TX,Knife,Attack,Vehicle,0
2018,GA,Replica,Point,Not Fleeing,0
2018,NV,Gun,Move,Missing,0
2018,IL,Missing,Attack,Vehicle,0
2018,IL,Knife,Attack,Not Fleeing,0
2018,IN,Knife,Threat,Not Fleeing,0
2018,MS,Vehicle,Attack,Vehicle,0
2018,TX,Gun,Point,Not Fleeing,0
2018,KY,Gun,Shoot,Not Fleeing,0
2018,MD,Gun,Shoot,Foot,1
2018,GA,Gun,Shoot,Foot,0
2018,TX,Gun,Shoot,Vehicle,0
2018,NY,Knife,Threat,Foot,1
2018,TX,Knife,Attack,Not Fleeing,0
2018,OK,Unarmed,Threat,Not Fleeing,0
2018,MN,Knife,Threat,Foot,0
2018,CO,Knife,Threat,Not Fleeing,0
2018,OH,Unarmed,Attack,Foot,0
2018,PA,Missing,Attack,Not Fleeing,0
2018,IL,Gun,Shoot,Foot,0
2018,OK,Gun,Shoot,Not Fleeing,0
2018,TX,Gun,Point,Foot,0
2018,KY,Gun,Shoot,Not Fleeing,0
2018,GA,Knife,Threat,Vehicle,0
2018,MT,Gun,Threat,Missing,0
2018,KY,Vehicle,Threat,Not Fleeing,0
2018,NC,Knife,Threat,Not Fleeing,1
2018,TX,Gun,Point,Not Fleeing,0
2018,GA,Replica,Point,Foot,0
2018,MA,Unarmed,Flee,Foot,0
2018,MS,Gun,Shoot,Foot,0
2018,CA,Gun,Move,Foot,0
2018,CA,Gun,Threat,Not Fleeing,0
2018,CO,Gun,Shoot,Not Fleeing,0
2018,FL,Unarmed,Threat,Not Fleeing,0
2018,CO,Knife,Threat,Not Fleeing,0
2018,CA,Gun,Point,Not Fleeing,0
2018,CA,Missing,Threat,Vehicle,0
2018,FL,Missing,Attack,Vehicle,0
2018,CA,Replica,Move,Not Fleeing,0
2018,FL,Knife,Threat,Not Fleeing,0
2018,GA,Gun,Shoot,Not Fleeing,0
2018,GA,Vehicle,Flee,Vehicle,0
2018,AZ,Gun,Threat,Not Fleeing,1
2018,OH,Replica,Threat,Foot,0
2018,CO,Gun,Threat,Not Fleeing,0
2018,FL,Knife,Threat,Not Fleeing,0
2018,AZ,Gun,Point,Not Fleeing,1
2018,VT,Gun,Threat,Not Fleeing,0
2018,PA,Gun,Shoot,Foot,0
2018,OK,Gun,Point,Not Fleeing,0
2018,FL,Gun,Point,Not Fleeing,0
2018,CA,Unarmed,Attack,Foot,0
2018,CO,Multiple Weapons,Threat,Not Fleeing,0
2018,CA,Gun,Threat,Vehicle,0
2018,TX,Gun,Point,Foot,0
2018,IN,Knife,Point,Not Fleeing,0
2018,IN,Gun,Threat,Not Fleeing,0
2018,MO,Gun,Shoot,Vehicle,0
2018,AL,Gun,Shoot,Not Fleeing,0
2018,AZ,Gun,Point,Not Fleeing,0
2018,UT,Gun,Shoot,Vehicle,0
2018,NC,Gun,Shoot,Not Fleeing,0
2018,FL,Gun,Threat,Missing,0
2018,WV,Unclear Weapon Information,Unclear Threat,Missing,0
2018,WV,Gun,Shoot,Not Fleeing,0
2018,FL,Missing,Threat,Not Fleeing,0
2018,NM,Missing,Threat,Vehicle,0
2018,OK,Gun,Shoot,Not Fleeing,0
2018,TX,Gun,Shoot,Vehicle,0
2018,WA,Gun,Shoot,Not Fleeing,0
2018,TX,Gun,Point,Vehicle,0
2018,TX,Knife,Threat,Foot,1
2018,MD,Gun,Shoot,Vehicle,0
2018,AL,Gun,Shoot,Foot,0
2018,ND,Gun,Shoot,Vehicle,0
2018,MS,Gun,Shoot,Foot,0
2018,TX,Unarmed,Flee,Vehicle,0
2018,TN,Gun,Threat,Missing,0
2018,AZ,Gun,Threat,Foot,0
2018,VA,Unarmed,Threat,Foot,0
2018,IN,Replica,Threat,Not Fleeing,0
2018,WV,Replica,Point,Not Fleeing,1
2018,OK,Knife,Attack,Not Fleeing,0
2018,WY,Knife,Threat,Foot,0
2018,CA,Gun,Shoot,Not Fleeing,0
2018,OH,Gun,Shoot,Foot,0
2018,AZ,Gun,Point,Missing,0
2018,KS,Gun,Shoot,Not Fleeing,0
2018,CA,Knife,Threat,Not Fleeing,1
2018,MO,Gun,Shoot,Not Fleeing,0
2018,TX,Gun,Shoot,Not Fleeing,0
2018,SC,Gun,Threat,Vehicle,1
2018,ID,Gun,Shoot,Not Fleeing,0
2018,FL,Gun,Shoot,Not Fleeing,0
2018,CO,Unclear Weapon Information,Threat,Not Fleeing,0
2018,VA,Knife,Threat,Vehicle,0
2018,AZ,Unclear Weapon Information,Threat,Not Fleeing,0
2018,PA,Unclear Weapon Information,Threat,Not Fleeing,0
2018,AZ,Gun,Shoot,Foot,0
2018,AZ,Knife,Threat,Not Fleeing,0
2018,CA,Vehicle,Attack,Not Fleeing,0
2018,AZ,Gun,Threat,Not Fleeing,0
2018,TX,Unclear Weapon Information,Point,Not Fleeing,1
2018,AZ,Blunt Object,Threat,Not Fleeing,0
2018,MO,Gun,Shoot,Not Fleeing,0
2018,MS,Gun,Shoot,Not Fleeing,0
2018,PA,Replica,Threat,Not Fleeing,0
2018,ID,Gun,Shoot,Not Fleeing,0
2018,GA,Replica,Point,Not Fleeing,0
2018,FL,Knife,Move,Foot,0
2018,AL,Gun,Shoot,Not Fleeing,0
2018,MO,Gun,Shoot,Missing,0
2018,KY,Gun,Shoot,Not Fleeing,0
2018,NM,Knife,Threat,Not Fleeing,0
2018,IN,Gun,Point,Not Fleeing,1
2018,IN,Gun,Shoot,Not Fleeing,0
2018,CO,Gun,Point,Foot,0
2018,CA,Gun,Shoot,Not Fleeing,0
2018,TX,Gun,Threat,Not Fleeing,0
2018,MO,Gun,Shoot,Not Fleeing,0
2018,CA,Gun,Point,Not Fleeing,0
2018,TX,Blunt Object,Threat,Not Fleeing,0
2018,TX,Unarmed,Accident,Not Fleeing,0
2018,VA,Gun,Shoot,Vehicle,0
2018,PA,Replica,Threat,Not Fleeing,0
2018,AK,Gun,Shoot,Foot,0
2018,CA,Unclear Weapon Information,Unclear Threat,Missing,0
2018,FL,Knife,Threat,Not Fleeing,0
2018,AZ,Gun,Shoot,Foot,0
2018,TX,Knife,Attack,Not Fleeing,0
2018,OR,Gun,Shoot,Not Fleeing,0
2018,CA,Gun,Shoot,Not Fleeing,0
2018,CA,Gun,Point,Not Fleeing,0
2018,NM,Gun,Flee,Foot,0
2018,TX,Gun,Shoot,Not Fleeing,0
2018,IL,Knife,Threat,Vehicle,1
2018,MI,Gun,Shoot,Foot,0
2018,NC,Gun,Shoot,Not Fleeing,0
2018,ND,Missing,Attack,Vehicle,0
2018,NY,Blunt Object,Attack,Not Fleeing,0
2018,CA,Blunt Object,Attack,Foot,0
2018,CO,Gun,Threat,Not Fleeing,0
2018,UT,Gun,Threat,Not Fleeing,0
2018,OR,Missing,Threat,Foot,0
2018,LA,Unarmed,Attack,Not Fleeing,0
2018,SD,Unclear Weapon Information,Threat,Missing,0
2018,AZ,Unarmed,Attack,Not Fleeing,0
2018,TN,Gun,Shoot,Not Fleeing,0
2018,TN,Knife,Threat,Foot,0
2018,WA,Knife,Move,Not Fleeing,0
2018,NC,Blunt Object,Threat,Missing,0
2018,TX,Unclear Weapon Information,Attack,Not Fleeing,0
2018,CA,Gun,Move,Vehicle,0
2018,TX,Missing,Attack,Vehicle,0
2018,CA,Unarmed,Move,Foot,1
2018,CA,Knife,Threat,Foot,0
2018,SC,Knife,Threat,Not Fleeing,1
2018,KY,Gun,Point,Vehicle,0
2018,AR,Other,Threat,Not Fleeing,0
2018,CO,Unarmed,Flee,Vehicle,0
2018,KY,Gun,Point,Not Fleeing,0
2018,NC,Gun,Point,Not Fleeing,0
2018,FL,Gun,Point,Not Fleeing,0
2018,NJ,Replica,Threat,Not Fleeing,0
2018,OK,Gun,Point,Not Fleeing,1
2018,OK,Knife,Threat,Not Fleeing,0
2018,FL,Gun,Shoot,Not Fleeing,0
2018,CA,Gun,Shoot,Not Fleeing,0
2018,TX,Knife,Attack,Foot,0
2018,IL,Gun,Shoot,Foot,0
2018,TX,Unarmed,Attack,Not Fleeing,0
2018,TX,Gun,Point,Not Fleeing,0
2018,LA,Unarmed,Attack,Not Fleeing,0
2018,TX,Gun,Point,Foot,0
2018,FL,Missing,Attack,Not Fleeing,0
2018,AZ,Knife,Attack,Not Fleeing,0
2018,MI,Unclear Weapon Information,Threat,Vehicle,0
2018,AZ,Other,Threat,Not Fleeing,0
2018,AZ,Unclear Weapon Information,Threat,Not Fleeing,0
2018,AK,Unarmed,Attack,Not Fleeing,0
2018,AK,Knife,Move,Foot,0
2018,OH,Gun,Shoot,Not Fleeing,0
2018,TX,Gun,Shoot,Not Fleeing,0
2018,VA,Gun,Threat,Vehicle,0
2018,NC,Gun,Shoot,Not Fleeing,1
2018,FL,Unarmed,Attack,Vehicle,1
2018,ID,Knife,Threat,Not Fleeing,0
2018,AL,Vehicle,Attack,Vehicle,0
2018,AZ,Gun,Point,Not Fleeing,0
2018,OK,Multiple Weapons,Threat,Not Fleeing,0
2018,PA,Gun,Shoot,Foot,0
2018,KY,Gun,Point,Not Fleeing,0
2018,AL,Missing,Attack,Vehicle,0
2018,SC,Gun,Threat,Vehicle,0
2018,AZ,Knife,Threat,Not Fleeing,0
2018,TX,Gun,Point,Vehicle,1
2018,WV,Gun,Shoot,Vehicle,0
2018,NV,Knife,Threat,Not Fleeing,1
2018,TN,Gun,Threat,Vehicle,0
2018,NC,Gun,Move,Not Fleeing,0
2018,CA,Replica,Threat,Not Fleeing,0
2018,OK,Knife,Point,Not Fleeing,0
2018,NV,Missing,Attack,Not Fleeing,0
2018,TX,Gun,Threat,Not Fleeing,0
2018,LA,Gun,Shoot,Not Fleeing,0
2018,LA,Gun,Shoot,Vehicle,0
2018,FL,Gun,Shoot,Vehicle,0
2018,NC,Knife,Threat,Not Fleeing,0
2018,MI,Gun,Shoot,Not Fleeing,0
2018,TX,Knife,Threat,Not Fleeing,0
2018,MO,Knife,Threat,Missing,0
2018,AZ,Gun,Threat,Foot,0
2018,AL,Gun,Threat,Not Fleeing,1
2018,OK,Knife,Threat,Not Fleeing,0
2018,TX,Gun,Threat,Foot,0
2018,NY,Blunt Object,Point,Not Fleeing,0
2018,GA,Gun,Point,Not Fleeing,0
2018,AZ,Gun,Shoot,Not Fleeing,0
2018,AZ,Gun,Shoot,Foot,0
2018,NY,Gun,Point,Not Fleeing,0
2018,PA,Gun,Shoot,Not Fleeing,0
2018,IN,Knife,Threat,Not Fleeing,0
2018,CA,Vehicle,Attack,Not Fleeing,0
2018,CA,Gun,Shoot,Foot,0
2018,WV,Gun,Threat,Foot,1
2018,IN,Knife,Threat,Not Fleeing,0
2018,CA,Gun,Shoot,Vehicle,0
2018,AR,Knife,Attack,Foot,0
2018,WA,Gun,Shoot,Not Fleeing,0
2018,NV,Gun,Point,Not Fleeing,0
2018,OR,Knife,Threat,Vehicle,0
2018,CA,Gun,Shoot,Not Fleeing,0
2018,CA,Replica,Point,Not Fleeing,0
2018,VA,Unarmed,Threat,Vehicle,1
2018,UT,Knife,Flee,Foot,1
2018,KY,Knife,Threat,Not Fleeing,1
2018,MI,Knife,Attack,Not Fleeing,0
2018,MT,Knife,Attack,Not Fleeing,1
2018,CA,Gun,Flee,Foot,1
2018,OK,Gun,Threat,Not Fleeing,1
2018,MT,Replica,Threat,Not Fleeing,0
2018,AZ,Gun,Threat,Not Fleeing,0
2018,CA,Knife,Threat,Foot,0
2018,MI,Missing,Flee,Vehicle,0
2018,LA,Gun,Shoot,Not Fleeing,0
2018,CA,Gun,Shoot,Not Fleeing,0
2018,NY,Gun,Point,Not Fleeing,1
2018,NC,Knife,Threat,Not Fleeing,1
2018,LA,Gun,Shoot,Not Fleeing,0
2018,GA,Gun,Shoot,Not Fleeing,0
2018,MN,Gun,Threat,Not Fleeing,0
2018,AR,Knife,Attack,Not Fleeing,0
2018,PA,Gun,Point,Vehicle,0
2018,CO,Knife,Threat,Not Fleeing,0
2018,TX,Knife,Threat,Not Fleeing,0
2018,CO,Gun,Threat,Vehicle,0
2018,NJ,Gun,Flee,Vehicle,0
2018,AZ,Gun,Point,Vehicle,0
2018,GA,Vehicle,Attack,Not Fleeing,0
2018,AZ,Gun,Shoot,Not Fleeing,0
2018,CA,Replica,Point,Not Fleeing,1
2018,MT,Knife,Threat,Not Fleeing,0
2018,UT,Knife,Attack,Vehicle,0
2018,GA,Missing,Attack,Vehicle,0
2018,OK,Vehicle,Attack,Vehicle,0
2018,KY,Missing,Attack,Vehicle,0
2018,GA,Knife,Attack,Not Fleeing,1
2018,MO,Gun,Point,Foot,0
2018,FL,Gun,Shoot,Not Fleeing,0
2018,UT,Knife,Move,Not Fleeing,0
2018,MI,Gun,Point,Not Fleeing,0
2018,CA,Vehicle,Flee,Vehicle,0
2018,FL,Unarmed,Threat,Not Fleeing,0
2018,IL,Gun,Point,Not Fleeing,0
2018,IA,Knife,Move,Missing,0
2018,TN,Gun,Move,Foot,0
2018,MI,Gun,Attack,Not Fleeing,0
2018,KY,Gun,Shoot,Foot,0
2018,TX,Gun,Threat,Foot,0
2018,KY,Gun,Shoot,Missing,1
2018,TX,Gun,Shoot,Not Fleeing,0
2018,CO,Gun,Point,Foot,0
2018,KY,Knife,Attack,Not Fleeing,0
2018,CO,Gun,Threat,Vehicle,0
2018,AZ,Gun,Point,Not Fleeing,0
2018,TX,Gun,Point,Not Fleeing,0
2018,TX,Knife,Attack,Vehicle,0
2018,CA,Vehicle,Attack,Vehicle,1
2018,MI,Gun,Shoot,Not Fleeing,0
2018,GA,Knife,Threat,Not Fleeing,0
2018,CO,Gun,Threat,Not Fleeing,0
2018,CA,Gun,Point,Not Fleeing,0
2018,FL,Gun,Shoot,Not Fleeing,0
2018,LA,Unarmed,Attack,Foot,0
2018,CA,Unclear Weapon Information,Threat,Not Fleeing,0
2018,NC,Gun,Point,Not Fleeing,0
2018,IA,Gun,Shoot,Not Fleeing,0
2018,OH,Knife,Threat,Not Fleeing,0
2018,TX,Gun,Shoot,Vehicle,0
2018,TX,Knife,Threat,Not Fleeing,0
2018,AZ,Gun,Shoot,Vehicle,0
2018,SD,Blunt Object,Threat,Missing,0
2018,NC,Gun,Shoot,Not Fleeing,0
2018,KS,Gun,Threat,Missing,0
2018,TX,Gun,Shoot,Not Fleeing,0
2018,GA,Gun,Point,Vehicle,0
2018,CA,Knife,Attack,Not Fleeing,0
2018,TX,Knife,Attack,Not Fleeing,0
2018,IN,Gun,Shoot,Vehicle,0
2018,ME,Replica,Threat,Not Fleeing,0
2018,OH,Gun,Shoot,Not Fleeing,0
2018,AZ,Gun,Shoot,Foot,0
2018,TX,Gun,Shoot,Foot,0
2018,MO,Vehicle,Attack,Vehicle,0
2018,OH,Gun,Point,Not Fleeing,0
2018,OK,Gun,Point,Vehicle,0
2018,GA,Other,Attack,Vehicle,0
2018,WY,Gun,Shoot,Not Fleeing,0
2018,FL,Missing,Attack,Vehicle,0
2018,OK,Gun,Threat,Not Fleeing,1
2018,GA,Gun,Shoot,Vehicle,0
2018,WI,Gun,Threat,Not Fleeing,1
2018,AZ,Gun,Threat,Not Fleeing,0
2018,AR,Gun,Shoot,Not Fleeing,0
2018,PA,Gun,Shoot,Not Fleeing,0
2018,AZ,Knife,Threat,Foot,0
2018,VA,Replica,Threat,Vehicle,0
2018,CO,Knife,Threat,Foot,0
2018,MS,Gun,Shoot,Not Fleeing,0
2018,TN,Vehicle,Attack,Not Fleeing,0
2018,PA,Gun,Threat,Not Fleeing,0
2018,WI,Gun,Shoot,Vehicle,0
2018,WI,Gun,Shoot,Vehicle,0
2018,LA,Knife,Threat,Not Fleeing,0
2018,IN,Gun,Point,Foot,0
2018,OK,Gun,Shoot,Not Fleeing,0
2018,ID,Knife,Attack,Not Fleeing,0
2018,OH,Gun,Shoot,Vehicle,0
2018,VA,Unclear Weapon Information,Threat,Not Fleeing,0
2018,LA,Gun,Shoot,Not Fleeing,0
2018,GA,Gun,Shoot,Not Fleeing,0
2018,MI,Gun,Threat,Not Fleeing,0
2018,MD,Gun,Point,Not Fleeing,0
2018,MI,Unarmed,Attack,Not Fleeing,0
2018,ME,Gun,Point,Not Fleeing,0
2018,IL,Gun,Threat,Not Fleeing,0
2018,TX,Gun,Shoot,Not Fleeing,0
2018,VA,Unarmed,Attack,Vehicle,1
2018,FL,Gun,Threat,Vehicle,0
2018,OH,Knife,Threat,Not Fleeing,0
2018,OK,Gun,Shoot,Not Fleeing,0
2018,MI,Gun,Point,Foot,0
2018,TX,Unclear Weapon Information,Threat,Missing,0
2018,OR,Knife,Threat,Vehicle,0
2018,NV,Missing,Attack,Missing,0
2018,OH,Gun,Shoot,Not Fleeing,0
2018,CO,Gun,Shoot,Not Fleeing,0
2018,KY,Gun,Threat,Foot,0
2018,CA,Gun,Shoot,Foot,0
2018,AR,Missing,Attack,Vehicle,0
2018,TX,Knife,Threat,Not Fleeing,0
2018,IL,Gun,Point,Foot,0
2018,WI,Knife,Threat,Not Fleeing,0
2018,TX,Unarmed,Attack,Not Fleeing,0
2018,FL,Unarmed,Attack,Foot,1
2018,OH,Unarmed,Attack,Not Fleeing,0
2018,TX,Vehicle,Attack,Not Fleeing,0
2018,ID,Knife,Threat,Vehicle,0
2018,CO,Knife,Threat,Not Fleeing,0
2018,TX,Gun,Threat,Not Fleeing,0
2018,CA,Knife,Threat,Not Fleeing,1
2018,CO,Gun,Shoot,Not Fleeing,0
2018,MO,Knife,Threat,Not Fleeing,0
2018,UT,Gun,Point,Vehicle,0
2018,AZ,Gun,Threat,Not Fleeing,0
2018,CA,Blunt Object,Attack,Not Fleeing,0
2018,UT,Replica,Flee,Foot,0
2018,CA,Blunt Object,Attack,Foot,1
2018,FL,Gun,Unclear Threat,Not Fleeing,0
2018,CA,Knife,Threat,Not Fleeing,0
2018,NC,Knife,Attack,Vehicle,0
2018,FL,Unarmed,Attack,Not Fleeing,0
2018,HI,Knife,Attack,Not Fleeing,0
2018,CA,Knife,Threat,Not Fleeing,0
2018,IL,Missing,Attack,Vehicle,0
2018,OK,Unarmed,Threat,Vehicle,0
2018,CA,Blunt Object,Threat,Not Fleeing,0
2018,CA,Gun,Point,Vehicle,0
2018,MO,Gun,Shoot,Foot,0
2018,TX,Gun,Point,Not Fleeing,0
2018,NC,Gun,Threat,Not Fleeing,0
2018,IL,Gun,Threat,Missing,0
2018,NY,Knife,Threat,Missing,0
2018,GA,Gun,Point,Not Fleeing,0
2018,OH,Gun,Threat,Not Fleeing,0
2018,NM,Gun,Shoot,Vehicle,0
2018,TX,Knife,Threat,Missing,1
2018,IN,Gun,Shoot,Not Fleeing,0
2018,WA,Gun,Threat,Not Fleeing,0
2018,MS,Unarmed,Threat,Not Fleeing,0
2018,NJ,Gun,Shoot,Vehicle,0
2018,NJ,Vehicle,Threat,Vehicle,0
2018,TX,Gun,Shoot,Not Fleeing,0
2018,CO,Unclear Weapon Information,Threat,Foot,0
2018,MD,Unarmed,Attack,Not Fleeing,1
2018,CA,Knife,Threat,Vehicle,0
2018,IL,Gun,Point,Vehicle,0
2018,AZ,Unarmed,Threat,Not Fleeing,0
2018,DC,Gun,Shoot,Not Fleeing,0
2018,GA,Gun,Shoot,Missing,0
2018,NJ,Knife,Threat,Not Fleeing,0
2018,CO,Gun,Shoot,Foot,0
2018,OH,Gun,Shoot,Not Fleeing,0
2018,FL,Replica,Point,Not Fleeing,0
2018,CO,Gun,Point,Not Fleeing,0
2018,GA,Gun,Shoot,Foot,0
2018,NV,Multiple Weapons,Attack,Vehicle,0
2018,MO,Gun,Shoot,Not Fleeing,0
2018,MO,Knife,Unclear Threat,Not Fleeing,0
2018,MO,Gun,Threat,Not Fleeing,0
2018,WA,Gun,Threat,Not Fleeing,0
2018,IL,Unarmed,Threat,Foot,0
2018,AZ,Replica,Point,Not Fleeing,0
2018,NY,Knife,Move,Not Fleeing,0
2018,NM,Unarmed,Unclear Threat,Vehicle,0
2018,CA,Knife,Attack,Not Fleeing,0
2018,AZ,Gun,Point,Vehicle,0
2018,NJ,Gun,Shoot,Not Fleeing,0
2018,UT,Gun,Threat,Not Fleeing,0
2018,GA,Gun,Point,Not Fleeing,0
2018,GA,Gun,Shoot,Not Fleeing,0
2018,PA,Unarmed,Flee,Foot,0
2018,NM,Knife,Attack,Not Fleeing,0
2018,GA,Unarmed,Attack,Foot,1
2018,OH,Gun,Shoot,Not Fleeing,0
2018,OR,Blunt Object,Threat,Not Fleeing,0
2018,OH,Knife,Attack,Not Fleeing,0
2018,NJ,Knife,Attack,Not Fleeing,1
2018,VA,Knife,Attack,Not Fleeing,0
2018,CA,Replica,Point,Not Fleeing,0
2018,NY,Knife,Attack,Not Fleeing,0
2018,MN,Gun,Shoot,Foot,1
2018,LA,Knife,Attack,Not Fleeing,0
2018,CA,Gun,Shoot,Not Fleeing,0
2018,OR,Gun,Point,Not Fleeing,0
2018,ID,Multiple Weapons,Threat,Not Fleeing,0
2018,CO,Gun,Shoot,Vehicle,0
2018,HI,Other,Attack,Not Fleeing,0
2018,TX,Unclear Weapon Information,Threat,Missing,0
2018,TX,Gun,Point,Vehicle,0
2018,MS,Gun,Threat,Vehicle,0
2018,PA,Gun,Shoot,Not Fleeing,0
2018,CO,Gun,Point,Foot,0
2018,CO,Gun,Point,Vehicle,1
2018,AR,Gun,Shoot,Not Fleeing,0
2018,FL,Gun,Shoot,Not Fleeing,0
2018,CA,Unclear Weapon Information,Unclear Threat,Vehicle,0
2018,OR,Gun,Unclear Threat,Missing,0
2018,AZ,Gun,Shoot,Not Fleeing,0
2018,AK,Blunt Object,Threat,Missing,0
2018,TN,Knife,Threat,Foot,0
2018,MI,Gun,Point,Vehicle,0
2018,CA,Blunt Object,Unclear Threat,Not Fleeing,0
2018,ID,Gun,Shoot,Foot,0
2018,MO,Knife,Move,Not Fleeing,0
2018,IA,Knife,Threat,Not Fleeing,0
2018,IL,Gun,Shoot,Not Fleeing,0
2018,NC,Knife,Attack,Not Fleeing,0
2018,OK,Knife,Attack,Not Fleeing,0
2018,IL,Gun,Flee,Foot,1
2018,GA,Gun,Shoot,Not Fleeing,1
2018,CO,Knife,Attack,Not Fleeing,0
2018,CA,Gun,Point,Not Fleeing,0
2018,ND,Unarmed,Attack,Foot,1
2018,KY,Knife,Threat,Not Fleeing,0
2018,AZ,Gun,Shoot,Vehicle,0
2018,FL,Gun,Threat,Not Fleeing,0
2018,CA,Replica,Point,Not Fleeing,0
2018,KS,Gun,Shoot,Not Fleeing,0
2018,AK,Other,Move,Missing,1
2018,OR,Unarmed,Attack,Foot,0
2018,FL,Knife,Point,Not Fleeing,0
2018,CO,Unclear Weapon Information,Point,Vehicle,0
2018,NJ,Unarmed,Threat,Missing,1
2018,CA,Gun,Threat,Vehicle,0
2018,AZ,Gun,Threat,Not Fleeing,0
2018,ND,Gun,Threat,Not Fleeing,0
2018,TX,Knife,Attack,Not Fleeing,0
2018,FL,Gun,Shoot,Vehicle,0
2018,WY,Gun,Threat,Vehicle,0
2018,TX,Knife,Threat,Not Fleeing,0
2018,CA,Replica,Threat,Not Fleeing,0
2018,NV,Gun,Shoot,Vehicle,0
2018,MN,Knife,Attack,Not Fleeing,1
2018,TX,Gun,Shoot,Not Fleeing,1
2018,IL,Gun,Move,Foot,1
2018,SC,Gun,Shoot,Not Fleeing,0
2018,MO,Gun,Shoot,Not Fleeing,0
2018,TX,Gun,Point,Not Fleeing,0
2018,NM,Gun,Attack,Not Fleeing,0
2018,IA,Unclear Weapon Information,Move,Vehicle,0
2018,NV,Gun,Threat,Missing,0
2018,AZ,Gun,Shoot,Vehicle,0
2018,NC,Gun,Shoot,Not Fleeing,0
2018,NM,Gun,Shoot,Not Fleeing,0
2018,NC,Gun,Point,Not Fleeing,0
2018,TX,Gun,Point,Not Fleeing,0
2018,IL,Gun,Threat,Foot,0
2018,CA,Gun,Threat,Vehicle,0
2018,CA,Replica,Shoot,Not Fleeing,0
2018,TX,Gun,Shoot,Foot,0
2018,HI,Gun,Shoot,Vehicle,0
2018,FL,Gun,Point,Not Fleeing,0
2018,CA,Gun,Shoot,Vehicle,0
2018,AZ,Multiple Weapons,Attack,Foot,0
2018,AZ,Vehicle,Attack,Not Fleeing,0
2018,OH,Knife,Attack,Not Fleeing,0
2018,CA,Unarmed,Accident,Foot,1
2018,CA,Replica,Threat,Foot,0
2018,OK,Vehicle,Attack,Vehicle,0
2018,CO,Gun,Shoot,Not Fleeing,0
2018,CA,Unclear Weapon Information,Threat,Not Fleeing,0
2018,CA,Knife,Attack,Foot,0
2018,NC,Knife,Threat,Not Fleeing,0
2018,VA,Gun,Point,Not Fleeing,0
2018,MD,Knife,Threat,Not Fleeing,0
2018,TN,Vehicle,Attack,Vehicle,0
2018,FL,Gun,Threat,Vehicle,0
2018,OR,Gun,Threat,Not Fleeing,1
2018,WA,Vehicle,Attack,Vehicle,0
2018,TX,Gun,Threat,Not Fleeing,0
2018,AZ,Unarmed,Move,Not Fleeing,1
2018,TN,Gun,Point,Not Fleeing,0
2018,TN,Gun,Threat,Foot,1
2018,GA,Gun,Point,Foot,0
2018,WA,Gun,Move,Not Fleeing,0
2018,IL,Gun,Threat,Not Fleeing,0
2018,CA,Replica,Unclear Threat,Not Fleeing,0
2018,AR,Gun,Point,Not Fleeing,0
2018,HI,Gun,Shoot,Not Fleeing,0
2018,GA,Unarmed,Accident,Missing,0
2018,CA,Gun,Shoot,Not Fleeing,1
2018,OH,Gun,Threat,Foot,1
2018,PA,Unarmed,Unclear Threat,Not Fleeing,0
2018,CO,Vehicle,Attack,Vehicle,0
2018,LA,Unclear Weapon Information,Unclear Threat,Vehicle,0
2018,NC,Gun,Point,Not Fleeing,0
2018,CO,Gun,Accident,Not Fleeing,0
2018,AR,Gun,Shoot,Foot,0
2018,AZ,Gun,Shoot,Not Fleeing,0
2018,MD,Gun,Threat,Foot,0
2018,AZ,Gun,Threat,Not Fleeing,0
2018,TX,Gun,Point,Not Fleeing,0
2018,VA,Gun,Shoot,Vehicle,0
2018,CO,Vehicle,Attack,Vehicle,0
2018,FL,Replica,Shoot,Not Fleeing,0
2018,AR,Gun,Point,Not Fleeing,0
2018,AR,Gun,Shoot,Not Fleeing,0
2018,WA,Gun,Point,Not Fleeing,0
2018,FL,Other,Threat,Not Fleeing,1
2018,NV,Gun,Shoot,Not Fleeing,1
2018,MO,Gun,Shoot,Not Fleeing,0
2018,FL,Gun,Threat,Not Fleeing,0
2018,MN,Gun,Threat,Not Fleeing,1
2018,CA,Gun,Threat,Not Fleeing,0
2018,NM,Blunt Object,Attack,Not Fleeing,0
2018,AR,Gun,Shoot,Not Fleeing,0
2018,NV,Knife,Attack,Not Fleeing,1
2018,GA,Blunt Object,Attack,Not Fleeing,0
2018,PA,Gun,Shoot,Not Fleeing,0
2018,IN,Gun,Point,Not Fleeing,1
2018,CA,Gun,Threat,Missing,0
2018,AZ,Gun,Threat,Vehicle,0
2018,LA,Vehicle,Move,Vehicle,0
2018,TN,Vehicle,Attack,Not Fleeing,0
2018,CA,Other,Attack,Not Fleeing,0
2018,NV,Knife,Attack,Not Fleeing,1
2018,NE,Knife,Attack,Not Fleeing,0
2018,PA,Gun,Shoot,Foot,0
2018,NC,Gun,Point,Not Fleeing,1
2018,MD,Gun,Threat,Foot,0
2018,OH,Gun,Shoot,Foot,0
2018,LA,Gun,Shoot,Missing,0
2018,OH,Gun,Point,Foot,0
2018,WI,Knife,Threat,Not Fleeing,0
2018,CA,Gun,Attack,Foot,0
2018,VA,Gun,Shoot,Vehicle,0
2018,OK,Gun,Point,Foot,0
2018,WI,Gun,Threat,Not Fleeing,1
2018,IL,Gun,Shoot,Foot,1
2018,IA,Gun,Move,Not Fleeing,0
2018,CA,Multiple Weapons,Point,Not Fleeing,1
2018,FL,Gun,Shoot,Not Fleeing,0
2018,AK,Knife,Attack,Not Fleeing,0
2018,TX,Gun,Point,Missing,0
2018,CA,Gun,Threat,Vehicle,1
2018,AZ,Gun,Move,Foot,0
2018,CA,Knife,Move,Not Fleeing,0
2018,CA,Replica,Threat,Not Fleeing,0
2018,WA,Gun,Point,Not Fleeing,0
2018,GA,Gun,Point,Not Fleeing,0
2018,MT,Gun,Move,Not Fleeing,0
2018,PA,Vehicle,Attack,Vehicle,0
2018,NH,Gun,Shoot,Not Fleeing,0
2018,NM,Vehicle,Threat,Not Fleeing,0
2018,OH,Knife,Attack,Not Fleeing,0
2018,SC,Other,Point,Not Fleeing,0
2018,OH,Replica,Shoot,Not Fleeing,1
2018,CA,Knife,Threat,Missing,0
2018,VA,Gun,Threat,Not Fleeing,0
2018,PA,Gun,Shoot,Not Fleeing,0
2018,CO,Gun,Shoot,Vehicle,0
2018,NV,Gun,Threat,Foot,1
2018,SC,Gun,Point,Not Fleeing,0
2018,AZ,Multiple Weapons,Attack,Vehicle,0
2018,AZ,Gun,Shoot,Not Fleeing,0
2018,CA,Knife,Threat,Not Fleeing,0
2018,NC,Unclear Weapon Information,Threat,Not Fleeing,0
2018,CA,Gun,Shoot,Not Fleeing,0
2018,OH,Gun,Threat,Not Fleeing,0
2018,TX,Vehicle,Attack,Vehicle,0
2018,FL,Gun,Point,Not Fleeing,0
2018,CA,Replica,Threat,Not Fleeing,1
2018,FL,Gun,Point,Not Fleeing,0
2018,TN,Knife,Threat,Not Fleeing,0
2018,CO,Gun,Point,Not Fleeing,1
2018,TX,Vehicle,Attack,Vehicle,0
2018,NM,Gun,Move,Missing,0
2018,WA,Knife,Move,Not Fleeing,0
2018,CO,Knife,Attack,Not Fleeing,0
2018,FL,Unarmed,Threat,Not Fleeing,0
2018,AL,Unclear Weapon Information,Threat,Vehicle,0
2018,NC,Gun,Shoot,Not Fleeing,0
2018,CA,Replica,Point,Foot,0
2018,RI,Gun,Attack,Missing,0
2018,AL,Gun,Shoot,Not Fleeing,0
2018,TX,Multiple Weapons,Move,Not Fleeing,0
2018,NC,Gun,Shoot,Not Fleeing,0
2018,WA,Knife,Threat,Not Fleeing,0
2018,AZ,Multiple Weapons,Threat,Not Fleeing,0
2018,KY,Gun,Shoot,Missing,0
2018,NY,Gun,Shoot,Not Fleeing,1
2018,IN,Gun,Shoot,Not Fleeing,0
2018,NV,Knife,Attack,Not Fleeing,1
2018,MI,Gun,Point,Not Fleeing,1
2018,GA,Gun,Point,Not Fleeing,0
2018,AZ,Gun,Point,Not Fleeing,0
2018,IA,Gun,Point,Not Fleeing,1
2018,AR,Knife,Attack,Not Fleeing,1
2018,PA,Gun,Point,Not Fleeing,0
2018,WA,Gun,Threat,Not Fleeing,0
2018,WI,Unclear Weapon Information,Threat,Not Fleeing,0
2018,LA,Gun,Shoot,Not Fleeing,0
2018,MD,Gun,Threat,Foot,0
2018,NY,Knife,Attack,Not Fleeing,1
2018,KY,Vehicle,Attack,Vehicle,0
2018,VA,Gun,Point,Foot,0
2018,WA,Knife,Attack,Not Fleeing,0
2018,WI,Gun,Shoot,Missing,1
2018,CA,Gun,Shoot,Vehicle,0
2018,CA,Unarmed,Flee,Vehicle,0
2018,HI,Gun,Point,Not Fleeing,0
2018,FL,Gun,Shoot,Vehicle,0
2018,CO,Gun,Threat,Missing,0
2018,NV,Gun,Point,Foot,1
2018,MD,Gun,Shoot,Not Fleeing,1
2018,WA,Knife,Threat,Missing,0
2018,KY,Knife,Attack,Not Fleeing,0
2018,NV,Vehicle,Threat,Not Fleeing,1
2018,CA,Gun,Shoot,Not Fleeing,0
2018,AZ,Gun,Shoot,Not Fleeing,0
2018,FL,Gun,Move,Not Fleeing,0
2018,NY,Knife,Threat,Not Fleeing,0
2018,NJ,Vehicle,Attack,Vehicle,0
2018,OK,Multiple Weapons,Point,Vehicle,0
2018,HI,Knife,Threat,Not Fleeing,0
2018,NM,Gun,Threat,Foot,0
2018,LA,Vehicle,Threat,Not Fleeing,1
2018,FL,Gun,Threat,Not Fleeing,0
2018,SC,Gun,Shoot,Not Fleeing,0
2018,OK,Unclear Weapon Information,Threat,Vehicle,0
2018,ID,Other,Point,Missing,0
2018,NH,Gun,Threat,Not Fleeing,0
2018,OR,Gun,Shoot,Missing,0
2018,TN,Blunt Object,Threat,Not Fleeing,0
2018,MN,Knife,Point,Foot,1
2018,FL,Unarmed,Threat,Not Fleeing,0
2018,TX,Gun,Threat,Missing,0
2018,GA,Gun,Shoot,Not Fleeing,0
2018,CA,Vehicle,Attack,Not Fleeing,0
2018,TN,Gun,Point,Not Fleeing,0
2018,MS,Knife,Attack,Missing,0
2018,WV,Gun,Point,Not Fleeing,0
2018,MO,Gun,Point,Not Fleeing,0
2018,TN,Gun,Shoot,Not Fleeing,0
2018,OR,Gun,Attack,Foot,0
2018,AZ,Knife,Threat,Not Fleeing,0
2018,HI,Knife,Attack,Not Fleeing,1
2018,CA,Replica,Point,Not Fleeing,0
2018,FL,Gun,Shoot,Not Fleeing,0
2018,NM,Knife,Threat,Foot,0
2018,OK,Gun,Threat,Vehicle,0
2018,TN,Vehicle,Attack,Vehicle,0
2018,CO,Gun,Move,Vehicle,0
2018,OR,Knife,Threat,Not Fleeing,0
2018,TX,Gun,Point,Not Fleeing,0
2018,NY,Gun,Shoot,Vehicle,0
2018,CA,Knife,Move,Not Fleeing,1
2018,IN,Gun,Point,Not Fleeing,0
2018,NV,Gun,Shoot,Foot,1
2018,WI,Gun,Shoot,Not Fleeing,1
2018,CA,Gun,Threat,Vehicle,0
2018,UT,Knife,Threat,Missing,0
2018,FL,Unclear Weapon Information,Attack,Foot,0
2018,GA,Gun,Shoot,Missing,0
2018,UT,Knife,Threat,Not Fleeing,0
2018,AR,Knife,Threat,Not Fleeing,0
2018,HI,Vehicle,Attack,Not Fleeing,0
2018,AZ,Gun,Shoot,Not Fleeing,0
2018,CA,Knife,Attack,Not Fleeing,0
2018,NM,Gun,Move,Not Fleeing,0
2018,OH,Gun,Shoot,Not Fleeing,0
2018,GA,Gun,Shoot,Not Fleeing,0
2018,OH,Gun,Shoot,Missing,0
2018,WA,Vehicle,Attack,Not Fleeing,0
2018,WA,Gun,Shoot,Foot,0
2018,TN,Gun,Shoot,Foot,0
2018,TX,Unarmed,Accident,Not Fleeing,0
2018,TX,Knife,Threat,Not Fleeing,0
2018,UT,Knife,Threat,Missing,0
2018,CO,Gun,Attack,Vehicle,0
2018,UT,Vehicle,Move,Vehicle,0
2018,WI,Vehicle,Attack,Vehicle,0
2018,NJ,Unclear Weapon Information,Move,Not Fleeing,0
2018,GA,Replica,Point,Not Fleeing,0
2018,GA,Gun,Shoot,Not Fleeing,0
2018,FL,Vehicle,Attack,Vehicle,0
2018,MA,Knife,Move,Not Fleeing,0
2018,TX,Gun,Point,Not Fleeing,0
2018,WA,Gun,Threat,Not Fleeing,0
2018,SC,Gun,Shoot,Not Fleeing,1
2018,NC,Gun,Threat,Not Fleeing,1
2018,FL,Unclear Weapon Information,Unclear Threat,Vehicle,0
2018,GA,Blunt Object,Threat,Not Fleeing,0
2018,UT,Knife,Attack,Not Fleeing,0
2018,TN,Unclear Weapon Information,Attack,Not Fleeing,0
2018,OK,Gun,Shoot,Not Fleeing,0
2018,IA,Unclear Weapon Information,Threat,Vehicle,1
2018,WA,Unarmed,Attack,Vehicle,0
2018,CA,Gun,Shoot,Vehicle,1
2018,MI,Multiple Weapons,Threat,Not Fleeing,1
2018,MO,Multiple Weapons,Attack,Not Fleeing,0
2018,NV,Unclear Weapon Information,Move,Not Fleeing,1
2018,TX,Gun,Point,Not Fleeing,0
2018,CA,Other,Move,Not Fleeing,1
2018,CA,Gun,Shoot,Vehicle,0
2018,AZ,Gun,Shoot,Vehicle,0
2018,MD,Vehicle,Attack,Vehicle,0
2018,GA,Replica,Point,Not Fleeing,0
2018,FL,Gun,Point,Not Fleeing,1
2018,FL,Gun,Move,Foot,0
2018,TX,Replica,Shoot,Vehicle,1
2018,NV,Vehicle,Attack,Vehicle,0
2018,ID,Unarmed,Attack,Foot,0
2018,WV,Knife,Attack,Not Fleeing,0
2018,OR,Gun,Shoot,Not Fleeing,0
2018,CA,Vehicle,Move,Not Fleeing,1
2018,MI,Unclear Weapon Information,Threat,Not Fleeing,0
2018,MI,Gun,Shoot,Foot,0
2018,NM,Gun,Threat,Not Fleeing,0
2018,CO,Vehicle,Attack,Vehicle,0
2018,WY,Unarmed,Threat,Foot,0
2018,MD,Gun,Shoot,Not Fleeing,0
2018,TN,Gun,Point,Not Fleeing,0
2018,FL,Gun,Point,Not Fleeing,0
2018,SC,Blunt Object,Attack,Not Fleeing,0
2018,FL,Gun,Point,Not Fleeing,0
2018,CA,Gun,Point,Not Fleeing,0
2018,TX,Gun,Shoot,Not Fleeing,0
2018,CA,Gun,Point,Foot,0
2018,MN,Knife,Threat,Not Fleeing,1
2018,UT,Blunt Object,Attack,Vehicle,0
2018,UT,Unarmed,Unclear Threat,Vehicle,1
2018,MN,Gun,Point,Not Fleeing,0
2018,MS,Gun,Shoot,Not Fleeing,0
2018,OK,Unarmed,Threat,Not Fleeing,0
2018,IL,Gun,Accident,Not Fleeing,0
2018,CA,Gun,Shoot,Foot,0
2018,NJ,Knife,Attack,Not Fleeing,0
2018,CA,Knife,Attack,Not Fleeing,1
2018,OK,Gun,Threat,Not Fleeing,0
2018,OK,Gun,Unclear Threat,Vehicle,0
2018,CA,Knife,Move,Not Fleeing,1
2018,TN,Gun,Shoot,Not Fleeing,0
2018,AZ,Unclear Weapon Information,Attack,Vehicle,0
2018,KS,Gun,Shoot,Not Fleeing,0
2018,VA,Gun,Shoot,Not Fleeing,0
2018,MA,Gun,Point,Not Fleeing,0
2018,AL,Knife,Attack,Not Fleeing,0
2018,SC,Knife,Attack,Not Fleeing,0
2018,CO,Gun,Move,Not Fleeing,0
2018,CA,Knife,Threat,Not Fleeing,0
2018,GA,Knife,Attack,Not Fleeing,0
2018,CA,Blunt Object,Move,Vehicle,0
2018,AL,Gun,Shoot,Not Fleeing,0
2018,TX,Gun,Shoot,Not Fleeing,0
2018,MT,Gun,Point,Not Fleeing,0
2018,FL,Vehicle,Attack,Vehicle,0
2018,CA,Gun,Shoot,Not Fleeing,1
2018,IN,Gun,Shoot,Not Fleeing,0
2018,ID,Vehicle,Attack,Vehicle,0
2018,AZ,Gun,Point,Not Fleeing,0
2018,AR,Vehicle,Attack,Not Fleeing,0
2018,MN,Knife,Threat,Not Fleeing,1
2018,OH,Gun,Threat,Not Fleeing,0
2018,MI,Gun,Shoot,Not Fleeing,0
2018,AL,Gun,Shoot,Not Fleeing,0
2018,CA,Knife,Attack,Not Fleeing,0
2018,TX,Unarmed,Flee,Foot,0
2018,AL,Gun,Threat,Not Fleeing,0
2018,AK,Knife,Threat,Foot,0
2018,CO,Gun,Point,Not Fleeing,0
2018,KY,Gun,Point,Not Fleeing,0
2018,MI,Gun,Attack,Not Fleeing,0
2018,UT,Vehicle,Attack,Vehicle,0
2018,TN,Knife,Attack,Not Fleeing,0
2018,CO,Gun,Shoot,Vehicle,1
2018,UT,Gun,Shoot,Not Fleeing,0
2018,KS,Vehicle,Attack,Vehicle,0
2018,MN,Knife,Attack,Missing,0
2018,HI,Gun,Point,Not Fleeing,0
2018,CO,Gun,Shoot,Foot,0
2018,KY,Gun,Shoot,Missing,1
2018,WA,Vehicle,Attack,Vehicle,0
2018,MN,Gun,Threat,Not Fleeing,1
2018,ME,Unclear Weapon Information,Unclear Threat,Not Fleeing,0
2018,AZ,Gun,Point,Not Fleeing,0
2018,UT,Gun,Shoot,Not Fleeing,1
2018,SD,Gun,Point,Vehicle,0
2018,NV,Knife,Attack,Not Fleeing,1
2018,FL,Knife,Attack,Not Fleeing,0
2018,FL,Knife,Attack,Not Fleeing,0
2018,UT,Replica,Point,Not Fleeing,1
2018,CA,Gun,Attack,Foot,0
2018,PA,Knife,Attack,Not Fleeing,0
2018,CA,Gun,Shoot,Foot,0
2018,VA,Knife,Attack,Not Fleeing,0
2018,GA,Gun,Shoot,Not Fleeing,0
2018,CA,Gun,Shoot,Vehicle,0
2018,NV,Gun,Shoot,Not Fleeing,1
2018,FL,Unclear Weapon Information,Attack,Not Fleeing,0
2018,OH,Gun,Point,Not Fleeing,0
2018,NV,Knife,Threat,Vehicle,0
2018,GA,Gun,Point,Not Fleeing,0
2018,CA,Replica,Threat,Not Fleeing,1
2018,AR,Gun,Point,Not Fleeing,0
2018,NY,Knife,Attack,Not Fleeing,1
2018,OK,Gun,Point,Vehicle,0
2018,NY,Knife,Attack,Not Fleeing,0
2018,CA,Knife,Threat,Not Fleeing,0
2018,GA,Gun,Shoot,Not Fleeing,0
2018,HI,Gun,Point,Not Fleeing,0
2018,CO,Gun,Threat,Not Fleeing,1
2018,NY,Knife,Attack,Foot,0
2018,AR,Knife,Threat,Vehicle,0
2018,GA,Gun,Shoot,Not Fleeing,0
2018,MO,Vehicle,Attack,Vehicle,0
2018,FL,Gun,Shoot,Not Fleeing,0
2018,FL,Replica,Point,Not Fleeing,0
2018,NM,Gun,Shoot,Foot,0
2018,TN,Gun,Point,Not Fleeing,0
2018,NY,Knife,Threat,Not Fleeing,0
2018,CA,Knife,Attack,Not Fleeing,0
2018,AZ,Gun,Point,Not Fleeing,0
2018,OH,Gun,Move,Missing,1
2018,OK,Knife,Threat,Not Fleeing,0
2018,KS,Gun,Shoot,Not Fleeing,0
2018,SC,Knife,Threat,Not Fleeing,0
2018,AZ,Gun,Shoot,Not Fleeing,0
2018,CA,Gun,Threat,Not Fleeing,0
2018,VA,Gun,Point,Foot,0
2018,IN,Gun,Shoot,Vehicle,0
2018,PA,Unarmed,Attack,Vehicle,0
2018,PA,Gun,Attack,Missing,0
2018,TX,Gun,Shoot,Not Fleeing,0
2018,AZ,Unclear Weapon Information,Attack,Not Fleeing,0
2018,CA,Gun,Point,Vehicle,0
2018,OH,Other,Attack,Not Fleeing,0
2018,CA,Gun,Attack,Not Fleeing,0
2018,FL,Knife,Threat,Not Fleeing,0
2018,NM,Gun,Shoot,Not Fleeing,0
2018,HI,Gun,Shoot,Vehicle,1
2018,NM,Gun,Shoot,Not Fleeing,0
2018,CA,Vehicle,Attack,Vehicle,0
2018,AZ,Gun,Shoot,Not Fleeing,0
2018,FL,Vehicle,Attack,Vehicle,0
2018,AR,Gun,Point,Not Fleeing,0
2018,FL,Gun,Shoot,Not Fleeing,0
2018,TN,Gun,Point,Not Fleeing,0
2018,IN,Gun,Move,Not Fleeing,0
2018,TX,Knife,Threat,Not Fleeing,0
2018,AZ,Gun,Move,Not Fleeing,0
2018,MO,Gun,Point,Not Fleeing,0
2018,TX,Knife,Threat,Not Fleeing,0
2018,IL,Blunt Object,Attack,Not Fleeing,0
2018,CT,Knife,Threat,Not Fleeing,0
2018,WA,Gun,Point,Foot,1
2018,IA,Gun,Shoot,Vehicle,0
2018,CO,Unclear Weapon Information,Threat,Foot,0
2018,CA,Knife,Threat,Not Fleeing,1
2019,NC,Gun,Attack,Foot,0
2019,NC,Vehicle,Move,Vehicle,0
2019,OH,Vehicle,Attack,Foot,0
2019,TN,Knife,Threat,Not Fleeing,1
2019,TX,Other,Attack,Vehicle,0
2019,TX,Gun,Shoot,Missing,0
2019,NY,Gun,Shoot,Not Fleeing,0
2019,MN,Knife,Attack,Missing,0
2019,CA,Gun,Shoot,Not Fleeing,0
2019,AL,Gun,Threat,Vehicle,0
2019,MT,Gun,Move,Not Fleeing,0
2019,LA,Gun,Shoot,Not Fleeing,1
2019,TX,Vehicle,Attack,Vehicle,0
2019,TX,Replica,Move,Vehicle,0
2019,TX,Gun,Point,Not Fleeing,0
2019,CA,Blunt Object,Threat,Not Fleeing,0
2019,SC,Gun,Shoot,Not Fleeing,0
2019,CA,Gun,Threat,Not Fleeing,0
2019,OR,Gun,Shoot,Not Fleeing,0
2019,CA,Gun,Shoot,Not Fleeing,0
2019,WV,Gun,Shoot,Vehicle,0
2019,OR,Knife,Threat,Not Fleeing,0
2019,CA,Knife,Threat,Not Fleeing,0
2019,OK,Gun,Shoot,Not Fleeing,0
2019,TX,Gun,Threat,Not Fleeing,0
2019,WA,Gun,Shoot,Vehicle,0
2019,WA,Blunt Object,Attack,Not Fleeing,1
2019,OK,Knife,Attack,Not Fleeing,0
2019,MO,Gun,Point,Not Fleeing,0
2019,TX,Blunt Object,Attack,Not Fleeing,0
2019,AL,Gun,Threat,Not Fleeing,0
2019,KS,Multiple Weapons,Attack,Vehicle,0
2019,LA,Gun,Threat,Vehicle,0
2019,TX,Gun,Shoot,Foot,0
2019,OR,Gun,Shoot,Not Fleeing,1
2019,AZ,Gun,Threat,Not Fleeing,0
2019,CO,Knife,Threat,Not Fleeing,0
2019,IN,Replica,Point,Not Fleeing,0
2019,CA,Unarmed,Flee,Vehicle,0
2019,CA,Gun,Shoot,Not Fleeing,0
2019,SD,Gun,Threat,Not Fleeing,0
2019,WA,Knife,Attack,Not Fleeing,0
2019,CA,Gun,Attack,Not Fleeing,0
2019,GA,Gun,Move,Not Fleeing,0
2019,CO,Unarmed,Accident,Vehicle,0
2019,TX,Gun,Threat,Foot,0
2019,CA,Knife,Attack,Foot,0
2019,TX,Gun,Shoot,Not Fleeing,0
2019,NJ,Gun,Shoot,Not Fleeing,0
2019,CO,Gun,Threat,Not Fleeing,0
2019,CA,Gun,Shoot,Vehicle,0
2019,AZ,Replica,Threat,Foot,1
2019,GA,Vehicle,Move,Vehicle,0
2019,MO,Gun,Shoot,Foot,0
2019,CO,Unarmed,Unclear Threat,Vehicle,1
2019,AR,Vehicle,Threat,Vehicle,0
2019,AR,Vehicle,Threat,Vehicle,0
2019,OK,Gun,Threat,Foot,1
2019,NC,Knife,Move,Foot,0
2019,MD,Gun,Move,Foot,0
2019,MO,Gun,Point,Not Fleeing,0
2019,MN,Unarmed,Unclear Threat,Not Fleeing,0
2019,OR,Blunt Object,Attack,Not Fleeing,0
2019,TN,Vehicle,Move,Vehicle,0
2019,MT,Gun,Shoot,Foot,0
2019,NV,Unarmed,Threat,Vehicle,0
2019,GA,Unarmed,Unclear Threat,Foot,0
2019,AZ,Unarmed,Unclear Threat,Foot,0
2019,IN,Knife,Attack,Not Fleeing,1
2019,WA,Knife,Move,Missing,0
2019,NM,Unclear Weapon Information,Unclear Threat,Missing,0
2019,AZ,Gun,Shoot,Foot,0
2019,MO,Unarmed,Accident,Not Fleeing,0
2019,AZ,Unarmed,Move,Vehicle,0
2019,TN,Gun,Point,Not Fleeing,0
2019,TX,Gun,Point,Not Fleeing,0
2019,FL,Gun,Point,Not Fleeing,0
2019,SD,Vehicle,Attack,Vehicle,0
2019,MI,Gun,Shoot,Foot,0
2019,TX,Unarmed,Attack,Not Fleeing,0
2019,TX,Gun,Shoot,Not Fleeing,0
2019,NJ,Gun,Flee,Vehicle,1
2019,KS,Replica,Point,Not Fleeing,0
2019,NV,Unclear Weapon Information,Move,Vehicle,0
2019,NY,Gun,Shoot,Vehicle,0
2019,CA,Gun,Point,Vehicle,0
2019,CA,Knife,Move,Vehicle,0
2019,HI,Vehicle,Attack,Vehicle,0
2019,TX,Gun,Point,Vehicle,1
2019,AZ,Gun,Point,Foot,0
2019,TX,Unclear Weapon Information,Point,Not Fleeing,0
2019,NJ,Gun,Flee,Foot,0
2019,CO,Vehicle,Attack,Vehicle,0
2019,AZ,Knife,Attack,Not Fleeing,1
2019,GA,Gun,Point,Not Fleeing,0
2019,CA,Knife,Attack,Not Fleeing,0
2019,FL,Gun,Threat,Not Fleeing,0
2019,IL,Vehicle,Attack,Vehicle,1
2019,WV,Gun,Point,Not Fleeing,0
2019,VA,Gun,Shoot,Not Fleeing,0
2019,CO,Gun,Point,Missing,0
2019,TX,Knife,Point,Not Fleeing,0
2019,TN,Gun,Point,Not Fleeing,0
2019,MS,Gun,Shoot,Vehicle,1
2019,IL,Knife,Attack,Not Fleeing,0
2019,WA,Knife,Attack,Not Fleeing,1
2019,CA,Knife,Point,Not Fleeing,1
2019,TX,Unarmed,Unclear Threat,Not Fleeing,0
2019,CA,Unclear Weapon Information,Unclear Threat,Missing,0
2019,TN,Gun,Shoot,Not Fleeing,0
2019,OH,Gun,Shoot,Not Fleeing,0
2019,CA,Unarmed,Threat,Not Fleeing,0
2019,NY,Knife,Attack,Not Fleeing,0
2019,CA,Gun,Move,Not Fleeing,1
2019,VA,Knife,Attack,Not Fleeing,0
2019,NC,Gun,Threat,Not Fleeing,1
2019,OK,Gun,Shoot,Not Fleeing,0
2019,WI,Replica,Threat,Not Fleeing,0
2019,SC,Gun,Shoot,Not Fleeing,1
2019,WV,Unarmed,Move,Not Fleeing,0
2019,KY,Gun,Shoot,Vehicle,0
2019,CA,Gun,Point,Foot,0
2019,OH,Knife,Threat,Not Fleeing,0
2019,TX,Gun,Shoot,Vehicle,0
2019,TX,Gun,Shoot,Vehicle,0
2019,CA,Gun,Shoot,Not Fleeing,0
2019,AK,Gun,Point,Not Fleeing,0
2019,NC,Gun,Attack,Not Fleeing,0
2019,CA,Knife,Move,Not Fleeing,0
2019,PA,Knife,Attack,Not Fleeing,0
2019,CA,Gun,Point,Vehicle,0
2019,IL,Gun,Shoot,Not Fleeing,0
2019,IL,Gun,Threat,Vehicle,0
2019,MS,Gun,Shoot,Not Fleeing,0
2019,CA,Gun,Shoot,Not Fleeing,1
2019,TN,Gun,Point,Foot,0
2019,LA,Gun,Shoot,Not Fleeing,0
2019,HI,Unarmed,Attack,Not Fleeing,0
2019,MS,Gun,Shoot,Not Fleeing,0
2019,WA,Knife,Point,Not Fleeing,0
2019,MD,Knife,Threat,Not Fleeing,0
2019,CT,Gun,Shoot,Vehicle,0
2019,HI,Vehicle,Attack,Vehicle,0
2019,AR,Vehicle,Attack,Vehicle,1
2019,MA,Gun,Shoot,Vehicle,0
2019,WV,Gun,Attack,Not Fleeing,0
2019,TX,Knife,Flee,Vehicle,0
2019,TX,Gun,Point,Vehicle,1
2019,CA,Gun,Point,Not Fleeing,0
2019,TN,Gun,Threat,Foot,0
2019,TN,Gun,Shoot,Not Fleeing,0
2019,MI,Unclear Weapon Information,Unclear Threat,Vehicle,0
2019,MO,Knife,Move,Missing,0
2019,CO,Gun,Threat,Not Fleeing,0
2019,GA,Vehicle,Attack,Vehicle,0
2019,MN,Gun,Threat,Not Fleeing,1
2019,SC,Gun,Shoot,Not Fleeing,0
2019,OH,Gun,Shoot,Not Fleeing,0
2019,TX,Gun,Shoot,Not Fleeing,0
2019,LA,Unclear Weapon Information,Threat,Missing,0
2019,WA,Gun,Point,Not Fleeing,0
2019,CO,Gun,Move,Foot,0
2019,TX,Unarmed,Threat,Not Fleeing,0
2019,CA,Gun,Threat,Missing,0
2019,TX,Knife,Attack,Not Fleeing,0
2019,HI,Unarmed,Flee,Foot,0
2019,TX,Unclear Weapon Information,Threat,Not Fleeing,0
2019,MI,Gun,Shoot,Not Fleeing,0
2019,NC,Knife,Threat,Not Fleeing,0
2019,WI,Unarmed,Attack,Not Fleeing,0
2019,KY,Unclear Weapon Information,Move,Foot,0
2019,WA,Replica,Point,Not Fleeing,0
2019,IA,Gun,Shoot,Foot,0
2019,CA,Gun,Shoot,Missing,0
2019,TX,Gun,Shoot,Not Fleeing,0
2019,TX,Gun,Shoot,Vehicle,0
2019,CO,Knife,Threat,Not Fleeing,1
2019,OK,Knife,Threat,Not Fleeing,0
2019,GA,Gun,Shoot,Foot,0
2019,MO,Gun,Threat,Missing,0
2019,FL,Gun,Threat,Not Fleeing,0
2019,CA,Unarmed,Accident,Vehicle,0
2019,MS,Unclear Weapon Information,Unclear Threat,Missing,0
2019,WV,Gun,Shoot,Foot,0
2019,AR,Gun,Threat,Not Fleeing,0
2019,WA,Gun,Threat,Not Fleeing,0
2019,AK,Gun,Shoot,Foot,0
2019,GA,Replica,Point,Missing,1
2019,TN,Knife,Attack,Not Fleeing,0
2019,AZ,Gun,Point,Not Fleeing,0
2019,MI,Gun,Shoot,Not Fleeing,0
2019,TX,Knife,Unclear Threat,Not Fleeing,0
2019,AZ,Gun,Shoot,Vehicle,0
2019,TX,Gun,Shoot,Not Fleeing,0
2019,CA,Gun,Shoot,Foot,0
2019,NC,Gun,Point,Not Fleeing,0
2019,CA,Unclear Weapon Information,Point,Not Fleeing,0
2019,CO,Gun,Shoot,Vehicle,0
2019,MD,Knife,Attack,Not Fleeing,0
2019,GA,Gun,Point,Not Fleeing,0
2019,FL,Vehicle,Threat,Not Fleeing,0
2019,MI,Gun,Shoot,Not Fleeing,0
2019,CA,Vehicle,Attack,Vehicle,1
2019,NE,Knife,Attack,Not Fleeing,0
2019,PA,Gun,Point,Not Fleeing,0
2019,AZ,Unarmed,Flee,Vehicle,0
2019,OK,Knife,Point,Not Fleeing,0
2019,WA,Gun,Shoot,Not Fleeing,0
2019,FL,Knife,Threat,Not Fleeing,0
2019,MS,Gun,Threat,Vehicle,0
2019,NJ,Replica,Threat,Not Fleeing,0
2019,OR,Gun,Point,Vehicle,0
2019,NV,Gun,Shoot,Not Fleeing,1
2019,IL,Gun,Shoot,Vehicle,0
2019,OR,Gun,Shoot,Not Fleeing,0
2019,CA,Gun,Shoot,Not Fleeing,0
2019,FL,Gun,Threat,Missing,0
2019,OH,Knife,Threat,Not Fleeing,0
2019,NV,Gun,Point,Not Fleeing,1
2019,LA,Gun,Unclear Threat,Foot,0
2019,WA,Gun,Shoot,Vehicle,0
2019,FL,Knife,Threat,Not Fleeing,0
2019,MO,Gun,Point,Not Fleeing,0
2019,PA,Knife,Attack,Not Fleeing,0
2019,TX,Replica,Point,Not Fleeing,0
2019,GA,Knife,Point,Not Fleeing,0
2019,CA,Gun,Unclear Threat,Vehicle,0
2019,NC,Gun,Threat,Not Fleeing,0
2019,SC,Knife,Threat,Not Fleeing,0
2019,MD,Unarmed,Threat,Not Fleeing,1
2019,FL,Gun,Move,Vehicle,0
2019,NC,Gun,Threat,Not Fleeing,1
2019,MD,Gun,Threat,Missing,0
2019,SC,Gun,Threat,Foot,0
2019,MO,Gun,Point,Not Fleeing,0
2019,TX,Vehicle,Attack,Not Fleeing,1
2019,NH,Gun,Shoot,Not Fleeing,0
2019,TX,Gun,Shoot,Vehicle,0
2019,OK,Knife,Threat,Not Fleeing,0
2019,LA,Vehicle,Attack,Not Fleeing,0
2019,LA,Vehicle,Attack,Vehicle,0
2019,CA,Knife,Threat,Not Fleeing,0
2019,AZ,Gun,Point,Foot,0
2019,TX,Gun,Threat,Vehicle,0
2019,FL,Gun,Point,Missing,0
2019,NC,Unarmed,Attack,Not Fleeing,0
2019,NC,Gun,Attack,Foot,1
2019,OR,Vehicle,Flee,Vehicle,0
2019,AZ,Knife,Attack,Not Fleeing,0
2019,GA,Gun,Threat,Foot,0
2019,AK,Gun,Threat,Vehicle,0
2019,TN,Gun,Point,Not Fleeing,0
2019,GA,Gun,Shoot,Missing,0
2019,AK,Replica,Threat,Foot,0
2019,CA,Unarmed,Attack,Not Fleeing,0
2019,IN,Gun,Threat,Not Fleeing,0
2019,CA,Gun,Point,Not Fleeing,1
2019,FL,Gun,Shoot,Not Fleeing,0
2019,SC,Gun,Threat,Vehicle,0
2019,MI,Unarmed,Threat,Not Fleeing,0
2019,CA,Gun,Threat,Not Fleeing,0
2019,IL,Knife,Move,Vehicle,0
2019,IN,Gun,Shoot,Not Fleeing,0
2019,TN,Gun,Shoot,Not Fleeing,0
2019,AR,Unarmed,Attack,Foot,1
2019,TN,Knife,Attack,Not Fleeing,0
2019,UT,Gun,Shoot,Vehicle,0
2019,CO,Gun,Shoot,Foot,0
2019,IN,Gun,Point,Not Fleeing,0
2019,KY,Gun,Point,Not Fleeing,0
2019,LA,Gun,Shoot,Vehicle,0
2019,CA,Gun,Threat,Not Fleeing,0
2019,FL,Gun,Shoot,Not Fleeing,0
2019,FL,Gun,Threat,Not Fleeing,0
2019,TX,Gun,Point,Not Fleeing,0
2019,MO,Gun,Attack,Foot,0
2019,TX,Unarmed,Attack,Foot,0
2019,FL,Gun,Shoot,Vehicle,0
2019,AZ,Vehicle,Flee,Vehicle,0
2019,LA,Gun,Shoot,Not Fleeing,0
2019,AZ,Blunt Object,Attack,Not Fleeing,1
2019,CA,Knife,Attack,Not Fleeing,0
2019,TX,Gun,Move,Foot,0
2019,NY,Knife,Threat,Not Fleeing,1
2019,CA,Blunt Object,Threat,Foot,0
2019,NE,Knife,Threat,Foot,0
2019,CA,Gun,Unclear Threat,Foot,0
2019,OR,Gun,Shoot,Not Fleeing,0
2019,TN,Knife,Threat,Not Fleeing,0
2019,NY,Knife,Move,Not Fleeing,0
2019,SC,Vehicle,Attack,Vehicle,0
2019,WA,Knife,Threat,Not Fleeing,0
2019,MI,Gun,Shoot,Not Fleeing,0
2019,WV,Knife,Attack,Foot,1
2019,MN,Gun,Shoot,Foot,1
2019,CA,Gun,Shoot,Not Fleeing,1
2019,NY,Gun,Shoot,Foot,0
2019,NC,Knife,Point,Not Fleeing,0
2019,GA,Gun,Point,Not Fleeing,1
2019,CT,Vehicle,Attack,Foot,0
2019,CO,Gun,Shoot,Not Fleeing,1
2019,AR,Gun,Shoot,Foot,0
2019,CA,Gun,Shoot,Missing,1
2019,TX,Gun,Point,Not Fleeing,0
2019,MT,Gun,Shoot,Not Fleeing,0
2019,KY,Unclear Weapon Information,Attack,Vehicle,0
2019,CO,Knife,Attack,Not Fleeing,0
2019,NC,Gun,Point,Missing,0
2019,CA,Gun,Point,Vehicle,0
2019,IN,Gun,Point,Not Fleeing,1
2019,CO,Blunt Object,Attack,Not Fleeing,0
2019,NV,Gun,Threat,Not Fleeing,0
2019,TX,Gun,Threat,Not Fleeing,1
2019,OR,Knife,Attack,Not Fleeing,0
2019,OK,Unarmed,Attack,Foot,0
2019,AZ,Replica,Point,Foot,0
2019,MS,Gun,Point,Foot,0
2019,WV,Blunt Object,Threat,Not Fleeing,0
2019,CA,Gun,Shoot,Foot,0
2019,NC,Knife,Threat,Not Fleeing,0
2019,CA,Knife,Threat,Not Fleeing,0
2019,FL,Knife,Threat,Not Fleeing,0
2019,NM,Gun,Point,Not Fleeing,0
2019,FL,Knife,Threat,Not Fleeing,0
2019,VA,Gun,Shoot,Foot,0
2019,GA,Unarmed,Attack,Vehicle,0
2019,MD,Gun,Point,Not Fleeing,1
2019,TX,Gun,Threat,Vehicle,0
2019,CA,Vehicle,Attack,Vehicle,1
2019,MN,Gun,Shoot,Foot,0
2019,WA,Unarmed,Flee,Foot,0
2019,CA,Blunt Object,Attack,Not Fleeing,0
2019,AZ,Knife,Point,Not Fleeing,0
2019,NM,Knife,Threat,Not Fleeing,0
2019,AZ,Gun,Threat,Not Fleeing,0
2019,WI,Gun,Threat,Not Fleeing,0
2019,MS,Gun,Move,Not Fleeing,0
2019,CA,Gun,Shoot,Not Fleeing,0
2019,VA,Vehicle,Attack,Vehicle,0
2019,CA,Gun,Shoot,Not Fleeing,0
2019,WA,Knife,Attack,Not Fleeing,1
2019,AZ,Gun,Point,Not Fleeing,0
2019,OK,Gun,Shoot,Foot,1
2019,IL,Gun,Point,Foot,0
2019,GA,Gun,Shoot,Foot,0
2019,VT,Gun,Point,Not Fleeing,0
2019,AZ,Gun,Move,Vehicle,0
2019,NE,Gun,Shoot,Not Fleeing,0
2019,CA,Knife,Attack,Not Fleeing,1
2019,TX,Other,Attack,Not Fleeing,0
2019,MD,Gun,Point,Not Fleeing,0
2019,NV,Gun,Threat,Not Fleeing,0
2019,FL,Knife,Attack,Missing,0
2019,WI,Gun,Shoot,Not Fleeing,1
2019,KY,Vehicle,Attack,Vehicle,0
2019,FL,Gun,Shoot,Not Fleeing,0
2019,TX,Gun,Shoot,Not Fleeing,0
2019,FL,Knife,Threat,Not Fleeing,0
2019,LA,Gun,Shoot,Missing,1
2019,CA,Gun,Shoot,Not Fleeing,1
2019,AZ,Unclear Weapon Information,Unclear Threat,Missing,0
2019,CA,Knife,Attack,Not Fleeing,0
2019,AZ,Gun,Shoot,Foot,0
2019,CA,Unclear Weapon Information,Attack,Not Fleeing,0
2019,NM,Gun,Point,Not Fleeing,0
2019,FL,Gun,Shoot,Not Fleeing,0
2019,CO,Gun,Point,Vehicle,0
2019,OK,Gun,Shoot,Vehicle,0
2019,NC,Knife,Attack,Not Fleeing,0
2019,WA,Knife,Attack,Not Fleeing,0
2019,CA,Blunt Object,Threat,Missing,0
2019,ME,Gun,Shoot,Not Fleeing,0
2019,WI,Gun,Threat,Vehicle,0
2019,KY,Vehicle,Attack,Vehicle,0
2019,SC,Gun,Point,Not Fleeing,0
2019,IL,Gun,Shoot,Not Fleeing,0
2019,FL,Gun,Point,Not Fleeing,0
2019,NY,Unarmed,Threat,Not Fleeing,0
2019,MS,Gun,Shoot,Vehicle,0
2019,KS,Gun,Shoot,Not Fleeing,0
2019,FL,Gun,Shoot,Vehicle,0
2019,TX,Gun,Threat,Not Fleeing,0
2019,FL,Unclear Weapon Information,Threat,Vehicle,0
2019,MO,Gun,Attack,Foot,0
2019,TX,Gun,Point,Missing,0
2019,KS,Gun,Shoot,Foot,0
2019,IL,Gun,Shoot,Not Fleeing,0
2019,IL,Gun,Threat,Not Fleeing,0
2019,NC,Gun,Point,Not Fleeing,0
2019,CA,Multiple Weapons,Threat,Not Fleeing,1
2019,AL,Gun,Point,Not Fleeing,0
2019,TX,Gun,Shoot,Foot,0
2019,MD,Gun,Move,Not Fleeing,0
2019,ME,Vehicle,Attack,Vehicle,0
2019,WA,Unarmed,Threat,Not Fleeing,0
2019,OK,Unarmed,Unclear Threat,Not Fleeing,0
2019,CA,Gun,Move,Not Fleeing,0
2019,LA,Knife,Attack,Not Fleeing,0
2019,TX,Blunt Object,Point,Not Fleeing,0
2019,CA,Blunt Object,Attack,Not Fleeing,1
2019,TN,Gun,Point,Not Fleeing,0
2019,CA,Gun,Shoot,Vehicle,0
2019,NY,Gun,Shoot,Missing,0
2019,MI,Unarmed,Move,Vehicle,0
2019,MD,Knife,Threat,Not Fleeing,0
2019,FL,Gun,Shoot,Not Fleeing,0
2019,NM,Gun,Threat,Not Fleeing,0
2019,AR,Gun,Threat,Not Fleeing,0
2019,NC,Knife,Point,Not Fleeing,0
2019,CA,Gun,Shoot,Not Fleeing,0
2019,CA,Unarmed,Flee,Vehicle,0
2019,CA,Knife,Threat,Not Fleeing,1
2019,CA,Gun,Threat,Not Fleeing,0
2019,MS,Gun,Point,Missing,0
2019,CA,Gun,Attack,Not Fleeing,0
2019,CA,Gun,Shoot,Not Fleeing,0
2019,MO,Gun,Shoot,Foot,0
2019,KY,Gun,Point,Not Fleeing,0
2019,TN,Gun,Move,Not Fleeing,0
2019,FL,Gun,Move,Not Fleeing,0
2019,CA,Blunt Object,Attack,Not Fleeing,1
2019,TX,Gun,Threat,Foot,0
2019,OR,Knife,Threat,Not Fleeing,0
2019,AR,Gun,Shoot,Not Fleeing,0
2019,CA,Gun,Shoot,Vehicle,0
2019,TN,Vehicle,Attack,Not Fleeing,0
2019,OK,Gun,Threat,Not Fleeing,1
2019,OK,Gun,Move,Vehicle,0
2019,OK,Knife,Attack,Not Fleeing,0
2019,FL,Blunt Object,Attack,Not Fleeing,0
2019,TX,Unclear Weapon Information,Threat,Not Fleeing,0
2019,CA,Replica,Threat,Not Fleeing,1
2019,CA,Gun,Shoot,Not Fleeing,0
2019,TN,Vehicle,Attack,Foot,0
2019,TX,Unarmed,Move,Vehicle,0
2019,MD,Vehicle,Attack,Vehicle,0
2019,AR,Vehicle,Attack,Vehicle,0
2019,CA,Unclear Weapon Information,Unclear Threat,Foot,0
2019,NH,Gun,Threat,Not Fleeing,0
2019,WA,Knife,Attack,Missing,0
2019,WI,Unclear Weapon Information,Move,Vehicle,0
2019,AL,Gun,Shoot,Vehicle,0
2019,WA,Knife,Threat,Not Fleeing,0
2019,TX,Gun,Threat,Not Fleeing,0
2019,IN,Knife,Point,Not Fleeing,0
2019,AZ,Gun,Attack,Missing,0
2019,AK,Gun,Shoot,Not Fleeing,0
2019,TX,Vehicle,Attack,Vehicle,0
2019,NM,Gun,Shoot,Vehicle,0
2019,TX,Gun,Shoot,Foot,0
2019,WA,Knife,Threat,Not Fleeing,0
2019,CO,Gun,Shoot,Not Fleeing,0
2019,NY,Replica,Point,Not Fleeing,0
2019,TX,Gun,Shoot,Foot,0
2019,OK,Gun,Point,Vehicle,1
2019,OH,Gun,Threat,Vehicle,0
2019,CA,Gun,Shoot,Missing,0
2019,MD,Gun,Threat,Missing,1
2019,OH,Knife,Attack,Foot,0
2019,MA,Gun,Shoot,Vehicle,1
2019,FL,Gun,Shoot,Not Fleeing,0
2019,TX,Knife,Attack,Not Fleeing,0
2019,TX,Knife,Move,Not Fleeing,0
2019,FL,Knife,Threat,Not Fleeing,0
2019,WI,Knife,Threat,Not Fleeing,0
2019,VA,Knife,Attack,Not Fleeing,0
2019,OH,Knife,Attack,Not Fleeing,1
2019,FL,Gun,Point,Not Fleeing,0
2019,SC,Unclear Weapon Information,Unclear Threat,Missing,0
2019,KY,Gun,Threat,Not Fleeing,0
2019,NE,Gun,Shoot,Not Fleeing,0
2019,CA,Unarmed,Accident,Not Fleeing,0
2019,OK,Vehicle,Attack,Vehicle,0
2019,CA,Gun,Shoot,Not Fleeing,0
2019,CO,Gun,Threat,Vehicle,0
2019,TN,Gun,Shoot,Not Fleeing,0
2019,TX,Gun,Shoot,Vehicle,0
2019,MS,Gun,Shoot,Not Fleeing,0
2019,TX,Gun,Point,Not Fleeing,0
2019,TX,Gun,Point,Not Fleeing,1
2019,CO,Gun,Shoot,Not Fleeing,0
2019,MS,Gun,Shoot,Vehicle,0
2019,GA,Knife,Attack,Not Fleeing,1
2019,FL,Knife,Move,Not Fleeing,0
2019,MI,Blunt Object,Attack,Missing,0
2019,MN,Gun,Threat,Foot,1
2019,NM,Gun,Shoot,Not Fleeing,0
2019,OH,Gun,Point,Vehicle,0
2019,IN,Blunt Object,Threat,Not Fleeing,0
2019,WA,Knife,Threat,Not Fleeing,0
2019,IA,Knife,Move,Not Fleeing,0
2019,TX,Replica,Point,Not Fleeing,0
2019,CA,Unarmed,Threat,Not Fleeing,1
2019,GA,Blunt Object,Attack,Not Fleeing,0
2019,CO,Gun,Shoot,Foot,0
2019,UT,Knife,Threat,Foot,0
2019,MO,Gun,Shoot,Not Fleeing,0
2019,CA,Replica,Point,Not Fleeing,1
2019,CA,Unarmed,Attack,Not Fleeing,0
2019,FL,Knife,Threat,Not Fleeing,0
2019,MD,Gun,Shoot,Vehicle,0
2019,AR,Knife,Attack,Not Fleeing,0
2019,FL,Gun,Attack,Vehicle,0
2019,VA,Gun,Threat,Not Fleeing,0
2019,NM,Gun,Shoot,Not Fleeing,0
2019,OH,Gun,Shoot,Not Fleeing,0
2019,CA,Unclear Weapon Information,Unclear Threat,Not Fleeing,0
2019,CA,Knife,Attack,Not Fleeing,1
2019,NC,Gun,Shoot,Not Fleeing,0
2019,CA,Gun,Shoot,Missing,0
2019,CA,Knife,Attack,Foot,0
2019,KS,Gun,Point,Not Fleeing,0
2019,FL,Knife,Attack,Not Fleeing,1
2019,WI,Knife,Attack,Not Fleeing,0
2019,WA,Gun,Threat,Not Fleeing,0
2019,WA,Unarmed,Attack,Not Fleeing,0
2019,FL,Gun,Point,Not Fleeing,0
2019,NJ,Knife,Move,Foot,0
2019,FL,Gun,Shoot,Vehicle,0
2019,PA,Gun,Shoot,Foot,0
2019,TX,Gun,Shoot,Not Fleeing,0
2019,MD,Gun,Shoot,Not Fleeing,1
2019,UT,Replica,Threat,Not Fleeing,1
2019,CA,Knife,Attack,Not Fleeing,0
2019,IN,Gun,Shoot,Not Fleeing,0
2019,GA,Gun,Point,Not Fleeing,0
2019,TX,Gun,Shoot,Vehicle,0
2019,TX,Gun,Shoot,Vehicle,0
2019,CA,Replica,Attack,Not Fleeing,1
2019,OK,Gun,Shoot,Vehicle,0
2019,AL,Gun,Shoot,Foot,0
2019,OR,Gun,Shoot,Not Fleeing,0
2019,AR,Gun,Shoot,Missing,0
2019,CO,Knife,Attack,Not Fleeing,0
2019,LA,Gun,Threat,Not Fleeing,0
2019,TX,Gun,Shoot,Not Fleeing,1
2019,NJ,Blunt Object,Move,Missing,0
2019,TX,Gun,Point,Not Fleeing,0
2019,NM,Knife,Move,Not Fleeing,0
2019,WA,Gun,Point,Not Fleeing,0
2019,MS,Gun,Shoot,Missing,0
2019,AL,Gun,Shoot,Not Fleeing,0
2019,NJ,Knife,Threat,Not Fleeing,0
2019,PA,Gun,Shoot,Not Fleeing,0
2019,CO,Gun,Threat,Vehicle,0
2019,LA,Unarmed,Unclear Threat,Missing,0
2019,CT,Gun,Attack,Vehicle,1
2019,PA,Gun,Point,Not Fleeing,0
2019,SC,Gun,Threat,Not Fleeing,0
2019,TX,Gun,Shoot,Not Fleeing,0
2019,FL,Gun,Point,Not Fleeing,0
2019,TX,Gun,Move,Vehicle,0
2019,PA,Gun,Shoot,Not Fleeing,0
2019,OR,Blunt Object,Point,Missing,0
2019,UT,Unclear Weapon Information,Threat,Missing,0
2019,TX,Knife,Move,Not Fleeing,0
2019,TX,Gun,Shoot,Not Fleeing,0
2019,IA,Gun,Shoot,Vehicle,0
2019,OH,Gun,Point,Not Fleeing,0
2019,TN,Gun,Point,Not Fleeing,0
2019,CA,Gun,Shoot,Foot,0
2019,PA,Gun,Shoot,Not Fleeing,0
2019,TX,Unarmed,Accident,Not Fleeing,0
2019,WV,Gun,Point,Vehicle,0
2019,KY,Vehicle,Attack,Vehicle,0
2019,FL,Knife,Threat,Not Fleeing,0
2019,NC,Gun,Shoot,Not Fleeing,0
2019,MN,Gun,Point,Not Fleeing,1
2019,IN,Gun,Point,Not Fleeing,0
2019,CO,Gun,Flee,Foot,1
2019,MA,Gun,Shoot,Vehicle,0
2019,FL,Gun,Point,Vehicle,0
2019,NV,Gun,Shoot,Not Fleeing,0
2019,GA,Knife,Point,Foot,0
2019,OH,Gun,Shoot,Not Fleeing,0
2019,AL,Gun,Shoot,Not Fleeing,0
2019,UT,Gun,Shoot,Not Fleeing,1
2019,TN,Knife,Attack,Foot,0
2019,CA,Vehicle,Move,Vehicle,0
2019,AR,Gun,Unclear Threat,Not Fleeing,0
2019,NJ,Gun,Shoot,Not Fleeing,0
2019,WV,Gun,Shoot,Vehicle,0
2019,CO,Gun,Threat,Foot,0
2019,PA,Gun,Point,Not Fleeing,0
2019,TX,Gun,Point,Not Fleeing,0
2019,MS,Gun,Point,Foot,1
2019,KY,Gun,Point,Not Fleeing,0
2019,CA,Knife,Attack,Not Fleeing,0
2019,TX,Knife,Attack,Not Fleeing,0
2019,MO,Multiple Weapons,Attack,Foot,0
2019,VT,Replica,Point,Not Fleeing,0
2019,TN,Knife,Point,Not Fleeing,0
2019,GA,Gun,Shoot,Vehicle,0
2019,TX,Gun,Point,Not Fleeing,0
2019,CA,Gun,Shoot,Not Fleeing,0
2019,KS,Gun,Point,Not Fleeing,0
2019,MO,Unarmed,Attack,Not Fleeing,0
2019,TN,Gun,Point,Not Fleeing,0
2019,KY,Gun,Point,Not Fleeing,0
2019,KS,Gun,Shoot,Not Fleeing,0
2019,NC,Vehicle,Attack,Vehicle,0
2019,SC,Gun,Move,Not Fleeing,0
2019,AR,Gun,Point,Not Fleeing,0
2019,CO,Gun,Shoot,Foot,0
2019,UT,Knife,Attack,Not Fleeing,1
2019,WA,Gun,Shoot,Vehicle,0
2019,IN,Gun,Unclear Threat,Not Fleeing,0
2019,VA,Gun,Shoot,Vehicle,0
2019,IN,Gun,Point,Not Fleeing,0
2019,TX,Gun,Point,Vehicle,1
2019,CA,Gun,Shoot,Foot,1
2019,WI,Knife,Attack,Not Fleeing,0
2019,NV,Gun,Shoot,Vehicle,0
2019,CA,Gun,Shoot,Foot,0
2019,CA,Vehicle,Attack,Vehicle,1
2019,TX,Gun,Point,Foot,1
2019,KY,Unclear Weapon Information,Unclear Threat,Not Fleeing,0
2019,CA,Unclear Weapon Information,Unclear Threat,Missing,0
2019,IL,Gun,Point,Not Fleeing,0
2019,NM,Replica,Point,Not Fleeing,0
2019,CA,Unclear Weapon Information,Threat,Vehicle,0
2019,OH,Other,Attack,Foot,0
2019,GA,Unarmed,Attack,Not Fleeing,0
2019,NM,Gun,Shoot,Not Fleeing,0
2019,UT,Unarmed,Threat,Not Fleeing,1
2019,OR,Knife,Move,Not Fleeing,0
2019,CA,Blunt Object,Attack,Not Fleeing,1
2019,TN,Unarmed,Attack,Not Fleeing,0
2019,AK,Gun,Shoot,Not Fleeing,0
2019,AR,Gun,Shoot,Missing,0
2019,CA,Gun,Point,Not Fleeing,0
2019,LA,Gun,Shoot,Vehicle,0
2019,AL,Knife,Threat,Missing,0
2019,MD,Multiple Weapons,Shoot,Vehicle,0
2019,KS,Knife,Move,Not Fleeing,0
2019,NM,Gun,Point,Not Fleeing,0
2019,NY,Gun,Shoot,Not Fleeing,0
2019,AZ,Multiple Weapons,Attack,Vehicle,0
2019,DE,Gun,Shoot,Not Fleeing,0
2019,MO,Gun,Threat,Foot,0
2019,NC,Gun,Point,Foot,0
2019,MN,Blunt Object,Threat,Not Fleeing,1
2019,MS,Vehicle,Move,Vehicle,0
2019,TX,Gun,Shoot,Vehicle,0
2019,CO,Gun,Shoot,Not Fleeing,0
2019,OK,Vehicle,Attack,Vehicle,1
2019,ID,Gun,Point,Not Fleeing,0
2019,NY,Gun,Shoot,Foot,0
2019,MT,Gun,Point,Not Fleeing,0
2019,TX,Knife,Move,Not Fleeing,0
2019,NV,Unclear Weapon Information,Attack,Not Fleeing,0
2019,TN,Gun,Shoot,Vehicle,0
2019,WI,Vehicle,Threat,Vehicle,0
2019,OH,Vehicle,Flee,Vehicle,0
2019,ID,Knife,Attack,Not Fleeing,0
2019,CA,Knife,Move,Not Fleeing,0
2019,ID,Gun,Point,Not Fleeing,0
2019,MO,Gun,Attack,Not Fleeing,0
2019,GA,Gun,Point,Not Fleeing,0
2019,CT,Unarmed,Attack,Not Fleeing,0
2019,CA,Gun,Move,Foot,0
2019,MN,Knife,Threat,Vehicle,0
2019,TX,Knife,Move,Not Fleeing,0
2019,WA,Gun,Shoot,Not Fleeing,0
2019,WA,Replica,Unclear Threat,Foot,0
2019,OK,Gun,Shoot,Vehicle,1
2019,WA,Gun,Point,Foot,0
2019,AZ,Multiple Weapons,Point,Not Fleeing,0
2019,UT,Knife,Threat,Not Fleeing,1
2019,IA,Gun,Shoot,Foot,0
2019,OH,Gun,Threat,Vehicle,0
2019,TX,Gun,Shoot,Foot,0
2019,MO,Unclear Weapon Information,Attack,Missing,0
2019,CA,Blunt Object,Attack,Not Fleeing,0
2019,WI,Gun,Shoot,Not Fleeing,0
2019,TX,Gun,Shoot,Not Fleeing,0
2019,TX,Replica,Point,Not Fleeing,1
2019,LA,Unarmed,Unclear Threat,Not Fleeing,0
2019,TX,Gun,Point,Not Fleeing,0
2019,TN,Gun,Point,Not Fleeing,0
2019,OK,Knife,Attack,Not Fleeing,1
2019,MN,Knife,Attack,Not Fleeing,1
2019,TX,Gun,Point,Foot,0
2019,DC,Gun,Shoot,Not Fleeing,0
2019,TN,Gun,Shoot,Foot,0
2019,TX,Gun,Point,Foot,0
2019,TX,Gun,Shoot,Foot,0
2019,VA,Knife,Point,Not Fleeing,1
2019,FL,Vehicle,Attack,Vehicle,0
2019,NY,Gun,Shoot,Foot,1
2019,NY,Knife,Attack,Not Fleeing,0
2019,OR,Gun,Attack,Not Fleeing,0
2019,FL,Gun,Shoot,Not Fleeing,0
2019,PA,Knife,Attack,Not Fleeing,0
2019,TN,Gun,Shoot,Not Fleeing,0
2019,CA,Replica,Point,Not Fleeing,0
2019,TN,Unclear Weapon Information,Threat,Not Fleeing,0
2019,GA,Gun,Point,Not Fleeing,1
2019,CO,Gun,Point,Not Fleeing,0
2019,OK,Unclear Weapon Information,Attack,Not Fleeing,0
2019,WY,Knife,Attack,Not Fleeing,0
2019,TX,Gun,Shoot,Not Fleeing,0
2019,CA,Gun,Threat,Missing,0
2019,GA,Gun,Shoot,Foot,0
2019,AR,Unclear Weapon Information,Threat,Not Fleeing,0
2019,WV,Gun,Shoot,Not Fleeing,0
2019,NC,Gun,Shoot,Vehicle,0
2019,NC,Knife,Threat,Missing,0
2019,SC,Gun,Point,Not Fleeing,0
2019,LA,Gun,Point,Not Fleeing,0
2019,MD,Knife,Attack,Not Fleeing,0
2019,SC,Gun,Shoot,Vehicle,0
2019,CA,Vehicle,Attack,Vehicle,0
2019,TX,Gun,Point,Not Fleeing,0
2019,MD,Knife,Attack,Foot,0
2019,MA,Gun,Shoot,Foot,0
2019,TX,Unarmed,Attack,Foot,0
2019,CO,Replica,Shoot,Not Fleeing,0
2019,FL,Gun,Shoot,Missing,0
2019,NY,Gun,Shoot,Not Fleeing,1
2019,MO,Vehicle,Attack,Vehicle,0
2019,CA,Multiple Weapons,Attack,Vehicle,0
2019,GA,Knife,Threat,Foot,0
2019,WV,Gun,Shoot,Not Fleeing,0
2019,KY,Gun,Shoot,Not Fleeing,0
2019,IL,Multiple Weapons,Attack,Foot,0
2019,VT,Gun,Shoot,Vehicle,0
2019,GA,Gun,Point,Not Fleeing,0
2019,OK,Gun,Shoot,Not Fleeing,1
2019,FL,Other,Attack,Not Fleeing,0
2019,TX,Gun,Attack,Not Fleeing,0
2019,CA,Gun,Move,Not Fleeing,0
2019,MO,Gun,Point,Not Fleeing,0
2019,CA,Knife,Threat,Not Fleeing,0
2019,CA,Gun,Threat,Not Fleeing,1
2019,TX,Knife,Threat,Not Fleeing,0
2019,OK,Gun,Point,Not Fleeing,1
2019,TX,Blunt Object,Attack,Not Fleeing,0
2019,NE,Vehicle,Attack,Not Fleeing,0
2019,UT,Vehicle,Attack,Vehicle,0
2019,OK,Gun,Point,Missing,1
2019,CA,Vehicle,Threat,Vehicle,0
2019,NM,Gun,Point,Not Fleeing,1
2019,AZ,Gun,Shoot,Not Fleeing,0
2019,AR,Gun,Point,Foot,0
2019,OK,Gun,Point,Vehicle,0
2019,TX,Unarmed,Accident,Not Fleeing,1
2019,SC,Gun,Point,Not Fleeing,1
2019,CA,Gun,Point,Foot,0
2019,FL,Knife,Attack,Not Fleeing,0
2019,AZ,Gun,Shoot,Not Fleeing,0
2019,TX,Blunt Object,Threat,Not Fleeing,1
2019,AZ,Gun,Shoot,Missing,0
2019,NM,Gun,Point,Not Fleeing,0
2019,LA,Unarmed,Unclear Threat,Foot,0
2019,NC,Gun,Shoot,Not Fleeing,0
2019,GA,Knife,Attack,Not Fleeing,1
2019,NC,Gun,Shoot,Not Fleeing,0
2019,CA,Unarmed,Threat,Not Fleeing,0
2019,NY,Gun,Shoot,Not Fleeing,0
2019,ID,Gun,Flee,Vehicle,0
2019,GA,Gun,Shoot,Not Fleeing,0
2019,VA,Gun,Point,Vehicle,0
2019,CA,Gun,Threat,Not Fleeing,0
2019,NY,Vehicle,Attack,Not Fleeing,0
2019,OR,Knife,Threat,Not Fleeing,0
2019,AR,Gun,Shoot,Vehicle,0
2019,MS,Multiple Weapons,Attack,Vehicle,0
2019,MI,Vehicle,Attack,Not Fleeing,0
2019,ID,Gun,Shoot,Not Fleeing,0
2019,NJ,Knife,Attack,Not Fleeing,0
2019,FL,Multiple Weapons,Move,Not Fleeing,0
2019,SC,Gun,Point,Not Fleeing,0
2019,TX,Multiple Weapons,Shoot,Vehicle,0
2019,MO,Gun,Point,Vehicle,0
2019,ID,Replica,Point,Not Fleeing,1
2019,OH,Gun,Point,Vehicle,0
2019,OR,Gun,Point,Not Fleeing,0
2019,CO,Gun,Point,Vehicle,0
2019,NV,Gun,Shoot,Not Fleeing,1
2019,CA,Knife,Threat,Not Fleeing,0
2019,TX,Gun,Shoot,Not Fleeing,0
2019,TX,Vehicle,Attack,Vehicle,0
2019,WA,Gun,Point,Not Fleeing,0
2019,NY,Gun,Shoot,Not Fleeing,1
2019,IN,Gun,Shoot,Foot,0
2019,CA,Gun,Shoot,Not Fleeing,1
2019,NC,Gun,Threat,Not Fleeing,0
2019,GA,Replica,Point,Vehicle,0
2019,LA,Knife,Move,Not Fleeing,0
2019,TN,Vehicle,Attack,Not Fleeing,0
2019,OK,Gun,Shoot,Not Fleeing,0
2019,NY,Other,Attack,Not Fleeing,0
2019,NM,Gun,Threat,Vehicle,0
2019,GA,Unclear Weapon Information,Move,Not Fleeing,0
2019,GA,Gun,Shoot,Foot,1
2019,CA,Blunt Object,Threat,Foot,0
2019,MI,Gun,Shoot,Not Fleeing,0
2019,WI,Gun,Shoot,Not Fleeing,0
2019,AL,Gun,Point,Not Fleeing,1
2019,OK,Gun,Shoot,Not Fleeing,1
2019,CA,Gun,Shoot,Not Fleeing,0
2019,CA,Blunt Object,Attack,Not Fleeing,0
2019,IN,Blunt Object,Attack,Not Fleeing,1
2019,MD,Gun,Attack,Not Fleeing,1
2019,WV,Gun,Shoot,Not Fleeing,0
2019,CA,Knife,Move,Not Fleeing,0
2019,CA,Gun,Threat,Not Fleeing,0
2019,CA,Blunt Object,Threat,Not Fleeing,0
2019,FL,Gun,Point,Vehicle,0
2019,CA,Replica,Point,Not Fleeing,1
2019,GA,Gun,Shoot,Not Fleeing,0
2019,CO,Gun,Point,Not Fleeing,0
2019,FL,Gun,Attack,Not Fleeing,0
2019,TX,Gun,Point,Vehicle,0
2019,NM,Knife,Attack,Not Fleeing,0
2019,FL,Knife,Attack,Not Fleeing,0
2019,KY,Unclear Weapon Information,Attack,Missing,0
2019,WA,Knife,Threat,Not Fleeing,1
2019,AZ,Gun,Shoot,Not Fleeing,0
2019,NM,Gun,Shoot,Foot,0
2019,AZ,Knife,Attack,Not Fleeing,1
2019,NM,Gun,Shoot,Missing,0
2019,WI,Gun,Threat,Not Fleeing,0
2019,OH,Gun,Attack,Not Fleeing,1
2019,MO,Gun,Shoot,Not Fleeing,0
2019,WI,Gun,Move,Not Fleeing,0
2019,TX,Knife,Threat,Vehicle,0
2019,OK,Gun,Point,Not Fleeing,0
2019,OK,Unclear Weapon Information,Unclear Threat,Missing,0
2019,TX,Gun,Move,Missing,0
2019,NC,Gun,Attack,Not Fleeing,0
2019,OH,Replica,Point,Missing,0
2019,KY,Gun,Shoot,Missing,1
2019,GA,Gun,Shoot,Not Fleeing,0
2019,OH,Gun,Threat,Not Fleeing,0
2019,NC,Gun,Point,Not Fleeing,0
2019,CA,Gun,Threat,Not Fleeing,0
2019,SC,Knife,Threat,Not Fleeing,0
2019,WA,Knife,Threat,Not Fleeing,0
2019,CO,Gun,Threat,Foot,0
2019,CO,Gun,Shoot,Not Fleeing,0
2019,UT,Gun,Point,Not Fleeing,0
2019,FL,Vehicle,Attack,Not Fleeing,0
2019,OK,Gun,Shoot,Missing,0
2019,HI,Multiple Weapons,Threat,Not Fleeing,0
2019,NC,Gun,Attack,Foot,0
2019,FL,Knife,Unclear Threat,Not Fleeing,1
2019,CA,Knife,Threat,Foot,0
2019,TX,Knife,Attack,Not Fleeing,0
2019,WI,Gun,Threat,Not Fleeing,0
2019,NC,Gun,Shoot,Not Fleeing,0
2019,MA,Gun,Threat,Not Fleeing,0
2019,OH,Gun,Threat,Foot,0
2019,CA,Unclear Weapon Information,Threat,Not Fleeing,0
2019,AZ,Gun,Point,Not Fleeing,0
2019,OH,Unarmed,Attack,Foot,0
2019,WA,Vehicle,Shoot,Vehicle,0
2019,MO,Gun,Attack,Missing,0
2019,MS,Gun,Move,Not Fleeing,0
2019,CA,Knife,Threat,Missing,0
2019,CA,Gun,Shoot,Not Fleeing,0
2019,ID,Knife,Threat,Not Fleeing,0
2019,WI,Gun,Shoot,Missing,0
2019,IL,Gun,Shoot,Not Fleeing,0
2019,GA,Knife,Threat,Not Fleeing,0
2019,GA,Gun,Shoot,Not Fleeing,0
2019,NV,Gun,Shoot,Missing,1
2019,CA,Gun,Threat,Not Fleeing,0
2019,WA,Vehicle,Attack,Not Fleeing,0
2019,NC,Gun,Shoot,Not Fleeing,0
2019,SC,Gun,Attack,Foot,1
2019,CO,Replica,Point,Not Fleeing,0
2019,MI,Gun,Point,Not Fleeing,0
2019,CA,Multiple Weapons,Attack,Foot,1
2019,MT,Gun,Move,Not Fleeing,0
2019,MD,Knife,Attack,Vehicle,1
2019,TN,Gun,Shoot,Not Fleeing,1
2019,OH,Knife,Threat,Not Fleeing,0
2019,MO,Gun,Threat,Vehicle,0
2019,FL,Gun,Point,Vehicle,0
2019,PA,Multiple Weapons,Attack,Vehicle,0
2019,CA,Replica,Point,Missing,1
2019,DE,Gun,Point,Not Fleeing,0
2019,FL,Gun,Point,Not Fleeing,0
2019,CO,Gun,Shoot,Vehicle,0
2019,WA,Replica,Threat,Vehicle,0
2019,OR,Unarmed,Attack,Not Fleeing,0
2019,NJ,Gun,Shoot,Missing,0
2019,GA,Gun,Point,Not Fleeing,0
2019,CA,Knife,Attack,Not Fleeing,1
2019,FL,Multiple Weapons,Point,Vehicle,0
2019,FL,Vehicle,Attack,Vehicle,0
2019,PA,Multiple Weapons,Attack,Vehicle,0
2019,FL,Gun,Shoot,Foot,1
2019,CA,Knife,Threat,Missing,0
2019,TX,Unarmed,Unclear Threat,Not Fleeing,0
2019,AZ,Gun,Point,Not Fleeing,0
2019,OK,Gun,Shoot,Not Fleeing,0
2019,MO,Gun,Threat,Not Fleeing,0
2019,NY,Gun,Attack,Not Fleeing,1
2019,CO,Gun,Point,Vehicle,0
2019,TX,Vehicle,Attack,Foot,0
2019,FL,Gun,Shoot,Vehicle,0
2019,FL,Gun,Shoot,Vehicle,0
2019,CA,Gun,Flee,Foot,0
2019,CO,Gun,Threat,Missing,0
2019,AR,Gun,Threat,Not Fleeing,0
2019,AR,Gun,Shoot,Not Fleeing,0
2019,FL,Gun,Point,Not Fleeing,0
2019,OR,Knife,Threat,Not Fleeing,0
2019,LA,Gun,Threat,Not Fleeing,0
2019,IA,Gun,Threat,Missing,0
2019,CA,Blunt Object,Attack,Not Fleeing,0
2019,NY,Knife,Attack,Missing,0
2019,SC,Gun,Shoot,Missing,0
2019,WI,Gun,Move,Vehicle,0
2019,NJ,Gun,Shoot,Not Fleeing,0
2019,NJ,Gun,Shoot,Not Fleeing,0
2019,AL,Gun,Shoot,Not Fleeing,0
2019,PA,Gun,Shoot,Not Fleeing,0
2019,TX,Unarmed,Attack,Not Fleeing,0
2019,MO,Gun,Threat,Foot,0
2019,OK,Knife,Attack,Vehicle,0
2019,CA,Gun,Threat,Not Fleeing,1
2019,CA,Knife,Move,Not Fleeing,1
2019,AL,Gun,Shoot,Not Fleeing,0
2019,WA,Replica,Threat,Not Fleeing,0
2019,FL,Knife,Point,Not Fleeing,0
2019,FL,Multiple Weapons,Attack,Vehicle,1
2019,AZ,Gun,Shoot,Not Fleeing,0
2019,MI,Gun,Shoot,Not Fleeing,0
2019,WA,Knife,Attack,Not Fleeing,0
2019,WI,Gun,Shoot,Vehicle,0
2019,MN,Gun,Shoot,Not Fleeing,1
2019,OH,Gun,Threat,Foot,0
2019,TX,Gun,Shoot,Not Fleeing,0
2019,HI,Gun,Shoot,Foot,0
2019,CA,Gun,Shoot,Foot,0
2019,CA,Unclear Weapon Information,Unclear Threat,Vehicle,0
2019,FL,Gun,Point,Vehicle,0
2019,HI,Knife,Attack,Missing,1
2019,MT,Gun,Shoot,Foot,0
2019,TX,Gun,Shoot,Missing,0
2019,OK,Gun,Point,Not Fleeing,0
2019,TN,Knife,Threat,Missing,0
2019,CA,Knife,Attack,Not Fleeing,1
2019,CO,Unclear Weapon Information,Attack,Not Fleeing,0
2019,NY,Gun,Point,Foot,0
2019,NC,Gun,Shoot,Foot,0
2019,FL,Gun,Shoot,Foot,0
2019,AZ,Other,Attack,Not Fleeing,0
2019,IN,Gun,Shoot,Not Fleeing,0
2019,NC,Gun,Shoot,Not Fleeing,0
2019,UT,Gun,Point,Vehicle,0
2019,GA,Blunt Object,Attack,Foot,0
2019,NY,Knife,Attack,Not Fleeing,0
2019,IN,Gun,Threat,Not Fleeing,0
2019,PA,Gun,Shoot,Foot,0
2019,CA,Gun,Shoot,Not Fleeing,0
2019,MS,Unclear Weapon Information,Move,Vehicle,0
2019,AZ,Multiple Weapons,Shoot,Vehicle,0
2019,AR,Gun,Shoot,Not Fleeing,0
2019,TX,Gun,Threat,Vehicle,0
2019,FL,Gun,Shoot,Not Fleeing,1
2019,OK,Gun,Point,Vehicle,0
2019,MO,Gun,Threat,Not Fleeing,0
2019,FL,Replica,Point,Not Fleeing,0
2019,GA,Vehicle,Attack,Vehicle,0
2019,TN,Replica,Threat,Missing,0
2019,FL,Gun,Point,Not Fleeing,0
2019,VA,Other,Attack,Not Fleeing,0
2019,ME,Multiple Weapons,Threat,Missing,0
2019,MD,Gun,Shoot,Not Fleeing,0
2019,UT,Unclear Weapon Information,Unclear Threat,Vehicle,0
2019,TX,Gun,Move,Foot,0
2019,TN,Unclear Weapon Information,Attack,Not Fleeing,0
2019,CA,Unclear Weapon Information,Attack,Not Fleeing,0
2019,OH,Knife,Attack,Not Fleeing,1
2019,CA,Knife,Attack,Foot,0
2019,MS,Gun,Shoot,Missing,0
2019,SD,Gun,Shoot,Not Fleeing,0
2019,AK,Other,Threat,Not Fleeing,0
2019,CA,Knife,Threat,Not Fleeing,0
2019,TX,Gun,Shoot,Vehicle,1
2019,KS,Vehicle,Attack,Vehicle,0
2019,MO,Vehicle,Attack,Vehicle,0
2019,AZ,Knife,Threat,Not Fleeing,0
2019,MO,Vehicle,Attack,Vehicle,0
2019,AR,Gun,Attack,Missing,0
2019,WA,Gun,Shoot,Not Fleeing,0
2019,NE,Gun,Shoot,Not Fleeing,1
2019,WV,Gun,Shoot,Foot,0
2020,CA,Replica,Point,Not Fleeing,0
2020,VA,Gun,Threat,Not Fleeing,0
2020,OR,Gun,Point,Not Fleeing,1
2020,CO,Knife,Attack,Not Fleeing,1
2020,MO,Gun,Shoot,Vehicle,0
2020,CT,Knife,Attack,Not Fleeing,1
2020,OR,Gun,Shoot,Not Fleeing,0
2020,NV,Vehicle,Attack,Vehicle,1
2020,CA,Gun,Shoot,Vehicle,1
2020,IL,Gun,Shoot,Foot,0
2020,IL,Knife,Threat,Not Fleeing,0
2020,AL,Gun,Point,Not Fleeing,0
2020,FL,Gun,Shoot,Vehicle,0
2020,DE,Knife,Threat,Not Fleeing,0
2020,OK,Knife,Threat,Not Fleeing,0
2020,TX,Gun,Shoot,Foot,0
2020,NV,Gun,Move,Vehicle,0
2020,NC,Gun,Shoot,Vehicle,0
2020,AZ,Gun,Shoot,Foot,0
2020,NM,Gun,Move,Not Fleeing,0
2020,CO,Gun,Threat,Vehicle,1
2020,HI,Replica,Move,Not Fleeing,0
2020,AK,Gun,Point,Not Fleeing,0
2020,MO,Gun,Point,Not Fleeing,0
2020,CA,Gun,Shoot,Vehicle,0
2020,AL,Blunt Object,Attack,Not Fleeing,0
2020,NY,Gun,Point,Foot,1
2020,ND,Gun,Shoot,Not Fleeing,0
2020,OH,Gun,Move,Vehicle,0
2020,PA,Gun,Shoot,Not Fleeing,0
2020,WA,Unarmed,Threat,Vehicle,0
2020,CA,Vehicle,Attack,Vehicle,0
2020,CO,Gun,Threat,Vehicle,0
2020,FL,Knife,Attack,Missing,0
2020,GA,Gun,Point,Not Fleeing,0
2020,CA,Replica,Point,Missing,0
2020,MO,Gun,Shoot,Vehicle,0
2020,CO,Gun,Threat,Not Fleeing,0
2020,IN,Gun,Shoot,Not Fleeing,0
2020,TX,Vehicle,Attack,Not Fleeing,0
2020,FL,Knife,Attack,Not Fleeing,0
2020,GA,Other,Attack,Not Fleeing,0
2020,FL,Knife,Attack,Not Fleeing,1
2020,MT,Gun,Threat,Not Fleeing,0
2020,NC,Gun,Shoot,Not Fleeing,0
2020,FL,Gun,Move,Not Fleeing,0
2020,CT,Knife,Threat,Vehicle,1
2020,WI,Gun,Shoot,Missing,0
2020,NV,Gun,Threat,Not Fleeing,0
2020,GA,Gun,Threat,Vehicle,0
2020,FL,Knife,Threat,Not Fleeing,0
2020,CT,Gun,Attack,Not Fleeing,0
2020,CA,Gun,Move,Foot,0
2020,AZ,Knife,Threat,Not Fleeing,0
2020,IN,Gun,Threat,Not Fleeing,0
2020,AR,Gun,Shoot,Foot,0
2020,WA,Knife,Attack,Not Fleeing,0
2020,FL,Gun,Threat,Foot,0
2020,WI,Gun,Threat,Not Fleeing,0
2020,CO,Knife,Threat,Not Fleeing,0
2020,AZ,Gun,Shoot,Missing,0
2020,OK,Unclear Weapon Information,Flee,Vehicle,0
2020,GA,Gun,Threat,Foot,0
2020,TX,Knife,Threat,Missing,0
2020,AK,Gun,Point,Vehicle,0
2020,FL,Gun,Shoot,Vehicle,0
2020,GA,Vehicle,Attack,Vehicle,0
2020,NJ,Vehicle,Attack,Vehicle,0
2020,TX,Gun,Shoot,Vehicle,0
2020,CA,Gun,Attack,Foot,1
2020,AL,Gun,Shoot,Not Fleeing,0
2020,CO,Gun,Threat,Vehicle,0
2020,OH,Gun,Threat,Foot,0
2020,AZ,Vehicle,Attack,Vehicle,0
2020,MD,Unarmed,Attack,Not Fleeing,0
2020,SC,Gun,Shoot,Not Fleeing,0
2020,MD,Gun,Shoot,Not Fleeing,0
2020,AZ,Knife,Attack,Not Fleeing,0
2020,AZ,Gun,Point,Not Fleeing,0
2020,KY,Vehicle,Attack,Not Fleeing,0
2020,NC,Unarmed,Attack,Foot,0
2020,NY,Gun,Shoot,Not Fleeing,0
2020,AK,Gun,Point,Foot,0
2020,OH,Gun,Shoot,Not Fleeing,0
2020,OH,Gun,Point,Not Fleeing,0
2020,NC,Replica,Point,Foot,1
2020,MO,Gun,Point,Foot,0
2020,MS,Vehicle,Move,Not Fleeing,0
2020,FL,Gun,Shoot,Not Fleeing,0
2020,FL,Gun,Shoot,Not Fleeing,0
2020,WI,Gun,Shoot,Foot,0
2020,ME,Multiple Weapons,Attack,Foot,0
2020,AZ,Knife,Threat,Not Fleeing,0
2020,UT,Gun,Threat,Not Fleeing,0
2020,TX,Knife,Attack,Not Fleeing,1
2020,OK,Gun,Point,Foot,0
2020,CA,Knife,Attack,Not Fleeing,0
2020,CA,Knife,Threat,Vehicle,0
2020,NV,Knife,Threat,Not Fleeing,0
2020,KS,Vehicle,Attack,Vehicle,0
2020,FL,Gun,Shoot,Vehicle,0
2020,MA,Replica,Attack,Vehicle,0
2020,OK,Knife,Threat,Not Fleeing,0
2020,MO,Gun,Point,Not Fleeing,0
2020,AL,Gun,Shoot,Not Fleeing,0
2020,MO,Gun,Shoot,Not Fleeing,0
2020,WA,Gun,Point,Foot,0
2020,FL,Knife,Move,Not Fleeing,0
2020,MI,Knife,Attack,Not Fleeing,0
2020,IL,Gun,Shoot,Foot,0
2020,GA,Gun,Shoot,Not Fleeing,0
2020,AR,Gun,Shoot,Not Fleeing,0
2020,LA,Gun,Threat,Not Fleeing,0
2020,AL,Gun,Point,Vehicle,1
2020,VA,Gun,Point,Not Fleeing,0
2020,MD,Gun,Point,Not Fleeing,0
2020,ND,Knife,Attack,Not Fleeing,0
2020,LA,Unclear Weapon Information,Threat,Not Fleeing,1
2020,UT,Gun,Threat,Foot,0
2020,TX,Gun,Point,Not Fleeing,0
2020,NV,Gun,Threat,Not Fleeing,0
2020,OR,Gun,Threat,Not Fleeing,1
2020,CO,Gun,Threat,Vehicle,0
2020,CA,Knife,Threat,Not Fleeing,0
2020,NC,Gun,Point,Vehicle,0
2020,AK,Gun,Shoot,Not Fleeing,0
2020,MA,Vehicle,Attack,Vehicle,0
2020,CA,Gun,Shoot,Foot,0
2020,FL,Gun,Shoot,Vehicle,0
2020,IN,Gun,Shoot,Vehicle,0
2020,TN,Gun,Point,Not Fleeing,0
2020,AZ,Gun,Shoot,Not Fleeing,0
2020,FL,Gun,Threat,Foot,0
2020,CA,Gun,Shoot,Not Fleeing,0
2020,OH,Gun,Shoot,Not Fleeing,0
2020,GA,Gun,Threat,Not Fleeing,0
2020,GA,Gun,Shoot,Vehicle,0
2020,CO,Knife,Threat,Not Fleeing,0
2020,MO,Gun,Threat,Not Fleeing,0
2020,AZ,Unarmed,Attack,Not Fleeing,0
2020,NM,Gun,Shoot,Vehicle,0
2020,NC,Gun,Point,Not Fleeing,0
2020,WI,Gun,Threat,Foot,0
2020,NE,Gun,Threat,Not Fleeing,0
2020,TX,Unarmed,Move,Not Fleeing,0
2020,AL,Gun,Shoot,Foot,0
2020,LA,Gun,Shoot,Not Fleeing,0
2020,NY,Vehicle,Attack,Vehicle,0
2020,ID,Knife,Threat,Vehicle,1
2020,TX,Gun,Shoot,Not Fleeing,0
2020,CA,Replica,Point,Missing,0
2020,SC,Gun,Shoot,Not Fleeing,0
2020,MO,Unclear Weapon Information,Unclear Threat,Missing,0
2020,FL,Vehicle,Attack,Vehicle,0
2020,CO,Gun,Move,Not Fleeing,0
2020,OK,Gun,Shoot,Vehicle,0
2020,OH,Knife,Move,Not Fleeing,0
2020,CA,Unarmed,Attack,Missing,1
2020,MN,Gun,Shoot,Not Fleeing,0
2020,AZ,Knife,Threat,Missing,0
2020,FL,Gun,Point,Missing,0
2020,WA,Gun,Shoot,Vehicle,0
2020,WI,Gun,Threat,Missing,0
2020,TX,Gun,Point,Not Fleeing,0
2020,NV,Knife,Threat,Not Fleeing,1
2020,CO,Gun,Attack,Vehicle,0
2020,CA,Gun,Threat,Not Fleeing,0
2020,CA,Gun,Threat,Missing,0
2020,TX,Gun,Point,Not Fleeing,0
2020,NC,Gun,Shoot,Missing,0
2020,TX,Gun,Shoot,Not Fleeing,0
2020,LA,Replica,Point,Not Fleeing,0
2020,TX,Replica,Point,Vehicle,0
2020,FL,Knife,Threat,Not Fleeing,0
2020,WA,Gun,Shoot,Missing,0
2020,AR,Unarmed,Attack,Not Fleeing,0
2020,NC,Gun,Shoot,Not Fleeing,0
2020,AL,Gun,Threat,Vehicle,0
2020,VA,Knife,Attack,Not Fleeing,0
2020,PA,Gun,Shoot,Not Fleeing,0
2020,AZ,Gun,Shoot,Not Fleeing,0
2020,OH,Gun,Threat,Not Fleeing,0
2020,FL,Unarmed,Attack,Foot,0
2020,OK,Knife,Point,Not Fleeing,0
2020,CA,Unarmed,Attack,Not Fleeing,0
2020,PA,Knife,Threat,Not Fleeing,0
2020,OH,Vehicle,Attack,Vehicle,0
2020,AL,Gun,Shoot,Not Fleeing,0
2020,AZ,Gun,Point,Not Fleeing,0
2020,CA,Knife,Threat,Not Fleeing,0
2020,TX,Unarmed,Accident,Foot,0
2020,MN,Gun,Threat,Not Fleeing,0
2020,AK,Unarmed,Attack,Not Fleeing,0
2020,CA,Gun,Shoot,Not Fleeing,0
2020,TX,Knife,Threat,Missing,0
2020,CA,Unarmed,Unclear Threat,Missing,0
2020,FL,Gun,Shoot,Vehicle,0
2020,AK,Gun,Point,Missing,0
2020,MD,Gun,Point,Not Fleeing,1
2020,MO,Unarmed,Unclear Threat,Foot,0
2020,KY,Unarmed,Accident,Not Fleeing,0
2020,OK,Unarmed,Attack,Foot,0
2020,PA,Gun,Point,Missing,0
2020,AZ,Replica,Point,Not Fleeing,0
2020,TX,Gun,Point,Not Fleeing,0
2020,TN,Knife,Move,Not Fleeing,0
2020,FL,Vehicle,Attack,Vehicle,0
2020,NM,Gun,Point,Vehicle,0
2020,KY,Gun,Point,Foot,1
2020,OR,Blunt Object,Attack,Not Fleeing,0
2020,CA,Gun,Point,Vehicle,0
2020,CO,Gun,Point,Foot,0
2020,NC,Gun,Point,Missing,0
2020,CA,Knife,Attack,Not Fleeing,0
2020,MT,Gun,Shoot,Vehicle,0
2020,VA,Gun,Threat,Vehicle,0
2020,IA,Gun,Attack,Not Fleeing,0
2020,TX,Knife,Threat,Not Fleeing,0
2020,FL,Gun,Shoot,Vehicle,1
2020,VA,Gun,Shoot,Missing,0
2020,AZ,Unclear Weapon Information,Unclear Threat,Foot,0
2020,PA,Vehicle,Attack,Vehicle,0
2020,GA,Gun,Shoot,Foot,0
2020,LA,Gun,Threat,Missing,0
2020,TX,Knife,Attack,Foot,0
2020,CO,Gun,Threat,Foot,0
2020,MO,Vehicle,Threat,Missing,0
2020,NY,Knife,Threat,Not Fleeing,0
2020,TN,Gun,Point,Vehicle,0
2020,FL,Unarmed,Attack,Vehicle,0
2020,GA,Gun,Shoot,Foot,0
2020,VA,Gun,Shoot,Not Fleeing,0
2020,CA,Blunt Object,Attack,Not Fleeing,0
2020,UT,Unarmed,Threat,Vehicle,0
2020,CA,Replica,Point,Not Fleeing,1
2020,TX,Blunt Object,Attack,Not Fleeing,0
2020,CA,Gun,Shoot,Not Fleeing,0
2020,NY,Gun,Point,Not Fleeing,0
2020,WA,Vehicle,Attack,Vehicle,0
2020,NC,Gun,Shoot,Vehicle,0
2020,TX,Gun,Shoot,Vehicle,0
2020,NV,Gun,Shoot,Not Fleeing,1
2020,AR,Knife,Move,Not Fleeing,0
2020,FL,Gun,Shoot,Not Fleeing,0
2020,NC,Unarmed,Accident,Vehicle,0
2020,VA,Gun,Shoot,Not Fleeing,0
2020,NY,Gun,Shoot,Missing,1
2020,FL,Gun,Shoot,Foot,0
2020,OR,Gun,Move,Missing,0
2020,KY,Gun,Point,Not Fleeing,0
2020,ID,Gun,Shoot,Not Fleeing,0
2020,AZ,Gun,Shoot,Not Fleeing,0
2020,MD,Gun,Point,Not Fleeing,1
2020,KY,Gun,Point,Not Fleeing,1
2020,CA,Knife,Move,Not Fleeing,0
2020,NM,Blunt Object,Threat,Not Fleeing,0
2020,NC,Gun,Shoot,Not Fleeing,0
2020,VA,Multiple Weapons,Attack,Vehicle,0
2020,KY,Knife,Attack,Vehicle,0
2020,MS,Multiple Weapons,Point,Vehicle,0
2020,LA,Gun,Point,Not Fleeing,0
2020,OR,Knife,Threat,Not Fleeing,0
2020,AZ,Other,Attack,Vehicle,0
2020,TX,Gun,Point,Missing,0
2020,CT,Unarmed,Threat,Not Fleeing,0
2020,WV,Knife,Threat,Not Fleeing,0
2020,FL,Gun,Shoot,Not Fleeing,0
2020,NH,Unclear Weapon Information,Threat,Not Fleeing,0
2020,OK,Knife,Attack,Not Fleeing,0
2020,MA,Blunt Object,Attack,Not Fleeing,0
2020,FL,Gun,Move,Missing,0
2020,AL,Gun,Shoot,Foot,0
2020,FL,Vehicle,Attack,Vehicle,0
2020,WA,Multiple Weapons,Attack,Vehicle,0
2020,TN,Knife,Threat,Not Fleeing,0
2020,AZ,Knife,Attack,Not Fleeing,0
2020,IA,Vehicle,Flee,Vehicle,1
2020,LA,Gun,Shoot,Vehicle,0
2020,TX,Gun,Point,Not Fleeing,0
2020,MD,Gun,Point,Not Fleeing,0
2020,SC,Gun,Threat,Foot,0
2020,VA,Gun,Shoot,Foot,0
2020,TN,Other,Attack,Foot,0
2020,CO,Unarmed,Attack,Foot,0
2020,OR,Gun,Shoot,Vehicle,0
2020,PA,Unarmed,Threat,Not Fleeing,0
2020,WA,Knife,Threat,Not Fleeing,0
2020,PA,Gun,Shoot,Not Fleeing,0
2020,FL,Knife,Threat,Not Fleeing,1
2020,IN,Gun,Shoot,Not Fleeing,0
2020,OR,Gun,Point,Missing,0
2020,CA,Knife,Threat,Vehicle,0
2020,FL,Gun,Shoot,Not Fleeing,0
2020,MS,Knife,Attack,Foot,0
2020,CA,Gun,Shoot,Vehicle,0
2020,ME,Gun,Shoot,Not Fleeing,0
2020,NC,Gun,Shoot,Not Fleeing,0
2020,NE,Gun,Point,Not Fleeing,0
2020,WI,Gun,Point,Not Fleeing,0
2020,GA,Gun,Point,Not Fleeing,0
2020,CA,Multiple Weapons,Attack,Vehicle,1
2020,MT,Vehicle,Attack,Not Fleeing,0
2020,MO,Gun,Point,Foot,0
2020,TX,Vehicle,Attack,Vehicle,0
2020,AL,Gun,Point,Not Fleeing,0
2020,SC,Knife,Point,Missing,0
2020,CA,Blunt Object,Threat,Not Fleeing,0
2020,MO,Gun,Threat,Not Fleeing,0
2020,MN,Gun,Shoot,Vehicle,0
2020,NV,Gun,Point,Not Fleeing,1
2020,CO,Gun,Point,Not Fleeing,0
2020,CA,Unarmed,Move,Foot,0
2020,NV,Gun,Point,Vehicle,1
2020,TX,Other,Threat,Not Fleeing,1
2020,SC,Gun,Shoot,Not Fleeing,0
2020,CO,Gun,Point,Not Fleeing,0
2020,CA,Knife,Threat,Not Fleeing,0
2020,TX,Replica,Point,Foot,0
2020,NJ,Gun,Point,Not Fleeing,0
2020,NV,Unarmed,Attack,Not Fleeing,0
2020,TX,Unarmed,Unclear Threat,Vehicle,1
2020,NC,Gun,Point,Not Fleeing,1
2020,CA,Gun,Threat,Vehicle,0
2020,TX,Gun,Point,Missing,0
2020,GA,Gun,Shoot,Not Fleeing,0
2020,ME,Gun,Shoot,Not Fleeing,0
2020,GA,Gun,Shoot,Not Fleeing,0
2020,NJ,Vehicle,Flee,Vehicle,0
2020,MD,Gun,Shoot,Not Fleeing,0
2020,TX,Gun,Shoot,Not Fleeing,0
2020,GA,Gun,Shoot,Vehicle,0
2020,WA,Knife,Attack,Not Fleeing,0
2020,AZ,Gun,Shoot,Vehicle,0
2020,FL,Multiple Weapons,Shoot,Vehicle,0
2020,NV,Gun,Point,Vehicle,0
2020,CA,Vehicle,Attack,Vehicle,0
2020,IN,Gun,Shoot,Not Fleeing,0
2020,CA,Gun,Flee,Vehicle,0
2020,KY,Gun,Point,Vehicle,0
2020,CO,Gun,Flee,Vehicle,1
2020,CA,Unarmed,Flee,Foot,0
2020,WA,Unarmed,Attack,Foot,1
2020,FL,Knife,Unclear Threat,Foot,0
2020,AR,Gun,Threat,Not Fleeing,0
2020,WA,Gun,Shoot,Not Fleeing,0
2020,IN,Knife,Threat,Not Fleeing,1
2020,FL,Gun,Threat,Not Fleeing,0
2020,NC,Gun,Threat,Vehicle,1
2020,IN,Gun,Threat,Not Fleeing,0
2020,FL,Gun,Attack,Not Fleeing,0
2020,CA,Knife,Attack,Not Fleeing,1
2020,TX,Gun,Shoot,Not Fleeing,0
2020,KS,Gun,Shoot,Vehicle,0
2020,CO,Unclear Weapon Information,Flee,Vehicle,0
2020,CA,Knife,Threat,Not Fleeing,0
2020,OK,Gun,Shoot,Foot,0
2020,MO,Gun,Shoot,Not Fleeing,0
2020,CA,Gun,Shoot,Not Fleeing,0
2020,MO,Gun,Shoot,Vehicle,0
2020,NV,Knife,Threat,Not Fleeing,1
2020,TX,Other,Attack,Missing,0
2020,FL,Knife,Threat,Foot,0
2020,IN,Gun,Shoot,Vehicle,1
2020,WA,Knife,Threat,Missing,0
2020,NC,Knife,Attack,Vehicle,0
2020,CO,Gun,Shoot,Foot,0
2020,CA,Knife,Threat,Not Fleeing,0
2020,NV,Gun,Point,Vehicle,0
2020,IN,Gun,Shoot,Not Fleeing,0
2020,CA,Knife,Attack,Not Fleeing,1
2020,TX,Other,Attack,Not Fleeing,1
2020,CA,Gun,Threat,Vehicle,0
2020,WI,Gun,Shoot,Not Fleeing,0
2020,MD,Knife,Threat,Not Fleeing,1
2020,GA,Blunt Object,Attack,Foot,0
2020,CO,Gun,Point,Vehicle,0
2020,NC,Gun,Threat,Not Fleeing,0
2020,CO,Knife,Threat,Missing,0
2020,SC,Gun,Shoot,Foot,0
2020,CA,Knife,Threat,Vehicle,0
2020,CA,Blunt Object,Unclear Threat,Missing,0
2020,FL,Gun,Shoot,Vehicle,1
2020,NC,Gun,Shoot,Foot,0
2020,TX,Replica,Attack,Not Fleeing,0
2020,OH,Knife,Threat,Not Fleeing,0
2020,CA,Gun,Threat,Not Fleeing,1
2020,TX,Gun,Shoot,Not Fleeing,0
2020,SD,Gun,Shoot,Vehicle,0
2020,CA,Gun,Shoot,Not Fleeing,0
2020,CO,Vehicle,Attack,Vehicle,0
2020,MS,Gun,Shoot,Vehicle,0
2020,MD,Gun,Move,Not Fleeing,1
2020,GA,Gun,Point,Foot,0
2020,TX,Knife,Attack,Not Fleeing,1
2020,WA,Gun,Shoot,Missing,0
2020,TN,Gun,Threat,Not Fleeing,0
2020,LA,Gun,Shoot,Vehicle,0
2020,AR,Gun,Shoot,Not Fleeing,0
2020,WI,Gun,Threat,Not Fleeing,0
2020,WA,Knife,Unclear Threat,Foot,1
2020,AL,Gun,Point,Not Fleeing,0
2020,FL,Unclear Weapon Information,Threat,Not Fleeing,0
2020,TN,Unarmed,Attack,Not Fleeing,0
2020,GA,Vehicle,Attack,Vehicle,0
2020,FL,Gun,Point,Not Fleeing,0
2020,AL,Gun,Flee,Foot,0
2020,CA,Vehicle,Attack,Vehicle,1
2020,NY,Knife,Attack,Not Fleeing,1
2020,AZ,Gun,Move,Not Fleeing,1
2020,SC,Gun,Shoot,Not Fleeing,0
2020,UT,Gun,Flee,Foot,1
2020,NJ,Unarmed,Attack,Not Fleeing,1
2020,NJ,Gun,Unclear Threat,Missing,0
2020,KY,Gun,Threat,Vehicle,0
2020,TN,Gun,Shoot,Foot,0
2020,MT,Gun,Shoot,Not Fleeing,0
2020,TN,Knife,Attack,Not Fleeing,0
2020,TX,Gun,Shoot,Not Fleeing,0
2020,AZ,Unarmed,Move,Not Fleeing,1
2020,CA,Replica,Point,Not Fleeing,1
2020,TX,Knife,Attack,Not Fleeing,0
2020,CA,Replica,Threat,Not Fleeing,0
2020,MI,Gun,Shoot,Not Fleeing,1
2020,NY,Replica,Point,Not Fleeing,0
2020,FL,Unarmed,Attack,Foot,1
2020,TX,Gun,Point,Not Fleeing,0
2020,FL,Gun,Point,Not Fleeing,0
2020,CO,Gun,Shoot,Missing,1
2020,CA,Gun,Point,Foot,0
2020,OH,Gun,Shoot,Not Fleeing,0
2020,FL,Gun,Threat,Not Fleeing,0
2020,LA,Gun,Point,Vehicle,1
2020,NY,Multiple Weapons,Shoot,Vehicle,0
2020,CA,Knife,Attack,Missing,0
2020,CA,Knife,Attack,Not Fleeing,1
2020,OK,Knife,Attack,Not Fleeing,0
2020,AL,Unarmed,Unclear Threat,Not Fleeing,0
2020,OR,Knife,Move,Not Fleeing,1
2020,UT,Gun,Shoot,Not Fleeing,0
2020,CO,Vehicle,Attack,Vehicle,0
2020,AR,Gun,Threat,Not Fleeing,0
2020,FL,Knife,Attack,Not Fleeing,0
2020,CA,Gun,Point,Missing,1
2020,PA,Knife,Threat,Not Fleeing,0
2020,GA,Gun,Shoot,Vehicle,0
2020,FL,Vehicle,Attack,Vehicle,0
2020,CA,Replica,Point,Not Fleeing,0
2020,FL,Gun,Shoot,Not Fleeing,0
2020,OR,Unclear Weapon Information,Unclear Threat,Missing,0
2020,WI,Gun,Shoot,Not Fleeing,0
2020,KY,Gun,Shoot,Missing,1
2020,NV,Gun,Point,Not Fleeing,0
2020,AR,Gun,Unclear Threat,Not Fleeing,0
2020,CA,Gun,Move,Not Fleeing,0
2020,CA,Blunt Object,Threat,Not Fleeing,1
2020,NY,Gun,Move,Not Fleeing,1
2020,OK,Knife,Move,Not Fleeing,0
2020,SC,Gun,Point,Not Fleeing,0
2020,TX,Gun,Shoot,Not Fleeing,0
2020,AR,Unclear Weapon Information,Unclear Threat,Not Fleeing,0
2020,OK,Gun,Point,Not Fleeing,0
2020,TX,Gun,Shoot,Not Fleeing,0
2020,NY,Gun,Point,Foot,0
2020,CA,Vehicle,Attack,Not Fleeing,0
2020,TN,Blunt Object,Attack,Not Fleeing,0
2020,NY,Replica,Threat,Not Fleeing,0
2020,CA,Knife,Threat,Not Fleeing,0
2020,MO,Gun,Shoot,Not Fleeing,0
2020,NM,Gun,Shoot,Not Fleeing,0
2020,CO,Gun,Shoot,Missing,0
2020,FL,Gun,Shoot,Not Fleeing,0
2020,MT,Gun,Shoot,Vehicle,0
2020,ID,Gun,Point,Missing,0
2020,FL,Gun,Shoot,Not Fleeing,0
2020,TN,Gun,Threat,Vehicle,0
2020,CA,Gun,Shoot,Foot,0
2020,CA,Unclear Weapon Information,Unclear Threat,Not Fleeing,0
2020,GA,Other,Attack,Foot,1
2020,IN,Gun,Shoot,Vehicle,0
2020,MO,Unarmed,Threat,Not Fleeing,0
2020,MO,Gun,Threat,Vehicle,0
2020,CA,Replica,Point,Not Fleeing,0
2020,CA,Gun,Threat,Foot,0
2020,KS,Gun,Shoot,Vehicle,0
2020,IL,Gun,Shoot,Not Fleeing,0
2020,AZ,Gun,Shoot,Not Fleeing,1
2020,CA,Gun,Shoot,Not Fleeing,0
2020,NV,Knife,Attack,Vehicle,0
2020,IN,Gun,Point,Vehicle,0
2020,MS,Gun,Shoot,Not Fleeing,0
2020,CO,Gun,Move,Not Fleeing,0
2020,MT,Gun,Shoot,Not Fleeing,0
2020,CA,Gun,Threat,Foot,0
2020,NC,Gun,Point,Not Fleeing,0
2020,OK,Blunt Object,Attack,Foot,0
2020,NY,Gun,Shoot,Not Fleeing,1
2020,LA,Knife,Attack,Not Fleeing,0
2020,CA,Knife,Attack,Not Fleeing,1
2020,CO,Gun,Shoot,Not Fleeing,1
2020,CA,Gun,Move,Not Fleeing,0
2020,TX,Knife,Move,Not Fleeing,0
2020,NV,Gun,Point,Not Fleeing,0
2020,CO,Gun,Point,Missing,0
2020,AK,Gun,Move,Vehicle,0
2020,TX,Knife,Attack,Not Fleeing,0
2020,CA,Gun,Threat,Not Fleeing,0
2020,CA,Gun,Point,Vehicle,0
2020,TX,Knife,Attack,Not Fleeing,0
2020,OK,Unarmed,Unclear Threat,Not Fleeing,0
2020,GA,Gun,Shoot,Vehicle,0
2020,VA,Gun,Shoot,Foot,1
2020,FL,Gun,Shoot,Not Fleeing,0
2020,NV,Gun,Shoot,Foot,1
2020,IN,Gun,Shoot,Vehicle,0
2020,AR,Knife,Attack,Vehicle,0
2020,KY,Knife,Attack,Missing,0
2020,FL,Gun,Shoot,Foot,0
2020,CA,Gun,Point,Foot,1
2020,TN,Gun,Shoot,Missing,0
2020,CA,Gun,Shoot,Not Fleeing,0
2020,OH,Gun,Shoot,Not Fleeing,0
2020,KY,Gun,Point,Vehicle,0
2020,PA,Gun,Shoot,Vehicle,0
2020,TX,Missing,Flee,Vehicle,0
2020,CA,Gun,Shoot,Vehicle,0
2020,TN,Gun,Point,Missing,0
2020,MO,Gun,Point,Vehicle,0
2020,CO,Gun,Shoot,Not Fleeing,0
2020,WI,Knife,Threat,Not Fleeing,1
2020,MO,Gun,Shoot,Foot,0
2020,OR,Gun,Shoot,Not Fleeing,0
2020,AZ,Unclear Weapon Information,Unclear Threat,Not Fleeing,1
2020,FL,Knife,Threat,Not Fleeing,1
2020,CA,Gun,Point,Foot,0
2020,IN,Replica,Point,Missing,1
2020,AZ,Gun,Point,Not Fleeing,0
2020,WI,Gun,Threat,Missing,0
2020,PA,Gun,Point,Not Fleeing,0
2020,TN,Gun,Point,Not Fleeing,0
2020,CA,Vehicle,Attack,Not Fleeing,0
2020,TX,Gun,Shoot,Not Fleeing,0
2020,MS,Knife,Threat,Not Fleeing,0
2020,SC,Gun,Threat,Not Fleeing,0
2020,CA,Replica,Point,Not Fleeing,1
2020,PA,Gun,Unclear Threat,Not Fleeing,0
2020,MI,Gun,Shoot,Not Fleeing,1
2020,FL,Gun,Shoot,Not Fleeing,0
2020,CO,Gun,Shoot,Vehicle,0
2020,SC,Gun,Point,Not Fleeing,0
2020,OH,Vehicle,Attack,Vehicle,0
2020,GA,Knife,Threat,Foot,0
2020,GA,Gun,Shoot,Not Fleeing,0
2020,TN,Gun,Threat,Vehicle,0
2020,MN,Gun,Point,Not Fleeing,1
2020,MI,Knife,Threat,Vehicle,1
2020,GA,Gun,Point,Vehicle,0
2020,TN,Gun,Shoot,Vehicle,0
2020,NM,Gun,Shoot,Foot,0
2020,NJ,Replica,Point,Not Fleeing,0
2020,CA,Vehicle,Attack,Not Fleeing,0
2020,KY,Gun,Point,Not Fleeing,0
2020,WA,Knife,Move,Foot,0
2020,FL,Gun,Point,Not Fleeing,0
2020,TX,Gun,Point,Not Fleeing,0
2020,CO,Gun,Threat,Missing,0
2020,TX,Replica,Threat,Not Fleeing,0
2020,IL,Gun,Shoot,Foot,0
2020,IN,Gun,Shoot,Not Fleeing,0
2020,LA,Gun,Point,Not Fleeing,1
2020,CA,Gun,Shoot,Vehicle,0
2020,OK,Gun,Point,Not Fleeing,1
2020,CA,Gun,Point,Not Fleeing,1
2020,FL,Gun,Shoot,Foot,0
2020,WI,Gun,Threat,Not Fleeing,0
2020,MI,Gun,Point,Vehicle,1
2020,CA,Gun,Shoot,Not Fleeing,1
2020,CA,Replica,Point,Not Fleeing,1
2020,FL,Vehicle,Flee,Vehicle,1
2020,NC,Gun,Point,Not Fleeing,0
2020,TX,Gun,Shoot,Missing,0
2020,OK,Blunt Object,Threat,Not Fleeing,1
2020,UT,Knife,Threat,Not Fleeing,1
2020,NC,Knife,Point,Not Fleeing,0
2020,IN,Gun,Shoot,Foot,1
2020,NC,Gun,Shoot,Not Fleeing,0
2020,FL,Gun,Point,Not Fleeing,0
2020,NV,Knife,Attack,Not Fleeing,0
2020,WA,Knife,Threat,Not Fleeing,0
2020,LA,Gun,Flee,Vehicle,0
2020,AZ,Gun,Point,Not Fleeing,0
2020,MI,Knife,Attack,Not Fleeing,0
2020,CA,Knife,Threat,Not Fleeing,0
2020,TX,Gun,Shoot,Not Fleeing,0
2020,TN,Gun,Point,Not Fleeing,0
2020,OH,Knife,Threat,Not Fleeing,0
2020,FL,Gun,Shoot,Not Fleeing,0
2020,FL,Knife,Threat,Not Fleeing,0
2020,NC,Gun,Point,Missing,0
2020,UT,Gun,Shoot,Not Fleeing,0
2020,CA,Knife,Move,Foot,0
2020,UT,Gun,Point,Foot,0
2020,OH,Gun,Threat,Not Fleeing,0
2020,IA,Knife,Threat,Not Fleeing,1
2020,WA,Unarmed,Unclear Threat,Not Fleeing,0
2020,SC,Multiple Weapons,Point,Not Fleeing,0
2020,TX,Gun,Shoot,Vehicle,0
2020,NJ,Blunt Object,Move,Not Fleeing,1
2020,CA,Gun,Point,Vehicle,0
2020,CA,Blunt Object,Flee,Vehicle,0
2020,FL,Unarmed,Attack,Not Fleeing,0
2020,CA,Knife,Attack,Not Fleeing,0
2020,FL,Gun,Threat,Foot,1
2020,FL,Gun,Shoot,Not Fleeing,0
2020,MO,Gun,Shoot,Vehicle,0
2020,GA,Unarmed,Unclear Threat,Vehicle,0
2020,WI,Knife,Attack,Not Fleeing,0
2020,OK,Knife,Threat,Not Fleeing,0
2020,UT,Gun,Shoot,Vehicle,0
2020,LA,Knife,Move,Not Fleeing,0
2020,UT,Gun,Unclear Threat,Not Fleeing,1
2020,TX,Gun,Shoot,Foot,0
2020,OK,Knife,Point,Foot,0
2020,WA,Gun,Shoot,Not Fleeing,0
2020,NV,Gun,Point,Foot,1
2020,NM,Gun,Point,Missing,0
2020,NC,Gun,Threat,Foot,0
2020,NM,Gun,Shoot,Foot,0
2020,NE,Knife,Attack,Not Fleeing,0
2020,CO,Gun,Point,Not Fleeing,0
2020,OK,Vehicle,Attack,Vehicle,0
2020,CA,Knife,Threat,Not Fleeing,1
2020,AZ,Gun,Attack,Not Fleeing,0
2020,FL,Gun,Shoot,Missing,0
2020,FL,Knife,Attack,Not Fleeing,1
2020,TN,Knife,Threat,Not Fleeing,0
2020,CA,Gun,Threat,Foot,1
2020,FL,Gun,Point,Missing,0
2020,CO,Knife,Attack,Not Fleeing,0
2020,GA,Gun,Threat,Not Fleeing,0
2020,TN,Vehicle,Attack,Vehicle,0
2020,CA,Knife,Threat,Not Fleeing,1
2020,NV,Gun,Point,Not Fleeing,0
2020,CA,Gun,Threat,Vehicle,0
2020,TX,Gun,Shoot,Foot,0
2020,CA,Knife,Flee,Vehicle,1
2020,CA,Gun,Shoot,Foot,0
2020,CA,Other,Attack,Missing,0
2020,NC,Knife,Move,Missing,0
2020,NC,Gun,Point,Not Fleeing,0
2020,FL,Multiple Weapons,Point,Foot,0
2020,GA,Gun,Point,Missing,0
2020,AZ,Gun,Shoot,Not Fleeing,0
2020,TX,Gun,Point,Not Fleeing,0
2020,TX,Gun,Shoot,Vehicle,0
2020,TX,Gun,Shoot,Vehicle,0
2020,AR,Gun,Threat,Vehicle,0
2020,LA,Knife,Flee,Foot,0
2020,NJ,Knife,Threat,Missing,0
2020,CA,Gun,Shoot,Not Fleeing,0
2020,CA,Gun,Shoot,Foot,0
2020,ND,Unclear Weapon Information,Unclear Threat,Missing,0
2020,GA,Knife,Attack,Not Fleeing,0
2020,NM,Gun,Shoot,Missing,0
2020,NC,Gun,Shoot,Not Fleeing,0
2020,KY,Gun,Shoot,Not Fleeing,0
2020,TX,Gun,Attack,Not Fleeing,0
2020,MI,Gun,Shoot,Not Fleeing,0
2020,CA,Knife,Threat,Not Fleeing,0
2020,KY,Gun,Shoot,Missing,0
2020,AZ,Gun,Point,Foot,1
2020,TX,Gun,Shoot,Foot,0
2020,UT,Gun,Threat,Foot,0
2020,MD,Vehicle,Flee,Vehicle,0
2020,CO,Gun,Threat,Not Fleeing,0
2020,MI,Gun,Shoot,Not Fleeing,0
2020,FL,Gun,Shoot,Not Fleeing,1
2020,CA,Knife,Threat,Missing,0
2020,CA,Gun,Point,Not Fleeing,1
2020,CA,Gun,Attack,Foot,0
2020,NM,Gun,Threat,Vehicle,1
2020,ID,Gun,Shoot,Not Fleeing,1
2020,IL,Gun,Shoot,Missing,1
2020,CA,Gun,Point,Foot,1
2020,DC,Gun,Threat,Vehicle,1
2020,WA,Gun,Threat,Not Fleeing,0
2020,CA,Gun,Point,Not Fleeing,0
2020,IA,Knife,Attack,Not Fleeing,0
2020,NY,Gun,Threat,Not Fleeing,1
2020,CA,Gun,Shoot,Not Fleeing,0
2020,MI,Vehicle,Attack,Vehicle,0
2020,IL,Knife,Threat,Not Fleeing,1
2020,TX,Knife,Attack,Not Fleeing,0
2020,NV,Knife,Attack,Not Fleeing,0
2020,VA,Knife,Threat,Not Fleeing,0
2020,NC,Knife,Threat,Missing,0
2020,IA,Gun,Move,Missing,0
2020,FL,Gun,Shoot,Vehicle,0
2020,NV,Knife,Attack,Vehicle,1
2020,KY,Gun,Point,Vehicle,0
2020,CO,Gun,Point,Not Fleeing,0
2020,GA,Gun,Shoot,Foot,0
2020,NC,Gun,Shoot,Not Fleeing,0
2020,TN,Gun,Shoot,Not Fleeing,0
2020,CA,Gun,Shoot,Not Fleeing,0
2020,NC,Gun,Threat,Missing,0
2020,WA,Gun,Shoot,Vehicle,0
2020,CA,Gun,Threat,Not Fleeing,1
2020,CO,Gun,Shoot,Vehicle,0
2020,PA,Knife,Threat,Not Fleeing,1
2020,UT,Gun,Shoot,Not Fleeing,0
2020,CO,Gun,Point,Not Fleeing,0
2020,TX,Gun,Attack,Not Fleeing,1
2020,FL,Blunt Object,Threat,Not Fleeing,0
2020,IA,Replica,Threat,Not Fleeing,0
2020,CA,Knife,Attack,Missing,0
2020,CA,Vehicle,Threat,Vehicle,0
2020,TX,Blunt Object,Threat,Not Fleeing,0
2020,CO,Gun,Shoot,Foot,0
2020,UT,Gun,Shoot,Vehicle,0
2020,GA,Gun,Shoot,Foot,0
2020,WA,Unarmed,Unclear Threat,Not Fleeing,0
2020,GA,Gun,Shoot,Missing,0
2020,WA,Gun,Threat,Not Fleeing,0
2020,MO,Gun,Point,Vehicle,0
2020,AZ,Knife,Attack,Missing,0
2020,GA,Gun,Threat,Not Fleeing,0
2020,GA,Knife,Move,Not Fleeing,1
2020,IL,Gun,Shoot,Foot,0
2020,TX,Gun,Point,Not Fleeing,0
2020,CA,Unarmed,Attack,Missing,0
2020,CA,Gun,Shoot,Foot,0
2020,CA,Gun,Point,Missing,1
2020,FL,Gun,Shoot,Foot,0
2020,LA,Gun,Shoot,Not Fleeing,0
2020,WA,Gun,Unclear Threat,Not Fleeing,1
2020,AZ,Unarmed,Move,Vehicle,1
2020,MI,Knife,Attack,Missing,0
2020,LA,Gun,Shoot,Not Fleeing,0
2020,MN,Gun,Move,Vehicle,0
2020,GA,Unclear Weapon Information,Unclear Threat,Not Fleeing,0
2020,KS,Gun,Shoot,Not Fleeing,1
2020,WV,Gun,Shoot,Vehicle,0
2020,FL,Gun,Shoot,Not Fleeing,0
2020,CA,Unarmed,Move,Foot,0
2020,CA,Knife,Move,Foot,1
2020,WA,Gun,Threat,Foot,0
2020,MI,Gun,Shoot,Missing,0
2020,TX,Unarmed,Move,Not Fleeing,1
2020,SC,Gun,Shoot,Missing,0
2020,CA,Unarmed,Point,Vehicle,0
2020,WA,Knife,Threat,Not Fleeing,0
2020,NM,Gun,Point,Not Fleeing,0
2020,CA,Multiple Weapons,Point,Not Fleeing,1
2020,CA,Unarmed,Move,Not Fleeing,1
2020,KY,Gun,Point,Not Fleeing,0
2020,NC,Gun,Point,Missing,0
2020,FL,Gun,Point,Not Fleeing,0
2020,CA,Blunt Object,Attack,Not Fleeing,0
2020,CO,Gun,Threat,Foot,0
2020,PA,Gun,Shoot,Vehicle,0
2020,NY,Gun,Shoot,Vehicle,1
2020,FL,Gun,Point,Not Fleeing,0
2020,IN,Gun,Shoot,Not Fleeing,0
2020,SC,Gun,Move,Missing,0
2020,MN,Unarmed,Unclear Threat,Vehicle,1
2020,KS,Gun,Shoot,Vehicle,0
2020,TX,Gun,Point,Missing,0
2020,CA,Knife,Move,Vehicle,1
2020,MT,Gun,Attack,Missing,0
2020,TN,Unarmed,Threat,Vehicle,0
2020,NM,Gun,Threat,Not Fleeing,0
2020,CA,Knife,Attack,Foot,1
2020,LA,Gun,Threat,Not Fleeing,0
2020,CA,Knife,Point,Foot,0
2020,OK,Knife,Attack,Not Fleeing,0
2020,FL,Knife,Move,Not Fleeing,0
2020,CA,Gun,Point,Missing,0
2020,IN,Gun,Shoot,Foot,0
2020,PA,Gun,Threat,Foot,0
2020,CA,Gun,Threat,Foot,0
2020,SD,Gun,Shoot,Not Fleeing,0
2020,AL,Gun,Point,Not Fleeing,0
2020,CA,Gun,Point,Foot,1
2020,IL,Gun,Shoot,Vehicle,1
2020,TX,Gun,Shoot,Foot,0
2020,FL,Knife,Attack,Not Fleeing,0
2020,NM,Gun,Shoot,Vehicle,0
2020,KY,Gun,Shoot,Not Fleeing,0
2020,WV,Unarmed,Attack,Not Fleeing,0
2020,AL,Gun,Point,Not Fleeing,0
2020,FL,Gun,Point,Not Fleeing,0
2020,CA,Gun,Shoot,Foot,0
2020,UT,Gun,Threat,Not Fleeing,0
2020,GA,Gun,Shoot,Foot,0
2020,WI,Gun,Shoot,Not Fleeing,0
2020,NY,Knife,Threat,Missing,0
2020,MD,Gun,Shoot,Vehicle,0
2020,NH,Unarmed,Unclear Threat,Not Fleeing,1
2020,CA,Blunt Object,Attack,Not Fleeing,1
2020,IL,Unarmed,Move,Vehicle,1
2020,AZ,Gun,Point,Not Fleeing,1
2020,OH,Gun,Shoot,Not Fleeing,0
2020,FL,Gun,Point,Not Fleeing,0
2020,FL,Gun,Shoot,Not Fleeing,0
2020,AZ,Unarmed,Threat,Not Fleeing,1
2020,FL,Gun,Threat,Not Fleeing,1
2020,MS,Knife,Attack,Not Fleeing,0
2020,FL,Gun,Point,Not Fleeing,0
2020,AZ,Gun,Point,Vehicle,0
2020,CA,Gun,Attack,Not Fleeing,0
2020,AK,Gun,Point,Not Fleeing,0
2020,WV,Unclear Weapon Information,Move,Missing,0
2020,CA,Gun,Shoot,Vehicle,0
2020,WI,Gun,Point,Vehicle,0
2020,IL,Gun,Point,Foot,0
2020,UT,Gun,Point,Not Fleeing,0
2020,MO,Gun,Shoot,Vehicle,0
2020,CA,Gun,Shoot,Vehicle,0
2020,CA,Unarmed,Attack,Not Fleeing,0
2020,TX,Vehicle,Attack,Not Fleeing,0
2020,IN,Knife,Point,Not Fleeing,0
2020,GA,Gun,Point,Vehicle,0
2020,MI,Gun,Shoot,Not Fleeing,0
2020,MO,Knife,Attack,Not Fleeing,0
2020,AZ,Replica,Point,Not Fleeing,0
2020,PA,Knife,Threat,Not Fleeing,1
2020,VA,Gun,Shoot,Foot,0
2020,CA,Gun,Shoot,Not Fleeing,0
2020,FL,Knife,Threat,Not Fleeing,0
2020,UT,Gun,Threat,Missing,1
2020,TN,Gun,Move,Missing,0
2020,NV,Gun,Move,Not Fleeing,1
2020,KY,Unclear Weapon Information,Unclear Threat,Missing,0
2020,AZ,Gun,Point,Foot,1
2020,CA,Gun,Shoot,Foot,0
2020,WA,Gun,Move,Foot,0
2020,OR,Gun,Shoot,Foot,0
2020,TX,Unarmed,Flee,Vehicle,0
2020,MI,Gun,Move,Not Fleeing,0
2020,TN,Gun,Shoot,Foot,1
2020,TN,Gun,Threat,Missing,0
2020,CO,Unarmed,Unclear Threat,Missing,0
2020,WA,Gun,Unclear Threat,Not Fleeing,0
2020,IN,Gun,Threat,Foot,0
2020,OK,Gun,Shoot,Missing,0
2020,MA,Knife,Threat,Not Fleeing,0
2020,MO,Gun,Attack,Not Fleeing,0
2020,MA,Vehicle,Attack,Vehicle,0
2020,TX,Gun,Point,Not Fleeing,1
2020,NV,Gun,Shoot,Not Fleeing,1
2020,TX,Gun,Point,Not Fleeing,0
2020,CA,Vehicle,Threat,Vehicle,0
2020,FL,Gun,Threat,Not Fleeing,1
2020,CO,Gun,Point,Not Fleeing,1
2020,CA,Knife,Attack,Not Fleeing,0
2020,IL,Replica,Point,Missing,0
2020,FL,Gun,Point,Not Fleeing,0
2020,WA,Gun,Shoot,Foot,1
2020,MI,Gun,Shoot,Vehicle,0
2020,OK,Vehicle,Attack,Not Fleeing,0
2020,CA,Gun,Move,Vehicle,0
2020,TX,Gun,Shoot,Missing,1
2020,FL,Gun,Shoot,Not Fleeing,0
2020,CA,Knife,Attack,Not Fleeing,0
2020,GA,Gun,Shoot,Not Fleeing,0
2020,MT,Knife,Attack,Missing,0
2020,AZ,Gun,Threat,Not Fleeing,1
2020,IN,Gun,Threat,Missing,1
2020,TN,Gun,Threat,Not Fleeing,0
2020,NC,Gun,Flee,Missing,0
2020,MD,Gun,Shoot,Not Fleeing,0
2020,WA,Gun,Shoot,Not Fleeing,0
2020,CA,Knife,Attack,Not Fleeing,0
2020,TX,Gun,Point,Foot,0
2020,CA,Knife,Threat,Foot,1
2020,MD,Multiple Weapons,Attack,Vehicle,0
2020,OH,Gun,Point,Not Fleeing,0
2020,AZ,Blunt Object,Threat,Missing,0
2020,AZ,Gun,Point,Not Fleeing,0
2020,OK,Gun,Shoot,Vehicle,0
2020,VA,Gun,Shoot,Not Fleeing,1
2020,PA,Gun,Shoot,Vehicle,1
2020,MS,Gun,Point,Not Fleeing,0
2020,FL,Unclear Weapon Information,Move,Not Fleeing,0
2020,FL,Unclear Weapon Information,Move,Vehicle,0
2020,OH,Gun,Point,Missing,0
2020,MS,Gun,Point,Not Fleeing,0
2020,WY,Gun,Shoot,Vehicle,0
2020,MT,Unclear Weapon Information,Flee,Vehicle,0
2020,FL,Vehicle,Move,Vehicle,0
2020,TX,Gun,Shoot,Missing,0
2020,CA,Gun,Point,Missing,1
2020,NH,Knife,Threat,Not Fleeing,0
2020,TX,Knife,Move,Not Fleeing,1
2020,CA,Gun,Point,Vehicle,0
2020,FL,Gun,Threat,Vehicle,0
2020,IN,Gun,Shoot,Not Fleeing,0
2020,TN,Gun,Shoot,Vehicle,0
2020,FL,Gun,Point,Missing,0
2020,KY,Gun,Shoot,Vehicle,0
2020,FL,Gun,Threat,Not Fleeing,1
2020,MD,Gun,Shoot,Missing,0
2020,FL,Gun,Threat,Not Fleeing,0
2020,TX,Gun,Threat,Not Fleeing,0
2020,NE,Gun,Threat,Not Fleeing,1
2020,NM,Gun,Threat,Vehicle,0
2020,OK,Gun,Threat,Missing,1
2020,OK,Gun,Point,Not Fleeing,1
2020,LA,Gun,Threat,Missing,0
2020,IN,Multiple Weapons,Shoot,Vehicle,0
2020,PA,Unarmed,Attack,Foot,0
2020,FL,Gun,Shoot,Vehicle,1
2020,AZ,Gun,Threat,Not Fleeing,0
2020,AL,Gun,Shoot,Not Fleeing,1
2020,WI,Knife,Threat,Missing,0
2020,KY,Vehicle,Attack,Vehicle,1
2020,WA,Vehicle,Attack,Vehicle,0
2020,CA,Knife,Threat,Missing,0
2020,OK,Unarmed,Move,Foot,1
2020,NM,Gun,Shoot,Vehicle,0
2020,NY,Gun,Shoot,Missing,0
2020,TX,Gun,Shoot,Missing,0
2020,VA,Gun,Threat,Not Fleeing,0
2020,TX,Unclear Weapon Information,Unclear Threat,Missing,0
2020,WI,Gun,Threat,Vehicle,0
2020,OR,Gun,Threat,Missing,0
2020,CA,Knife,Point,Not Fleeing,0
2020,LA,Gun,Shoot,Not Fleeing,0
2020,GA,Gun,Shoot,Not Fleeing,0
2020,AZ,Replica,Point,Not Fleeing,1
2020,TX,Knife,Threat,Not Fleeing,0
2020,FL,Gun,Threat,Vehicle,0
2020,NC,Gun,Attack,Not Fleeing,0
2020,MI,Gun,Shoot,Vehicle,0
2020,LA,Gun,Shoot,Missing,0
2020,CA,Vehicle,Attack,Not Fleeing,0
2020,FL,Multiple Weapons,Shoot,Vehicle,0
2020,AZ,Gun,Shoot,Not Fleeing,0
2020,OH,Gun,Shoot,Missing,0
2020,OH,Gun,Threat,Missing,0
2020,WV,Gun,Shoot,Not Fleeing,0
2020,NY,Gun,Shoot,Not Fleeing,0
2020,AZ,Gun,Shoot,Missing,0
2020,GA,Knife,Threat,Not Fleeing,0
2020,MN,Knife,Point,Foot,0
2020,OH,Gun,Point,Not Fleeing,1
2020,CA,Vehicle,Attack,Vehicle,0
2020,MO,Knife,Threat,Not Fleeing,0
2020,OH,Gun,Point,Not Fleeing,0
2020,OR,Gun,Shoot,Not Fleeing,0
2020,MI,Gun,Shoot,Missing,0
2020,NV,Blunt Object,Attack,Not Fleeing,1
2020,OR,Replica,Point,Vehicle,0
2020,FL,Unarmed,Attack,Vehicle,1
2020,TX,Gun,Flee,Foot,1
2020,TX,Unarmed,Attack,Not Fleeing,0
2020,WI,Gun,Point,Foot,0
2020,WV,Gun,Point,Not Fleeing,0
2020,VA,Gun,Point,Foot,0
2020,MS,Gun,Point,Not Fleeing,1
2020,TX,Gun,Shoot,Missing,0
2020,DE,Gun,Shoot,Not Fleeing,0
2020,IN,Gun,Shoot,Foot,0
2020,TX,Gun,Shoot,Vehicle,0
2020,OK,Knife,Threat,Not Fleeing,1
2020,MT,Gun,Shoot,Foot,0
2020,TX,Gun,Threat,Vehicle,0
2020,OH,Gun,Point,Missing,0
2020,IN,Vehicle,Move,Vehicle,0
2020,UT,Multiple Weapons,Attack,Not Fleeing,1
2020,NY,Gun,Shoot,Missing,0
2020,CA,Knife,Threat,Not Fleeing,0
2020,TX,Gun,Threat,Vehicle,0
2020,NM,Gun,Point,Vehicle,0
2020,TX,Gun,Point,Missing,0
2020,OK,Unarmed,Attack,Missing,0
2020,NC,Gun,Shoot,Foot,0
2020,FL,Gun,Point,Not Fleeing,0
2020,TN,Gun,Flee,Vehicle,0
2020,WA,Gun,Point,Foot,0
2020,GA,Unclear Weapon Information,Unclear Threat,Missing,0
2020,FL,Knife,Attack,Not Fleeing,1
2020,MI,Knife,Threat,Not Fleeing,0
2020,ID,Knife,Attack,Not Fleeing,0
2020,ME,Gun,Threat,Missing,0
2020,CA,Vehicle,Attack,Vehicle,0
2020,CA,Gun,Point,Not Fleeing,0
2020,CA,Gun,Shoot,Foot,1
2020,AK,Unarmed,Unclear Threat,Vehicle,0
2020,KS,Vehicle,Flee,Vehicle,0
2020,OH,Unarmed,Unclear Threat,Not Fleeing,1
2020,AZ,Blunt Object,Threat,Not Fleeing,0
2020,NH,Gun,Shoot,Not Fleeing,0
2020,IL,Replica,Threat,Not Fleeing,0
2020,TN,Knife,Attack,Not Fleeing,0
2020,CA,Knife,Threat,Foot,0
2020,PA,Gun,Shoot,Not Fleeing,1
2020,AZ,Vehicle,Attack,Vehicle,0
2020,TX,Gun,Shoot,Not Fleeing,0
2020,CT,Gun,Point,Not Fleeing,1
2020,WA,Gun,Move,Not Fleeing,0
2020,AZ,Gun,Point,Not Fleeing,1
2020,CA,Multiple Weapons,Threat,Not Fleeing,0
2020,HI,Vehicle,Threat,Vehicle,0
2020,MA,Knife,Threat,Not Fleeing,0
2020,OR,Gun,Shoot,Not Fleeing,0
2020,CO,Gun,Shoot,Foot,0
2020,CO,Gun,Shoot,Vehicle,1
2020,AZ,Unarmed,Move,Foot,1
2020,NY,Knife,Attack,Not Fleeing,0
2020,GA,Gun,Shoot,Not Fleeing,0
2020,SC,Gun,Shoot,Not Fleeing,0
2020,CA,Unarmed,Unclear Threat,Missing,1
2020,CA,Gun,Shoot,Foot,0
2020,ID,Gun,Point,Vehicle,0
2020,KS,Gun,Shoot,Foot,0
2020,MN,Gun,Shoot,Not Fleeing,1
2020,PA,Gun,Point,Not Fleeing,0
2020,TN,Gun,Point,Vehicle,0
2020,TX,Gun,Shoot,Not Fleeing,0
2020,IN,Vehicle,Attack,Vehicle,0
2021,NJ,Unclear Weapon Information,Unclear Threat,Missing,0
2021,OR,Replica,Threat,Missing,0
2021,IN,Vehicle,Attack,Vehicle,0
2021,AZ,Gun,Threat,Vehicle,1
2021,CA,Gun,Attack,Not Fleeing,0
2021,MO,Knife,Threat,Missing,0
2021,FL,Gun,Shoot,Foot,0
2021,OR,Knife,Threat,Not Fleeing,0
2021,AZ,Knife,Threat,Not Fleeing,0
2021,AL,Vehicle,Attack,Not Fleeing,0
2021,MA,Knife,Threat,Not Fleeing,0
2021,OH,Gun,Threat,Vehicle,1
2021,WA,Gun,Shoot,Missing,0
2021,TX,Gun,Threat,Missing,0
2021,TX,Gun,Point,Not Fleeing,1
2021,DC,Unarmed,Attack,Not Fleeing,0
2021,OR,Knife,Attack,Not Fleeing,0
2021,CT,Gun,Shoot,Missing,0
2021,MI,Gun,Point,Not Fleeing,0
2021,MN,Knife,Move,Vehicle,1
2021,MD,Gun,Threat,Foot,0
2021,TN,Unclear Weapon Information,Threat,Foot,0
2021,CA,Gun,Point,Not Fleeing,0
2021,NC,Replica,Point,Not Fleeing,0
2021,IL,Gun,Shoot,Vehicle,0
2021,AZ,Gun,Shoot,Foot,1
2021,TX,Unarmed,Move,Not Fleeing,1
2021,AR,Knife,Attack,Not Fleeing,0
2021,VA,Gun,Point,Vehicle,0
2021,CA,Knife,Attack,Not Fleeing,0
2021,IN,Gun,Shoot,Vehicle,0
2021,KS,Gun,Shoot,Vehicle,0
2021,TX,Unarmed,Attack,Not Fleeing,0
2021,SC,Knife,Threat,Not Fleeing,0
2021,OH,Gun,Point,Not Fleeing,0
2021,CO,Gun,Shoot,Foot,0
2021,LA,Gun,Shoot,Not Fleeing,0
2021,AZ,Gun,Threat,Vehicle,1
2021,DE,Vehicle,Threat,Vehicle,1
2021,CA,Gun,Point,Not Fleeing,0
2021,VA,Gun,Shoot,Not Fleeing,0
2021,TX,Unclear Weapon Information,Unclear Threat,Missing,0
2021,TX,Gun,Threat,Missing,0
2021,MS,Knife,Threat,Not Fleeing,0
2021,CA,Gun,Shoot,Not Fleeing,0
2021,AZ,Gun,Shoot,Missing,0
2021,IN,Vehicle,Attack,Not Fleeing,0
2021,OK,Gun,Point,Foot,0
2021,AZ,Unclear Weapon Information,Unclear Threat,Missing,0
2021,CA,Gun,Shoot,Vehicle,0
2021,OH,Gun,Shoot,Foot,0
2021,AL,Gun,Point,Not Fleeing,0
2021,CO,Gun,Threat,Vehicle,0
2021,AR,Gun,Shoot,Not Fleeing,0
2021,CA,Blunt Object,Attack,Not Fleeing,1
2021,AL,Gun,Shoot,Foot,0
2021,AZ,Unclear Weapon Information,Unclear Threat,Vehicle,0
2021,NY,Knife,Threat,Not Fleeing,0
2021,TX,Gun,Threat,Not Fleeing,0
2021,CA,Unarmed,Move,Foot,1
2021,KY,Knife,Threat,Not Fleeing,0
2021,FL,Knife,Threat,Not Fleeing,0
2021,LA,Knife,Point,Missing,0
2021,TX,Vehicle,Attack,Vehicle,0
2021,WA,Knife,Threat,Missing,0
2021,CA,Vehicle,Attack,Vehicle,0
2021,CA,Gun,Shoot,Missing,1
2021,CO,Unclear Weapon Information,Unclear Threat,Vehicle,0
2021,AL,Knife,Threat,Foot,1
2021,TX,Gun,Shoot,Vehicle,0
2021,TX,Gun,Threat,Foot,1
2021,CA,Knife,Attack,Not Fleeing,0
2021,CA,Gun,Shoot,Not Fleeing,0
2021,AZ,Gun,Threat,Not Fleeing,0
2021,TX,Gun,Shoot,Not Fleeing,0
2021,KY,Vehicle,Attack,Vehicle,1
2021,CA,Gun,Point,Not Fleeing,0
2021,NM,Gun,Shoot,Foot,1
2021,OK,Gun,Shoot,Not Fleeing,0
2021,IN,Gun,Shoot,Not Fleeing,1
2021,AZ,Vehicle,Attack,Vehicle,0
2021,VA,Unarmed,Threat,Not Fleeing,0
2021,TX,Gun,Shoot,Missing,0
2021,IL,Unclear Weapon Information,Attack,Vehicle,0
2021,MS,Knife,Threat,Foot,0
2021,NC,Gun,Threat,Not Fleeing,0
2021,WI,Gun,Shoot,Foot,0
2021,TN,Gun,Shoot,Not Fleeing,0
2021,NM,Replica,Threat,Not Fleeing,0
2021,NV,Knife,Attack,Foot,0
2021,NM,Gun,Shoot,Vehicle,0
2021,CA,Knife,Attack,Missing,0
2021,OK,Gun,Shoot,Missing,0
2021,AL,Gun,Shoot,Not Fleeing,0
2021,MD,Gun,Shoot,Not Fleeing,0
2021,NC,Gun,Shoot,Not Fleeing,0
2021,WA,Unarmed,Attack,Not Fleeing,0
2021,OH,Knife,Threat,Foot,0
2021,VA,Gun,Shoot,Not Fleeing,1
2021,CT,Multiple Weapons,Attack,Not Fleeing,1
2021,FL,Gun,Shoot,Not Fleeing,1
2021,CA,Gun,Point,Missing,1
2021,MD,Blunt Object,Attack,Not Fleeing,0
2021,UT,Gun,Shoot,Not Fleeing,0
2021,UT,Gun,Threat,Vehicle,0
2021,AZ,Gun,Point,Not Fleeing,1
2021,AZ,Gun,Point,Foot,0
2021,CA,Replica,Threat,Missing,0
2021,TX,Knife,Threat,Foot,0
2021,IA,Gun,Threat,Not Fleeing,0
2021,ID,Gun,Threat,Not Fleeing,0
2021,MS,Unclear Weapon Information,Threat,Vehicle,0
2021,NC,Gun,Threat,Missing,1
2021,WA,Gun,Shoot,Missing,1
2021,PA,Knife,Threat,Not Fleeing,0
2021,TX,Gun,Shoot,Not Fleeing,1
2021,OH,Gun,Threat,Not Fleeing,0
2021,SC,Gun,Threat,Missing,0
2021,MS,Unclear Weapon Information,Unclear Threat,Missing,0
2021,TX,Gun,Point,Not Fleeing,0
2021,PA,Gun,Threat,Vehicle,0
2021,AR,Gun,Shoot,Foot,0
2021,ME,Knife,Threat,Foot,0
2021,KY,Vehicle,Attack,Not Fleeing,0
2021,FL,Gun,Shoot,Missing,0
2021,ID,Gun,Shoot,Vehicle,0
2021,CA,Unarmed,Flee,Foot,1
2021,IN,Replica,Point,Foot,1
2021,TX,Gun,Threat,Vehicle,0
2021,ID,Gun,Shoot,Not Fleeing,0
2021,NM,Unclear Weapon Information,Unclear Threat,Not Fleeing,0
2021,ID,Unclear Weapon Information,Threat,Missing,0
2021,CA,Unclear Weapon Information,Attack,Foot,0
2021,CA,Gun,Threat,Vehicle,1
2021,WA,Knife,Threat,Foot,1
2021,FL,Gun,Threat,Not Fleeing,0
2021,NC,Gun,Shoot,Foot,0
2021,TX,Gun,Threat,Not Fleeing,1
2021,SC,Gun,Point,Not Fleeing,1
2021,GA,Unarmed,Move,Foot,1
2021,LA,Knife,Threat,Not Fleeing,0
2021,MO,Blunt Object,Attack,Not Fleeing,0
2021,PA,Gun,Threat,Not Fleeing,0
2021,CA,Unarmed,Attack,Not Fleeing,0
2021,CA,Vehicle,Attack,Vehicle,1
2021,KY,Gun,Point,Not Fleeing,0
2021,NM,Knife,Attack,Foot,1
2021,NE,Gun,Shoot,Vehicle,1
2021,NE,Gun,Shoot,Vehicle,1
2021,IA,Knife,Threat,Missing,1
2021,MN,Gun,Shoot,Vehicle,1
2021,FL,Gun,Threat,Foot,0
2021,MI,Gun,Point,Foot,0
2021,NC,Gun,Shoot,Missing,0
2021,CA,Vehicle,Attack,Vehicle,1
2021,OR,Gun,Shoot,Vehicle,0
2021,AZ,Gun,Point,Vehicle,0
2021,MI,Gun,Shoot,Not Fleeing,0
2021,OK,Multiple Weapons,Attack,Vehicle,1
2021,MD,Gun,Shoot,Foot,1
2021,CA,Replica,Point,Missing,1
2021,VA,Gun,Shoot,Not Fleeing,0
2021,PA,Unclear Weapon Information,Attack,Not Fleeing,0
2021,MN,Gun,Shoot,Missing,1
2021,IN,Knife,Threat,Not Fleeing,0
2021,AL,Unclear Weapon Information,Unclear Threat,Missing,0
2021,MT,Blunt Object,Attack,Foot,0
2021,VA,Gun,Shoot,Foot,0
2021,TX,Gun,Shoot,Foot,0
2021,AL,Unclear Weapon Information,Unclear Threat,Missing,0
2021,MN,Gun,Shoot,Not Fleeing,0
2021,MN,Gun,Attack,Missing,0
2021,FL,Gun,Shoot,Missing,0
2021,KY,Unclear Weapon Information,Unclear Threat,Missing,0
2021,MI,Gun,Point,Not Fleeing,0
2021,GA,Gun,Point,Foot,0
2021,OK,Gun,Shoot,Vehicle,1
2021,AR,Blunt Object,Threat,Vehicle,0
2021,MI,Gun,Shoot,Not Fleeing,0
2021,TX,Gun,Threat,Vehicle,0
2021,LA,Gun,Shoot,Missing,1
2021,IN,Gun,Shoot,Vehicle,0
2021,NY,Replica,Point,Foot,1
2021,OH,Gun,Shoot,Vehicle,0
2021,TX,Gun,Shoot,Missing,0
2021,FL,Gun,Shoot,Missing,0
2021,AK,Gun,Point,Missing,0
2021,FL,Gun,Shoot,Not Fleeing,0
2021,AR,Gun,Shoot,Vehicle,0
2021,CA,Gun,Point,Missing,0
2021,OR,Unclear Weapon Information,Attack,Not Fleeing,0
2021,KS,Gun,Threat,Vehicle,0
2021,CA,Gun,Threat,Foot,0
2021,NY,Knife,Threat,Foot,1
2021,LA,Gun,Flee,Vehicle,0
2021,IN,Gun,Shoot,Vehicle,0
2021,FL,Gun,Point,Not Fleeing,0
2021,CA,Knife,Threat,Not Fleeing,1
2021,TN,Gun,Shoot,Vehicle,1
2021,GA,Knife,Move,Not Fleeing,0
2021,OH,Knife,Move,Not Fleeing,0
2021,MO,Gun,Shoot,Not Fleeing,0
2021,AR,Gun,Point,Not Fleeing,0
2021,TX,Multiple Weapons,Attack,Foot,0
2021,AK,Gun,Point,Not Fleeing,0
2021,GA,Multiple Weapons,Attack,Vehicle,0
2021,FL,Gun,Point,Foot,0
2021,SD,Unclear Weapon Information,Unclear Threat,Missing,0
2021,CA,Knife,Threat,Not Fleeing,0
2021,TX,Unclear Weapon Information,Unclear Threat,Missing,0
2021,PA,Knife,Threat,Not Fleeing,0
2021,CA,Gun,Shoot,Not Fleeing,0
2021,CA,Vehicle,Attack,Vehicle,1
2021,ND,Unclear Weapon Information,Flee,Vehicle,0
2021,TX,Gun,Threat,Not Fleeing,0
2021,FL,Gun,Threat,Not Fleeing,0
2021,TX,Knife,Threat,Missing,1
2021,FL,Gun,Shoot,Vehicle,0
2021,MD,Gun,Shoot,Not Fleeing,0
2021,TX,Gun,Point,Not Fleeing,0
2021,CA,Knife,Attack,Foot,1
2021,TN,Knife,Threat,Not Fleeing,0
2021,AL,Gun,Shoot,Vehicle,0
2021,GA,Knife,Attack,Not Fleeing,0
2021,FL,Gun,Threat,Not Fleeing,1
2021,OH,Unarmed,Move,Foot,0
2021,CO,Gun,Point,Not Fleeing,0
2021,NM,Gun,Point,Not Fleeing,0
2021,AZ,Gun,Shoot,Foot,0
2021,AL,Gun,Point,Vehicle,0
2021,IN,Gun,Point,Not Fleeing,0
2021,MO,Knife,Threat,Foot,0
2021,MT,Gun,Point,Vehicle,0
2021,NC,Unclear Weapon Information,Unclear Threat,Not Fleeing,0
2021,CA,Gun,Threat,Vehicle,1
2021,IL,Gun,Threat,Not Fleeing,0
2021,OH,Gun,Shoot,Not Fleeing,0
2021,AZ,Multiple Weapons,Attack,Vehicle,0
2021,FL,Gun,Shoot,Not Fleeing,0
2021,TX,Multiple Weapons,Shoot,Not Fleeing,0
2021,VA,Gun,Shoot,Not Fleeing,0
2021,IL,Gun,Shoot,Foot,0
2021,DE,Gun,Threat,Not Fleeing,0
2021,IL,Gun,Move,Not Fleeing,0
2021,MO,Gun,Shoot,Not Fleeing,0
2021,MO,Gun,Point,Not Fleeing,0
2021,VA,Unclear Weapon Information,Unclear Threat,Missing,0
2021,CO,Gun,Shoot,Foot,0
2021,MA,Gun,Threat,Vehicle,0
2021,TX,Knife,Move,Not Fleeing,1
2021,FL,Knife,Attack,Not Fleeing,0
2021,CA,Knife,Threat,Not Fleeing,1
2021,CA,Gun,Threat,Foot,0
2021,IL,Unclear Weapon Information,Move,Foot,1
2021,TX,Gun,Shoot,Foot,1
2021,KY,Unclear Weapon Information,Attack,Foot,0
2021,GA,Gun,Shoot,Not Fleeing,0
2021,FL,Other,Attack,Not Fleeing,1
2021,VA,Vehicle,Attack,Not Fleeing,0
2021,GA,Gun,Threat,Vehicle,0
2021,NH,Gun,Shoot,Missing,0
2021,MO,Gun,Shoot,Missing,0
2021,CA,Knife,Attack,Not Fleeing,0
2021,IL,Gun,Threat,Foot,0
2021,CA,Gun,Shoot,Missing,0
2021,CO,Replica,Threat,Foot,0
2021,IL,Knife,Attack,Not Fleeing,0
2021,IL,Gun,Threat,Vehicle,0
2021,CA,Gun,Point,Foot,1
2021,CA,Unclear Weapon Information,Unclear Threat,Missing,0
2021,NC,Gun,Point,Not Fleeing,0
2021,OR,Gun,Threat,Not Fleeing,0
2021,CA,Gun,Point,Not Fleeing,1
2021,DC,Multiple Weapons,Attack,Not Fleeing,0
2021,CO,Gun,Shoot,Missing,1
2021,CA,Unclear Weapon Information,Move,Not Fleeing,0
2021,AZ,Gun,Point,Foot,0
2021,OR,Knife,Threat,Missing,1
2021,AL,Gun,Shoot,Vehicle,1
2021,OK,Gun,Point,Missing,1
2021,HI,Replica,Flee,Vehicle,1
2021,NJ,Unclear Weapon Information,Flee,Vehicle,0
2021,NY,Knife,Threat,Missing,0
2021,FL,Gun,Shoot,Not Fleeing,0
2021,CA,Gun,Shoot,Vehicle,0
2021,PA,Gun,Shoot,Not Fleeing,0
2021,CA,Replica,Threat,Not Fleeing,0
2021,FL,Gun,Point,Not Fleeing,1
2021,CA,Blunt Object,Threat,Not Fleeing,0
2021,OH,Gun,Shoot,Not Fleeing,0
2021,KY,Gun,Threat,Foot,0
2021,CO,Unclear Weapon Information,Unclear Threat,Missing,0
2021,IL,Gun,Point,Not Fleeing,0
2021,CA,Gun,Shoot,Not Fleeing,0
2021,LA,Gun,Point,Missing,0
2021,IL,Blunt Object,Threat,Not Fleeing,1
2021,TX,Knife,Point,Not Fleeing,0
2021,UT,Gun,Shoot,Not Fleeing,0
2021,MN,Unclear Weapon Information,Accident,Missing,1
2021,TX,Unclear Weapon Information,Threat,Missing,0
2021,GA,Gun,Shoot,Vehicle,0
2021,TN,Gun,Threat,Foot,1
2021,OH,Gun,Point,Not Fleeing,1
2021,GA,Knife,Threat,Not Fleeing,1
2021,MD,Knife,Point,Not Fleeing,0
2021,ID,Gun,Point,Not Fleeing,0
2021,PA,Gun,Point,Not Fleeing,0
2021,CA,Gun,Threat,Vehicle,0
2021,ME,Unclear Weapon Information,Threat,Missing,0
2021,TX,Knife,Threat,Not Fleeing,1
2021,HI,Unarmed,Attack,Missing,1
2021,TX,Gun,Shoot,Missing,0
2021,FL,Knife,Threat,Not Fleeing,0
2021,NM,Gun,Threat,Vehicle,0
2021,AL,Gun,Shoot,Vehicle,1
2021,OH,Gun,Point,Foot,1
2021,TX,Unclear Weapon Information,Unclear Threat,Not Fleeing,1
2021,TX,Gun,Shoot,Missing,1
2021,OR,Replica,Threat,Missing,0
2021,NM,Gun,Point,Not Fleeing,0
2021,FL,Gun,Threat,Not Fleeing,0
2021,CO,Gun,Threat,Not Fleeing,0
2021,AZ,Unclear Weapon Information,Threat,Vehicle,0
2021,CA,Gun,Shoot,Not Fleeing,1
2021,MN,Gun,Shoot,Vehicle,1
2021,TX,Gun,Shoot,Foot,1
2021,AL,Gun,Shoot,Vehicle,0
2021,TX,Replica,Point,Foot,0
2021,TX,Gun,Shoot,Not Fleeing,1
2021,MI,Gun,Shoot,Vehicle,0
2021,CO,Vehicle,Attack,Vehicle,0
2021,OH,Knife,Threat,Not Fleeing,1
2021,TX,Gun,Shoot,Missing,0
2021,TX,Gun,Threat,Missing,0
2021,CO,Gun,Shoot,Foot,0
2021,CA,Blunt Object,Threat,Not Fleeing,1
2021,NC,Unarmed,Unclear Threat,Vehicle,1
2021,MA,Gun,Threat,Not Fleeing,0
2021,CO,Gun,Point,Not Fleeing,0
2021,AZ,Gun,Threat,Not Fleeing,0
2021,TX,Gun,Threat,Missing,0
2021,MT,Gun,Attack,Vehicle,0
2021,OK,Gun,Threat,Missing,0
2021,TN,Knife,Threat,Not Fleeing,1
2021,CA,Unarmed,Move,Not Fleeing,1
2021,CA,Gun,Shoot,Vehicle,1
2021,CA,Gun,Shoot,Vehicle,0
2021,MI,Knife,Threat,Not Fleeing,1
2021,CA,Gun,Point,Missing,0
2021,MO,Gun,Shoot,Vehicle,0
2021,MO,Gun,Shoot,Not Fleeing,0
2021,DC,Gun,Threat,Missing,1
2021,CO,Unclear Weapon Information,Unclear Threat,Missing,0
2021,TN,Gun,Shoot,Missing,1
2021,IN,Gun,Threat,Missing,0
2021,WI,Gun,Shoot,Not Fleeing,0
2021,OH,Gun,Point,Not Fleeing,0
2021,AZ,Blunt Object,Threat,Not Fleeing,0
2021,VA,Unclear Weapon Information,Move,Missing,0
2021,GA,Gun,Shoot,Not Fleeing,1
2021,TX,Knife,Attack,Not Fleeing,1
2021,NV,Gun,Shoot,Not Fleeing,0
2021,CA,Gun,Shoot,Not Fleeing,1
2021,WY,Vehicle,Attack,Vehicle,0
2021,TN,Gun,Threat,Not Fleeing,0
2021,TN,Gun,Shoot,Not Fleeing,0
2021,OK,Other,Attack,Missing,1
2021,CA,Gun,Point,Not Fleeing,0
2021,MD,Gun,Shoot,Not Fleeing,1
2021,SC,Gun,Shoot,Not Fleeing,1
2021,MA,Gun,Point,Not Fleeing,0
2021,AZ,Unclear Weapon Information,Threat,Foot,0
2021,TX,Gun,Point,Missing,0
2021,FL,Knife,Threat,Missing,0
2021,CA,Gun,Shoot,Not Fleeing,0
2021,TX,Gun,Shoot,Vehicle,0
2021,TX,Unclear Weapon Information,Unclear Threat,Missing,0
2021,NE,Gun,Shoot,Missing,0
2021,NY,Gun,Threat,Vehicle,1
2021,SD,Gun,Point,Missing,0
2021,CO,Gun,Threat,Vehicle,0
2021,VA,Knife,Threat,Foot,0
2021,IN,Gun,Point,Not Fleeing,1
2021,CA,Unclear Weapon Information,Unclear Threat,Vehicle,0
2021,AL,Gun,Shoot,Missing,0
2021,MD,Knife,Threat,Missing,1
2021,NE,Gun,Shoot,Not Fleeing,1
2021,MO,Replica,Point,Missing,0
2021,ND,Gun,Shoot,Missing,0
2021,AZ,Unclear Weapon Information,Attack,Missing,1
2021,CA,Knife,Attack,Not Fleeing,0
2021,GA,Unclear Weapon Information,Unclear Threat,Vehicle,0
2021,AL,Gun,Shoot,Missing,0
2021,OR,Gun,Threat,Vehicle,0
2021,CA,Unclear Weapon Information,Flee,Vehicle,1
2021,CO,Vehicle,Attack,Vehicle,1
2021,AL,Gun,Shoot,Vehicle,0
2021,MI,Vehicle,Move,Vehicle,0
2021,CO,Knife,Threat,Not Fleeing,0
2021,IL,Gun,Shoot,Not Fleeing,0
2021,VA,Gun,Point,Not Fleeing,0
2021,CA,Gun,Point,Not Fleeing,1
2021,NY,Knife,Threat,Not Fleeing,0
2021,GA,Gun,Shoot,Not Fleeing,0
2021,LA,Gun,Threat,Missing,0
2021,TX,Gun,Shoot,Not Fleeing,1
2021,NC,Multiple Weapons,Shoot,Missing,0
2021,MI,Replica,Threat,Missing,0
2021,GA,Gun,Shoot,Missing,0
2021,GA,Gun,Threat,Missing,0
2021,WV,Knife,Threat,Not Fleeing,0
2021,TX,Gun,Shoot,Missing,0
2021,IL,Gun,Shoot,Vehicle,0
2021,CA,Gun,Shoot,Vehicle,0
2021,PA,Unarmed,Attack,Not Fleeing,0
2021,AZ,Unclear Weapon Information,Flee,Vehicle,0
2021,DC,Gun,Point,Foot,1
2021,IL,Replica,Threat,Not Fleeing,0
2021,KS,Gun,Shoot,Missing,0
2021,AK,Gun,Shoot,Not Fleeing,0
2021,MO,Gun,Threat,Missing,0
2021,AZ,Knife,Threat,Not Fleeing,0
2021,TN,Gun,Shoot,Not Fleeing,0
2021,MO,Gun,Shoot,Missing,0
2021,FL,Gun,Shoot,Missing,1
2021,CA,Gun,Shoot,Not Fleeing,1
2021,KY,Gun,Point,Foot,0
2021,OK,Vehicle,Attack,Vehicle,0
2021,CO,Gun,Threat,Not Fleeing,0
2021,AZ,Gun,Point,Not Fleeing,1
2021,CA,Gun,Point,Not Fleeing,0
2021,AL,Gun,Shoot,Not Fleeing,0
2021,WI,Gun,Shoot,Not Fleeing,1
2021,CA,Gun,Shoot,Foot,0
2021,LA,Gun,Threat,Vehicle,0
2021,KY,Gun,Point,Not Fleeing,0
2021,LA,Replica,Threat,Foot,0
2021,GA,Knife,Threat,Not Fleeing,0
2021,MS,Unclear Weapon Information,Unclear Threat,Missing,0
2021,AR,Gun,Attack,Vehicle,0
2021,CO,Gun,Shoot,Vehicle,0
2021,OK,Unclear Weapon Information,Unclear Threat,Not Fleeing,0
2021,MN,Gun,Threat,Missing,0
2021,TX,Knife,Move,Not Fleeing,0
2021,AZ,Knife,Threat,Not Fleeing,1
2021,CA,Gun,Threat,Missing,0
2021,NY,Gun,Shoot,Missing,0
2021,TN,Unclear Weapon Information,Unclear Threat,Missing,0
2021,MA,Gun,Shoot,Foot,0
2021,CO,Gun,Point,Not Fleeing,0
2021,OK,Gun,Shoot,Not Fleeing,0
2021,AR,Knife,Threat,Missing,0
2021,GA,Gun,Point,Vehicle,0
2021,OK,Gun,Point,Not Fleeing,0
2021,OR,Unclear Weapon Information,Flee,Vehicle,0
2021,NE,Gun,Shoot,Missing,0
2021,MO,Gun,Threat,Not Fleeing,0
2021,TX,Gun,Threat,Missing,1
2021,NJ,Knife,Threat,Missing,1
2021,MO,Gun,Point,Not Fleeing,0
2021,GA,Gun,Shoot,Vehicle,0
2021,NM,Vehicle,Attack,Vehicle,0
2021,GA,Gun,Shoot,Vehicle,0
2021,CA,Vehicle,Attack,Vehicle,0
2021,TX,Knife,Unclear Threat,Not Fleeing,1
2021,AL,Gun,Threat,Missing,0
2021,TX,Vehicle,Attack,Vehicle,1
2021,UT,Knife,Attack,Not Fleeing,1
2021,AZ,Gun,Shoot,Vehicle,0
2021,PA,Gun,Shoot,Missing,0
2021,NY,Unclear Weapon Information,Unclear Threat,Missing,1
2021,GA,Gun,Shoot,Foot,0
2021,HI,Gun,Shoot,Not Fleeing,1
2021,CO,Gun,Threat,Not Fleeing,0
2021,CA,Knife,Attack,Not Fleeing,1
2021,SC,Unclear Weapon Information,Threat,Not Fleeing,0
2021,NH,Gun,Shoot,Not Fleeing,0
2021,CA,Gun,Shoot,Vehicle,1
2021,AL,Blunt Object,Attack,Foot,0
2021,MS,Gun,Shoot,Not Fleeing,0
2021,TN,Gun,Shoot,Not Fleeing,0
2021,CA,Multiple Weapons,Attack,Vehicle,0
2021,IN,Gun,Shoot,Foot,0
2021,GA,Vehicle,Attack,Not Fleeing,0
2021,VA,Multiple Weapons,Attack,Vehicle,0
2021,NC,Unclear Weapon Information,Threat,Foot,0
2021,FL,Replica,Point,Not Fleeing,0
2021,AR,Knife,Threat,Not Fleeing,0
2021,NJ,Unclear Weapon Information,Unclear Threat,Missing,0
2021,NV,Gun,Shoot,Foot,0
2021,KY,Gun,Shoot,Not Fleeing,0
2021,HI,Knife,Attack,Not Fleeing,1
2021,CA,Gun,Threat,Missing,0
2021,MI,Gun,Shoot,Missing,0
2021,KS,Gun,Shoot,Not Fleeing,1
2021,AL,Gun,Point,Missing,0
2021,KS,Gun,Shoot,Vehicle,1
2021,NC,Replica,Move,Vehicle,0
2021,CO,Gun,Shoot,Not Fleeing,0
2021,AR,Unclear Weapon Information,Unclear Threat,Missing,1
2021,MI,Unarmed,Move,Missing,0
2021,UT,Gun,Shoot,Missing,0
2021,VA,Gun,Point,Not Fleeing,0
2021,MO,Gun,Shoot,Missing,0
2021,CA,Vehicle,Flee,Vehicle,0
2021,WI,Gun,Threat,Not Fleeing,0
2021,GA,Gun,Shoot,Not Fleeing,0
2021,NM,Gun,Shoot,Foot,0
2021,MS,Knife,Move,Foot,0
2021,NM,Multiple Weapons,Attack,Vehicle,0
2021,SC,Gun,Threat,Missing,0
2021,CA,Unclear Weapon Information,Threat,Vehicle,0
2021,MO,Unclear Weapon Information,Unclear Threat,Not Fleeing,0
2021,OR,Unclear Weapon Information,Unclear Threat,Not Fleeing,0
2021,GA,Gun,Threat,Not Fleeing,0
2021,MI,Gun,Point,Not Fleeing,0
2021,NC,Unclear Weapon Information,Threat,Missing,0
2021,GA,Gun,Shoot,Not Fleeing,0
2021,GA,Gun,Shoot,Vehicle,0
2021,CA,Gun,Threat,Vehicle,1
2021,NC,Gun,Threat,Missing,0
2021,TN,Gun,Point,Not Fleeing,1
2021,AK,Replica,Point,Not Fleeing,0
2021,KS,Gun,Threat,Missing,1
2021,CO,Gun,Point,Missing,0
2021,WA,Vehicle,Flee,Vehicle,0
2021,WY,Gun,Shoot,Not Fleeing,0
2021,TX,Gun,Threat,Foot,0
2021,AR,Unclear Weapon Information,Threat,Not Fleeing,1
2021,MA,Multiple Weapons,Attack,Vehicle,0
2021,TX,Gun,Point,Not Fleeing,0
2021,TX,Unclear Weapon Information,Unclear Threat,Not Fleeing,0
2021,KS,Gun,Threat,Missing,0
2021,NM,Unclear Weapon Information,Flee,Vehicle,0
2021,TX,Gun,Threat,Not Fleeing,0
2021,CO,Knife,Point,Not Fleeing,0
2021,CA,Knife,Threat,Not Fleeing,0
2021,CA,Gun,Shoot,Vehicle,1
2021,CA,Gun,Move,Vehicle,1
2021,TX,Gun,Shoot,Foot,0
2021,NE,Unclear Weapon Information,Unclear Threat,Missing,0
2021,SC,Gun,Point,Missing,0
2021,GA,Gun,Shoot,Not Fleeing,0
2021,KY,Gun,Shoot,Not Fleeing,0
2021,UT,Gun,Shoot,Not Fleeing,0
2021,TN,Gun,Threat,Missing,0
2021,SC,Gun,Shoot,Missing,0
2021,GA,Knife,Threat,Foot,0
2021,NC,Replica,Point,Not Fleeing,0
2021,FL,Gun,Point,Foot,1
2021,NC,Gun,Point,Vehicle,0
2021,MN,Unclear Weapon Information,Unclear Threat,Missing,0
2021,NJ,Unclear Weapon Information,Unclear Threat,Missing,1
2021,OH,Gun,Threat,Missing,0
2021,TX,Gun,Shoot,Vehicle,1
2021,IL,Gun,Point,Not Fleeing,0
2021,CA,Gun,Shoot,Missing,0
2021,TX,Gun,Attack,Missing,1
2021,KY,Knife,Attack,Missing,0
2021,OR,Knife,Threat,Not Fleeing,1
2021,NM,Blunt Object,Point,Not Fleeing,1
2021,NY,Gun,Point,Foot,1
2021,AZ,Replica,Point,Not Fleeing,0
2021,ME,Gun,Shoot,Missing,0
2021,OR,Knife,Point,Missing,0
2021,IL,Gun,Point,Not Fleeing,1
2021,LA,Gun,Shoot,Not Fleeing,0
2021,MI,Gun,Shoot,Missing,0
2021,MD,Gun,Threat,Not Fleeing,0
2021,NM,Gun,Threat,Vehicle,0
2021,CA,Vehicle,Flee,Vehicle,0
2021,FL,Gun,Shoot,Not Fleeing,1
2021,TX,Other,Threat,Not Fleeing,0
2021,MD,Gun,Shoot,Missing,0
2021,TX,Gun,Move,Vehicle,1
2021,NM,Gun,Shoot,Not Fleeing,0
2021,CA,Replica,Point,Not Fleeing,1
2021,NM,Gun,Point,Missing,0
2021,ID,Gun,Shoot,Vehicle,0
2021,MD,Gun,Threat,Not Fleeing,1
2021,GA,Gun,Threat,Not Fleeing,1
2021,NM,Gun,Shoot,Not Fleeing,0
2021,MS,Gun,Shoot,Not Fleeing,0
2021,VA,Unclear Weapon Information,Attack,Missing,0
2021,AL,Gun,Threat,Vehicle,1
2021,TX,Gun,Shoot,Not Fleeing,1
2021,AZ,Gun,Shoot,Vehicle,0
2021,GA,Vehicle,Threat,Vehicle,1
2021,OH,Gun,Point,Vehicle,1
2021,MT,Gun,Threat,Vehicle,0
2021,CA,Replica,Threat,Not Fleeing,1
2021,PA,Gun,Shoot,Not Fleeing,0
2021,AZ,Knife,Point,Not Fleeing,0
2021,FL,Knife,Point,Not Fleeing,0
2021,OK,Gun,Point,Not Fleeing,0
2021,TX,Gun,Point,Not Fleeing,0
2021,PA,Gun,Shoot,Not Fleeing,0
2021,CA,Gun,Threat,Vehicle,0
2021,ID,Replica,Point,Not Fleeing,1
2021,GA,Unclear Weapon Information,Unclear Threat,Not Fleeing,0
2021,LA,Gun,Shoot,Missing,0
2021,CA,Gun,Shoot,Not Fleeing,1
2021,MI,Knife,Attack,Not Fleeing,0
2021,CA,Knife,Attack,Not Fleeing,0
2021,TX,Unarmed,Accident,Missing,0
2021,IL,Gun,Threat,Missing,0
2021,NV,Vehicle,Flee,Vehicle,0
2021,IL,Vehicle,Attack,Vehicle,1
2021,PA,Unclear Weapon Information,Threat,Missing,0
2021,AL,Gun,Threat,Not Fleeing,0
2021,OH,Vehicle,Attack,Vehicle,1
2021,AL,Knife,Threat,Not Fleeing,0
2021,OH,Knife,Attack,Not Fleeing,0
2021,TX,Gun,Threat,Not Fleeing,0
2021,FL,Knife,Move,Not Fleeing,0
2021,CA,Gun,Shoot,Vehicle,0
2021,CO,Gun,Shoot,Not Fleeing,0
2021,PA,Replica,Point,Not Fleeing,0
2021,TX,Gun,Shoot,Not Fleeing,0
2021,TN,Gun,Point,Not Fleeing,0
2021,VA,Knife,Attack,Not Fleeing,0
2021,OH,Unclear Weapon Information,Threat,Not Fleeing,0
2021,CA,Gun,Point,Foot,0
2021,VT,Unarmed,Attack,Missing,0
2021,WA,Gun,Shoot,Not Fleeing,1
2021,IN,Gun,Shoot,Not Fleeing,0
2021,MO,Other,Attack,Missing,0
2021,NY,Gun,Point,Vehicle,0
2021,AL,Unclear Weapon Information,Unclear Threat,Missing,0
2021,CA,Gun,Threat,Not Fleeing,0
2021,CA,Unarmed,Unclear Threat,Vehicle,1
2021,ID,Gun,Shoot,Not Fleeing,0
2021,MD,Gun,Shoot,Not Fleeing,0
2021,MI,Multiple Weapons,Point,Missing,0
2021,TX,Gun,Shoot,Vehicle,0
2021,TX,Gun,Shoot,Vehicle,0
2021,CA,Unarmed,Move,Not Fleeing,0
2021,AZ,Gun,Point,Foot,1
2021,GA,Gun,Shoot,Missing,0
2021,NC,Gun,Threat,Not Fleeing,0
2021,IL,Gun,Point,Not Fleeing,0
2021,TN,Knife,Threat,Not Fleeing,1
2021,NE,Gun,Shoot,Not Fleeing,0
2021,HI,Knife,Attack,Not Fleeing,1
2021,CA,Vehicle,Attack,Vehicle,0
2021,CO,Gun,Threat,Foot,0
2021,FL,Gun,Threat,Not Fleeing,1
2021,TX,Gun,Shoot,Vehicle,0
2021,CA,Unclear Weapon Information,Unclear Threat,Not Fleeing,1
2021,TX,Gun,Shoot,Vehicle,1
2021,MA,Knife,Threat,Not Fleeing,0
2021,MI,Gun,Shoot,Vehicle,0
2021,NE,Gun,Point,Not Fleeing,0
2021,MS,Gun,Threat,Missing,0
2021,TN,Multiple Weapons,Move,Vehicle,0
2021,NM,Gun,Point,Foot,1
2021,SC,Unclear Weapon Information,Move,Vehicle,0
2021,CA,Gun,Threat,Foot,0
2021,WI,Gun,Shoot,Not Fleeing,0
2021,TN,Vehicle,Attack,Missing,0
2021,CO,Knife,Threat,Not Fleeing,0
2021,CO,Unclear Weapon Information,Unclear Threat,Vehicle,0
2021,TX,Gun,Point,Missing,1
2021,WV,Replica,Threat,Missing,0
2021,PA,Gun,Shoot,Vehicle,0
2021,GA,Vehicle,Attack,Vehicle,0
2021,CA,Gun,Shoot,Missing,0
2021,TX,Gun,Shoot,Not Fleeing,0
2021,CO,Gun,Shoot,Vehicle,0
2021,AK,Gun,Threat,Missing,0
2021,CA,Gun,Shoot,Missing,0
2021,TX,Gun,Shoot,Missing,0
2021,KS,Gun,Point,Missing,0
2021,GA,Unclear Weapon Information,Threat,Not Fleeing,0
2021,MS,Gun,Shoot,Foot,0
2021,CA,Unarmed,Accident,Not Fleeing,0
2021,WI,Gun,Shoot,Vehicle,1
2021,PA,Knife,Attack,Missing,0
2021,TX,Gun,Point,Missing,0
2021,AZ,Unarmed,Move,Missing,0
2021,UT,Gun,Point,Vehicle,0
2021,GA,Unarmed,Unclear Threat,Missing,0
2021,IL,Gun,Shoot,Foot,0
2021,DC,Gun,Threat,Not Fleeing,1
2021,VT,Unclear Weapon Information,Flee,Vehicle,0
2021,UT,Knife,Point,Vehicle,0
2021,CA,Multiple Weapons,Shoot,Foot,0
2021,CA,Gun,Shoot,Missing,1
2021,CA,Knife,Threat,Not Fleeing,1
2021,FL,Gun,Shoot,Not Fleeing,0
2021,AK,Replica,Threat,Vehicle,0
2021,ID,Gun,Threat,Not Fleeing,0
2021,WI,Gun,Threat,Foot,1
2021,NC,Unarmed,Attack,Not Fleeing,0
2021,NY,Gun,Threat,Foot,0
2021,OR,Gun,Shoot,Not Fleeing,0
2021,HI,Gun,Point,Not Fleeing,0
2021,IN,Gun,Threat,Vehicle,0
2021,PA,Unarmed,Accident,Not Fleeing,0
2021,NV,Replica,Point,Vehicle,1
2021,OK,Vehicle,Attack,Vehicle,0
2021,PA,Unclear Weapon Information,Unclear Threat,Missing,0
2021,MT,Knife,Threat,Missing,0
2021,GA,Gun,Threat,Vehicle,0
2021,CA,Gun,Threat,Missing,0
2021,TX,Gun,Shoot,Not Fleeing,0
2021,MS,Unclear Weapon Information,Unclear Threat,Missing,0
2021,FL,Vehicle,Move,Missing,0
2021,IL,Gun,Shoot,Missing,1
2021,FL,Replica,Threat,Not Fleeing,0
2021,FL,Gun,Shoot,Not Fleeing,0
2021,IA,Knife,Threat,Missing,0
2021,DC,Replica,Point,Not Fleeing,1
2021,CA,Unclear Weapon Information,Threat,Not Fleeing,0
2021,IN,Gun,Threat,Missing,0
2021,CO,Gun,Shoot,Not Fleeing,0
2021,TX,Vehicle,Attack,Vehicle,1
2021,LA,Vehicle,Attack,Vehicle,0
2021,CO,Gun,Point,Missing,0
2021,TX,Gun,Point,Vehicle,0
2021,CA,Unclear Weapon Information,Flee,Vehicle,0
2021,WI,Gun,Threat,Vehicle,0
2021,WV,Multiple Weapons,Attack,Vehicle,0
2021,CO,Gun,Point,Foot,0
2021,CO,Gun,Shoot,Missing,0
2021,NM,Gun,Shoot,Vehicle,0
2021,WA,Gun,Shoot,Missing,0
2021,OR,Gun,Point,Missing,0
2021,OH,Gun,Shoot,Not Fleeing,1
2021,NM,Gun,Shoot,Not Fleeing,0
2021,CA,Gun,Shoot,Not Fleeing,1
2021,WV,Gun,Shoot,Not Fleeing,0
2021,FL,Gun,Threat,Not Fleeing,0
2021,TX,Gun,Point,Not Fleeing,1
2021,ND,Gun,Threat,Vehicle,1
2021,TX,Gun,Threat,Not Fleeing,0
2021,CA,Gun,Shoot,Not Fleeing,1
2021,CA,Gun,Threat,Foot,1
2021,MO,Gun,Threat,Foot,0
2021,MD,Replica,Threat,Missing,0
2021,UT,Gun,Shoot,Vehicle,1
2021,KS,Gun,Shoot,Foot,0
2021,LA,Gun,Attack,Foot,0
2021,SC,Other,Attack,Vehicle,1
2021,IA,Gun,Point,Missing,0
2021,TX,Gun,Shoot,Foot,0
2021,TX,Gun,Threat,Foot,0
2021,NM,Gun,Point,Not Fleeing,0
2021,GA,Unclear Weapon Information,Attack,Not Fleeing,0
2021,CA,Gun,Threat,Foot,0
2021,NJ,Replica,Threat,Not Fleeing,1
2021,OK,Gun,Shoot,Missing,0
2021,AZ,Gun,Point,Foot,0
2021,MO,Gun,Shoot,Missing,0
2021,TX,Gun,Shoot,Not Fleeing,0
2021,MS,Gun,Threat,Vehicle,0
2021,TX,Gun,Shoot,Not Fleeing,0
2021,MS,Missing,Unclear Threat,Missing,0
2021,CA,Gun,Shoot,Vehicle,0
2021,GA,Knife,Threat,Not Fleeing,0
2021,TX,Knife,Attack,Not Fleeing,0
2021,KY,Gun,Shoot,Missing,0
2021,MS,Gun,Shoot,Not Fleeing,0
2021,PA,Knife,Attack,Not Fleeing,0
2021,TN,Gun,Shoot,Not Fleeing,0
2021,GA,Gun,Point,Missing,0
2021,SC,Gun,Shoot,Missing,1
2021,IL,Knife,Threat,Missing,0
2021,TX,Gun,Shoot,Not Fleeing,1
2021,CA,Knife,Attack,Foot,0
2021,NV,Gun,Point,Missing,0
2021,NV,Gun,Point,Missing,0
2021,NY,Gun,Shoot,Not Fleeing,0
2021,GA,Knife,Attack,Not Fleeing,0
2021,MS,Unclear Weapon Information,Flee,Foot,1
2021,TX,Gun,Point,Not Fleeing,0
2021,CA,Gun,Point,Vehicle,0
2021,FL,Gun,Shoot,Vehicle,0
2021,LA,Gun,Shoot,Not Fleeing,0
2021,IN,Gun,Threat,Vehicle,1
2021,CA,Gun,Move,Missing,0
2021,CA,Knife,Attack,Not Fleeing,0
2021,GA,Gun,Threat,Missing,0
2021,TX,Gun,Shoot,Foot,0
2021,ME,Unclear Weapon Information,Flee,Foot,0
2021,CA,Unarmed,Flee,Vehicle,0
2021,OR,Gun,Threat,Vehicle,0
2021,NJ,Knife,Threat,Missing,0
2021,CA,Unclear Weapon Information,Flee,Vehicle,0
2021,CA,Unclear Weapon Information,Move,Not Fleeing,0
2021,KY,Unclear Weapon Information,Unclear Threat,Missing,0
2021,OH,Knife,Threat,Not Fleeing,1
2021,AZ,Gun,Move,Not Fleeing,0
2021,MI,Knife,Threat,Not Fleeing,0
2021,TX,Unclear Weapon Information,Attack,Vehicle,0
2021,TN,Gun,Point,Missing,0
2021,TN,Vehicle,Attack,Vehicle,0
2021,LA,Gun,Move,Vehicle,0
2021,KS,Gun,Point,Not Fleeing,0
2021,CO,Gun,Shoot,Foot,0
2021,NV,Unclear Weapon Information,Unclear Threat,Missing,0
2021,CA,Gun,Point,Missing,0
2021,NV,Gun,Shoot,Foot,0
2021,NY,Unclear Weapon Information,Point,Missing,0
2021,FL,Gun,Threat,Missing,0
2021,LA,Other,Attack,Not Fleeing,0
2021,MI,Knife,Threat,Not Fleeing,1
2021,IL,Unarmed,Unclear Threat,Missing,1
2021,AZ,Gun,Shoot,Missing,0
2021,CA,Gun,Shoot,Not Fleeing,0
2021,PA,Vehicle,Attack,Not Fleeing,0
2021,TX,Unarmed,Move,Vehicle,0
2021,TN,Gun,Shoot,Vehicle,0
2021,NY,Gun,Shoot,Not Fleeing,1
2021,TN,Gun,Shoot,Vehicle,0
2021,CA,Gun,Point,Missing,0
2021,TX,Knife,Attack,Not Fleeing,0
2021,MO,Gun,Threat,Not Fleeing,0
2021,TN,Gun,Shoot,Not Fleeing,0
2021,SC,Gun,Shoot,Not Fleeing,0
2021,WI,Unclear Weapon Information,Unclear Threat,Not Fleeing,0
2021,AK,Gun,Shoot,Missing,0
2021,CA,Gun,Attack,Not Fleeing,1
2021,GA,Gun,Shoot,Vehicle,0
2021,CA,Knife,Point,Not Fleeing,1
2021,CA,Gun,Move,Not Fleeing,0
2021,CA,Gun,Point,Not Fleeing,0
2021,KY,Unclear Weapon Information,Unclear Threat,Missing,0
2021,MS,Gun,Point,Vehicle,0
2021,NM,Gun,Shoot,Vehicle,0
2021,NC,Gun,Shoot,Not Fleeing,0
2021,CA,Gun,Threat,Not Fleeing,0
2021,IN,Gun,Point,Missing,1
2021,AL,Vehicle,Attack,Missing,0
2021,MD,Gun,Shoot,Vehicle,0
2021,SC,Gun,Threat,Vehicle,0
2021,TN,Gun,Point,Not Fleeing,0
2021,NV,Gun,Point,Not Fleeing,1
2021,ID,Gun,Shoot,Vehicle,0
2021,ME,Knife,Threat,Missing,0
2021,IA,Gun,Threat,Missing,0
2021,MI,Knife,Threat,Not Fleeing,0
2021,CA,Knife,Threat,Not Fleeing,0
2021,NC,Knife,Attack,Not Fleeing,1
2021,OK,Knife,Attack,Not Fleeing,0
2021,CA,Gun,Shoot,Vehicle,0
2021,SC,Gun,Shoot,Vehicle,0
2021,CA,Gun,Threat,Not Fleeing,1
2021,FL,Replica,Point,Not Fleeing,0
2021,FL,Knife,Attack,Missing,0
2021,TX,Gun,Shoot,Not Fleeing,0
2021,FL,Knife,Attack,Not Fleeing,0
2021,AR,Knife,Attack,Not Fleeing,0
2021,WA,Gun,Point,Vehicle,0
2021,MO,Gun,Shoot,Foot,1
2021,DC,Unarmed,Attack,Missing,1
2021,WV,Gun,Shoot,Vehicle,0
2021,ME,Knife,Threat,Missing,0
2021,FL,Gun,Shoot,Not Fleeing,0
2021,NV,Vehicle,Attack,Vehicle,0
2021,IN,Unclear Weapon Information,Point,Not Fleeing,0
2021,PA,Gun,Shoot,Vehicle,0
2021,NY,Knife,Attack,Not Fleeing,0
2021,TX,Vehicle,Move,Vehicle,0
2021,GA,Gun,Shoot,Not Fleeing,0
2021,TN,Unclear Weapon Information,Flee,Vehicle,0
2021,FL,Gun,Shoot,Vehicle,0
2021,CA,Vehicle,Attack,Foot,0
2021,TX,Knife,Threat,Not Fleeing,0
2021,MT,Unclear Weapon Information,Threat,Vehicle,0
2021,AR,Gun,Shoot,Not Fleeing,0
2021,MI,Knife,Attack,Not Fleeing,0
2021,KY,Gun,Point,Foot,0
2021,IL,Knife,Point,Not Fleeing,0
2021,FL,Vehicle,Move,Missing,0
2021,ID,Gun,Shoot,Not Fleeing,0
2021,KY,Gun,Shoot,Not Fleeing,1
2021,OH,Gun,Shoot,Not Fleeing,0
2021,PA,Blunt Object,Attack,Missing,1
2021,TX,Gun,Shoot,Not Fleeing,1
2021,ID,Unclear Weapon Information,Unclear Threat,Missing,0
2021,IA,Gun,Threat,Missing,0
2021,SD,Knife,Attack,Not Fleeing,0
2021,CO,Gun,Point,Foot,0
2021,MS,Vehicle,Attack,Vehicle,0
2021,MO,Gun,Point,Missing,0
2021,TN,Gun,Shoot,Not Fleeing,0
2021,PA,Knife,Threat,Not Fleeing,0
2021,CA,Knife,Threat,Missing,0
2021,LA,Knife,Attack,Missing,0
2021,TX,Gun,Shoot,Not Fleeing,0
2021,KY,Unclear Weapon Information,Unclear Threat,Missing,0
2021,WI,Knife,Threat,Not Fleeing,0
2021,GA,Other,Threat,Not Fleeing,0
2021,AZ,Vehicle,Attack,Vehicle,0
2021,OK,Knife,Attack,Not Fleeing,0
2021,GA,Gun,Shoot,Not Fleeing,0
2021,NC,Gun,Point,Missing,0
2021,LA,Gun,Shoot,Not Fleeing,0
2021,VA,Unclear Weapon Information,Unclear Threat,Missing,0
2021,VA,Blunt Object,Attack,Vehicle,0
2021,IL,Knife,Attack,Not Fleeing,0
2021,NJ,Gun,Shoot,Not Fleeing,0
2021,MA,Gun,Shoot,Not Fleeing,0
2021,VA,Gun,Threat,Vehicle,0
2021,NJ,Gun,Shoot,Not Fleeing,1
2021,PA,Vehicle,Attack,Vehicle,0
2021,WA,Gun,Threat,Not Fleeing,0
2021,TN,Gun,Point,Not Fleeing,0
2021,MA,Gun,Shoot,Not Fleeing,1
2021,FL,Blunt Object,Threat,Not Fleeing,0
2021,NY,Gun,Threat,Vehicle,0
2021,MO,Gun,Shoot,Foot,0
2021,CO,Vehicle,Attack,Vehicle,0
2021,TX,Gun,Shoot,Vehicle,0
2021,CA,Knife,Attack,Not Fleeing,1
2021,AZ,Gun,Shoot,Vehicle,0
2021,TN,Unarmed,Attack,Missing,0
2021,MS,Unclear Weapon Information,Attack,Foot,0
2021,MO,Gun,Shoot,Foot,0
2021,CO,Gun,Threat,Missing,0
2021,FL,Gun,Threat,Not Fleeing,0
2021,WA,Unclear Weapon Information,Attack,Missing,0
2021,ID,Gun,Point,Not Fleeing,0
2021,IA,Vehicle,Attack,Not Fleeing,0
2021,NC,Knife,Attack,Not Fleeing,0
2021,NV,Gun,Threat,Vehicle,1
2021,MO,Unclear Weapon Information,Threat,Missing,0
2021,GA,Gun,Point,Foot,0
2021,MS,Gun,Shoot,Not Fleeing,0
2021,NC,Gun,Threat,Vehicle,0
2021,WV,Gun,Threat,Vehicle,0
2021,CA,Knife,Threat,Missing,1
2021,NC,Unclear Weapon Information,Unclear Threat,Foot,1
2021,CA,Multiple Weapons,Shoot,Missing,0
2021,IA,Unclear Weapon Information,Unclear Threat,Missing,1
2021,LA,Multiple Weapons,Threat,Foot,0
2021,CA,Gun,Shoot,Not Fleeing,0
2021,RI,Gun,Point,Not Fleeing,0
2021,CA,Gun,Threat,Foot,0
2021,MA,Unclear Weapon Information,Attack,Missing,0
2021,KS,Gun,Attack,Not Fleeing,1
2021,CA,Gun,Threat,Foot,0
2021,CA,Gun,Shoot,Foot,0
2021,NE,Gun,Threat,Missing,0
2021,NM,Gun,Threat,Missing,1
2021,NM,Gun,Shoot,Vehicle,0
2021,VA,Unclear Weapon Information,Unclear Threat,Missing,0
2021,MI,Gun,Shoot,Missing,0
2021,MA,Gun,Shoot,Vehicle,0
2021,UT,Unclear Weapon Information,Attack,Missing,1
2021,FL,Vehicle,Attack,Vehicle,0
2021,MD,Knife,Point,Not Fleeing,0
2021,IN,Vehicle,Attack,Vehicle,0
2021,MN,Gun,Threat,Vehicle,1
2021,FL,Gun,Threat,Not Fleeing,0
2021,NC,Knife,Threat,Not Fleeing,0
2021,MN,Unclear Weapon Information,Threat,Vehicle,1
2021,AZ,Knife,Move,Missing,0
2021,IN,Gun,Point,Not Fleeing,0
2021,MS,Gun,Shoot,Not Fleeing,0
2021,GA,Gun,Shoot,Missing,0
2021,GA,Gun,Shoot,Missing,0
2021,UT,Gun,Shoot,Not Fleeing,1
2021,IL,Gun,Move,Not Fleeing,0
2021,MT,Unclear Weapon Information,Unclear Threat,Missing,0
2021,KY,Unclear Weapon Information,Unclear Threat,Missing,0
2021,FL,Knife,Attack,Not Fleeing,0
2021,MO,Gun,Shoot,Vehicle,0
2021,GA,Gun,Shoot,Not Fleeing,0
2021,CO,Gun,Shoot,Vehicle,0
2021,OK,Unclear Weapon Information,Unclear Threat,Missing,1
2021,MO,Multiple Weapons,Attack,Vehicle,0
2021,OR,Gun,Shoot,Vehicle,0
2021,WY,Gun,Shoot,Not Fleeing,0
2021,FL,Gun,Threat,Missing,1
2021,KY,Unclear Weapon Information,Unclear Threat,Missing,0
2021,NM,Unarmed,Attack,Foot,0
2021,CO,Knife,Threat,Not Fleeing,0
2021,OH,Gun,Shoot,Not Fleeing,0
2021,CA,Gun,Shoot,Not Fleeing,1
2021,MO,Knife,Attack,Missing,0
2021,IA,Vehicle,Threat,Vehicle,0
2021,GA,Gun,Point,Vehicle,0
2021,CO,Gun,Shoot,Not Fleeing,0
2021,TN,Gun,Threat,Not Fleeing,0
2021,GA,Gun,Threat,Not Fleeing,0
2021,WI,Knife,Threat,Missing,0
2021,CA,Unarmed,Unclear Threat,Foot,0
2021,TX,Gun,Shoot,Not Fleeing,0
2021,WA,Gun,Shoot,Foot,0
2021,KY,Knife,Attack,Not Fleeing,0
2021,KY,Unclear Weapon Information,Unclear Threat,Missing,0
2021,OH,Gun,Shoot,Not Fleeing,0
2021,MO,Gun,Shoot,Missing,0
2021,MO,Gun,Threat,Not Fleeing,0
2021,CA,Knife,Threat,Not Fleeing,0
2021,NM,Unclear Weapon Information,Unclear Threat,Missing,0
2021,OH,Gun,Move,Not Fleeing,0
2021,NC,Unclear Weapon Information,Threat,Missing,0
2021,NE,Gun,Point,Not Fleeing,0
2021,TN,Vehicle,Attack,Vehicle,0
2021,SC,Unclear Weapon Information,Unclear Threat,Vehicle,0
2021,IN,Gun,Unclear Threat,Vehicle,0
2021,CA,Replica,Threat,Vehicle,0
2021,UT,Knife,Attack,Foot,0
2021,TN,Gun,Shoot,Vehicle,0
2021,TN,Unclear Weapon Information,Flee,Vehicle,0
2021,TN,Gun,Shoot,Not Fleeing,1
2021,NC,Knife,Attack,Not Fleeing,1
2021,NJ,Vehicle,Attack,Missing,0
2021,CA,Knife,Move,Not Fleeing,1
2021,CA,Knife,Move,Not Fleeing,0
2021,MI,Replica,Point,Not Fleeing,1
2021,NY,Knife,Attack,Missing,1
2021,IL,Unclear Weapon Information,Flee,Foot,0
2021,IL,Gun,Threat,Missing,0
2021,MI,Gun,Shoot,Foot,0
2021,GA,Knife,Attack,Not Fleeing,0
2021,MS,Knife,Threat,Not Fleeing,0
2021,LA,Gun,Threat,Not Fleeing,0
2021,CO,Gun,Shoot,Not Fleeing,0
2021,NY,Knife,Threat,Not Fleeing,0
2021,LA,Multiple Weapons,Threat,Not Fleeing,0
2021,MI,Gun,Shoot,Vehicle,1
2021,PA,Gun,Threat,Foot,0
2021,OH,Knife,Threat,Missing,0
2021,CA,Unarmed,Accident,Foot,1
2021,CA,Unclear Weapon Information,Attack,Missing,0
2021,MN,Knife,Threat,Foot,0
2021,MO,Gun,Point,Not Fleeing,0
2021,VA,Gun,Shoot,Not Fleeing,0
2021,NY,Knife,Threat,Missing,0
2021,TX,Gun,Shoot,Not Fleeing,1
2021,CA,Knife,Threat,Missing,0
2021,FL,Unarmed,Attack,Foot,1
2021,SC,Gun,Shoot,Foot,0
2021,AZ,Knife,Attack,Not Fleeing,0
2021,CA,Gun,Threat,Missing,0
2021,LA,Gun,Shoot,Not Fleeing,0
2021,GA,Gun,Point,Foot,0
2021,CO,Gun,Shoot,Vehicle,0
2021,CA,Gun,Shoot,Vehicle,0
2021,WA,Gun,Shoot,Not Fleeing,0
2021,MI,Gun,Shoot,Not Fleeing,0
2021,MD,Gun,Shoot,Vehicle,0
2021,NJ,Unclear Weapon Information,Unclear Threat,Missing,0
2021,FL,Gun,Threat,Not Fleeing,0
2021,CA,Vehicle,Attack,Vehicle,1
2021,MS,Gun,Shoot,Not Fleeing,0
2022,LA,Gun,Shoot,Foot,0
2022,OH,Gun,Unclear Threat,Not Fleeing,1
2022,CA,Gun,Threat,Missing,0
2022,ID,Unclear Weapon Information,Threat,Not Fleeing,0
2022,AZ,Knife,Attack,Not Fleeing,0
2022,AZ,Blunt Object,Move,Not Fleeing,0
2022,OR,Gun,Threat,Vehicle,0
2022,AZ,Gun,Point,Vehicle,0
2022,PA,Gun,Shoot,Not Fleeing,0
2022,NC,Gun,Point,Missing,0
2022,NY,Gun,Shoot,Missing,1
2022,KY,Gun,Shoot,Not Fleeing,0
2022,SC,Gun,Threat,Foot,1
2022,AZ,Unclear Weapon Information,Threat,Missing,0
2022,TX,Unarmed,Flee,Foot,0
2022,CO,Gun,Shoot,Not Fleeing,0
2022,NJ,Knife,Attack,Not Fleeing,1
2022,GA,Knife,Threat,Not Fleeing,0
2022,LA,Gun,Point,Not Fleeing,0
2022,GA,Gun,Attack,Foot,0
2022,MA,Knife,Attack,Foot,1
2022,CA,Knife,Threat,Not Fleeing,0
2022,WA,Knife,Threat,Missing,0
2022,NV,Gun,Unclear Threat,Not Fleeing,0
2022,CA,Multiple Weapons,Point,Foot,0
2022,CA,Knife,Threat,Not Fleeing,0
2022,NC,Knife,Threat,Not Fleeing,1
2022,IL,Gun,Shoot,Missing,0
2022,CA,Knife,Threat,Foot,1
2022,NC,Knife,Unclear Threat,Missing,0
2022,IA,Blunt Object,Attack,Not Fleeing,0
2022,AR,Gun,Shoot,Not Fleeing,0
2022,CO,Knife,Threat,Foot,0
2022,CA,Blunt Object,Move,Not Fleeing,0
2022,CA,Gun,Point,Not Fleeing,1
2022,VA,Gun,Point,Missing,0
2022,WY,Knife,Attack,Not Fleeing,0
2022,SC,Gun,Threat,Foot,0
2022,WA,Gun,Threat,Not Fleeing,1
2022,OK,Knife,Attack,Missing,0
2022,PA,Knife,Threat,Not Fleeing,0
2022,TX,Unarmed,Move,Foot,0
2022,CA,Gun,Unclear Threat,Foot,0
2022,IL,Gun,Point,Not Fleeing,0
2022,CA,Knife,Threat,Foot,0
2022,TX,Gun,Threat,Missing,0
2022,AL,Gun,Shoot,Not Fleeing,0
2022,CA,Gun,Shoot,Not Fleeing,1
2022,CA,Gun,Threat,Not Fleeing,0
2022,NY,Gun,Point,Foot,0
2022,WA,Gun,Shoot,Not Fleeing,0
2022,NY,Gun,Shoot,Foot,0
2022,AZ,Gun,Threat,Not Fleeing,0
2022,GA,Knife,Unclear Threat,Not Fleeing,0
2022,MA,Knife,Move,Not Fleeing,0
2022,LA,Gun,Move,Foot,0
2022,MO,Gun,Threat,Vehicle,1
2022,TX,Unclear Weapon Information,Flee,Vehicle,0
2022,WA,Knife,Threat,Not Fleeing,0
2022,AL,Gun,Shoot,Missing,0
2022,MO,Missing,Attack,Not Fleeing,0
2022,GA,Gun,Point,Not Fleeing,0
2022,TN,Unarmed,Move,Vehicle,0
2022,MO,Gun,Shoot,Foot,0
2022,TN,Gun,Point,Vehicle,0
2022,OR,Gun,Threat,Foot,0
2022,TN,Knife,Move,Not Fleeing,1
2022,WA,Vehicle,Attack,Missing,0
2022,NM,Knife,Threat,Not Fleeing,0
2022,CA,Gun,Shoot,Foot,0
2022,MO,Missing,Unclear Threat,Not Fleeing,0
2022,TX,Knife,Threat,Not Fleeing,0
2022,WA,Gun,Accident,Not Fleeing,0
2022,MD,Unarmed,Attack,Not Fleeing,0
2022,ID,Knife,Threat,Not Fleeing,1
2022,TX,Gun,Shoot,Foot,0
2022,IN,Gun,Shoot,Not Fleeing,1
2022,TX,Gun,Shoot,Not Fleeing,0
2022,NM,Gun,Flee,Foot,0
2022,CA,Knife,Threat,Missing,0
2022,MN,Gun,Point,Not Fleeing,1
2022,IN,Knife,Attack,Not Fleeing,1
2022,OK,Gun,Threat,Foot,0
2022,OR,Unarmed,Move,Missing,1
2022,NC,Vehicle,Attack,Vehicle,0
2022,AK,Gun,Shoot,Not Fleeing,0
2022,SC,Unarmed,Flee,Vehicle,0
2022,KS,Vehicle,Attack,Vehicle,0
2022,OR,Replica,Threat,Vehicle,0
2022,VA,Gun,Threat,Missing,0
2022,KY,Gun,Shoot,Not Fleeing,0
2022,TX,Gun,Shoot,Missing,1
2022,TX,Gun,Point,Missing,0
2022,AZ,Gun,Threat,Not Fleeing,0
2022,MO,Knife,Threat,Not Fleeing,0
2022,AZ,Knife,Threat,Not Fleeing,0
2022,TX,Unclear Weapon Information,Threat,Foot,0
2022,AZ,Replica,Point,Not Fleeing,0
2022,TN,Gun,Shoot,Missing,0
2022,TX,Gun,Shoot,Not Fleeing,0
2022,FL,Gun,Move,Not Fleeing,1
2022,LA,Gun,Threat,Missing,0
2022,CO,Gun,Flee,Vehicle,0
2022,CA,Unclear Weapon Information,Attack,Missing,0
2022,NC,Gun,Shoot,Foot,0
2022,AR,Gun,Shoot,Missing,0
2022,LA,Vehicle,Attack,Vehicle,0
2022,MI,Knife,Attack,Missing,0
2022,CA,Knife,Threat,Not Fleeing,1
2022,OH,Gun,Threat,Missing,0
2022,WA,Unclear Weapon Information,Unclear Threat,Missing,0
2022,CO,Gun,Threat,Missing,1
2022,NY,Vehicle,Attack,Vehicle,1
2022,MA,Knife,Point,Not Fleeing,0
2022,MI,Gun,Shoot,Missing,0
2022,TN,Knife,Threat,Not Fleeing,0
2022,NE,Unclear Weapon Information,Unclear Threat,Missing,0
2022,NC,Vehicle,Move,Missing,1
2022,AL,Gun,Shoot,Vehicle,0
2022,MO,Unclear Weapon Information,Threat,Vehicle,0
2022,NM,Blunt Object,Attack,Foot,0
2022,TX,Gun,Shoot,Not Fleeing,0
2022,MT,Replica,Threat,Missing,0
2022,CA,Knife,Threat,Not Fleeing,0
2022,PA,Knife,Attack,Not Fleeing,0
2022,TX,Gun,Point,Not Fleeing,0
2022,PA,Gun,Shoot,Not Fleeing,0
2022,CA,Gun,Shoot,Vehicle,0
2022,NJ,Knife,Threat,Not Fleeing,0
2022,TX,Gun,Threat,Not Fleeing,0
2022,LA,Unarmed,Move,Not Fleeing,1
2022,WA,Vehicle,Move,Vehicle,0
2022,AZ,Gun,Shoot,Missing,0
2022,AZ,Gun,Threat,Vehicle,0
2022,AL,Vehicle,Attack,Missing,0
2022,UT,Gun,Shoot,Foot,0
2022,CA,Knife,Threat,Not Fleeing,0
2022,TX,Gun,Shoot,Vehicle,0
2022,WA,Knife,Attack,Foot,0
2022,NH,Unclear Weapon Information,Unclear Threat,Missing,0
2022,AZ,Blunt Object,Move,Foot,0
2022,MD,Vehicle,Attack,Not Fleeing,1
2022,OR,Gun,Point,Missing,0
2022,FL,Unarmed,Attack,Not Fleeing,1
2022,CA,Vehicle,Attack,Vehicle,0
2022,CA,Gun,Unclear Threat,Missing,1
2022,FL,Unarmed,Attack,Not Fleeing,0
2022,AR,Knife,Attack,Not Fleeing,0
2022,TX,Vehicle,Attack,Vehicle,0
2022,CA,Vehicle,Attack,Vehicle,0
2022,CO,Unarmed,Attack,Missing,1
2022,GA,Gun,Threat,Missing,0
2022,TN,Knife,Unclear Threat,Missing,0
2022,NM,Gun,Shoot,Foot,1
2022,GA,Gun,Point,Not Fleeing,0
2022,NV,Gun,Point,Foot,0
2022,AL,Gun,Threat,Foot,0
2022,LA,Unclear Weapon Information,Unclear Threat,Missing,0
2022,TX,Multiple Weapons,Attack,Foot,0
2022,NM,Gun,Shoot,Not Fleeing,0
2022,WA,Unclear Weapon Information,Move,Missing,1
2022,NM,Unarmed,Move,Vehicle,0
2022,MI,Unclear Weapon Information,Flee,Vehicle,0
2022,TX,Knife,Threat,Not Fleeing,0
2022,ID,Knife,Threat,Not Fleeing,0
2022,TX,Gun,Shoot,Foot,0
2022,NV,Unclear Weapon Information,Unclear Threat,Missing,1
2022,ME,Gun,Threat,Missing,0
2022,PA,Gun,Move,Foot,0
2022,PA,Gun,Shoot,Not Fleeing,0
2022,FL,Gun,Shoot,Foot,0
2022,OK,Gun,Shoot,Foot,1
2022,TX,Gun,Shoot,Missing,0
2022,IL,Gun,Shoot,Not Fleeing,0
2022,CO,Vehicle,Attack,Missing,0
2022,CA,Knife,Attack,Not Fleeing,1
2022,TX,Unclear Weapon Information,Unclear Threat,Missing,0
2022,OR,Other,Threat,Vehicle,0
2022,IN,Knife,Attack,Not Fleeing,0
2022,CA,Replica,Threat,Not Fleeing,0
2022,CA,Gun,Threat,Not Fleeing,0
2022,CA,Blunt Object,Threat,Foot,0
2022,AL,Gun,Threat,Not Fleeing,0
2022,WA,Multiple Weapons,Point,Missing,1
2022,VA,Gun,Point,Not Fleeing,1
2022,TX,Gun,Shoot,Missing,1
2022,AZ,Unarmed,Unclear Threat,Vehicle,1
2022,TN,Gun,Shoot,Vehicle,0
2022,CO,Gun,Shoot,Foot,0
2022,FL,Unarmed,Attack,Foot,1
2022,MO,Gun,Shoot,Vehicle,0
2022,GA,Knife,Threat,Not Fleeing,0
2022,MI,Gun,Shoot,Not Fleeing,0
2022,TX,Gun,Shoot,Not Fleeing,0
2022,MO,Unclear Weapon Information,Flee,Vehicle,0
2022,FL,Knife,Threat,Vehicle,0
2022,MS,Gun,Shoot,Missing,0
2022,TN,Gun,Shoot,Not Fleeing,0
2022,CA,Gun,Point,Missing,0
2022,AL,Gun,Shoot,Vehicle,0
2022,AZ,Knife,Attack,Not Fleeing,0
2022,GA,Blunt Object,Threat,Not Fleeing,0
2022,AZ,Vehicle,Attack,Vehicle,0
2022,CA,Gun,Point,Vehicle,0
2022,AL,Gun,Threat,Missing,0
2022,CA,Vehicle,Attack,Vehicle,0
2022,WA,Knife,Threat,Not Fleeing,0
2022,NM,Gun,Shoot,Missing,0
2022,IL,Knife,Attack,Missing,0
2022,VA,Gun,Shoot,Missing,0
2022,TX,Gun,Threat,Missing,1
2022,IL,Gun,Shoot,Not Fleeing,0
2022,WA,Gun,Shoot,Missing,0
2022,GA,Gun,Threat,Missing,0
2022,NC,Unclear Weapon Information,Move,Vehicle,0
2022,TX,Gun,Shoot,Not Fleeing,0
2022,WA,Unclear Weapon Information,Threat,Missing,0
2022,WA,Gun,Shoot,Vehicle,1
2022,MO,Gun,Shoot,Not Fleeing,0
2022,FL,Gun,Shoot,Missing,0
2022,NV,Vehicle,Attack,Missing,0
2022,VA,Knife,Threat,Not Fleeing,0
2022,KY,Knife,Threat,Foot,0
2022,TX,Knife,Attack,Not Fleeing,0
2022,WY,Gun,Shoot,Not Fleeing,0
2022,DE,Unclear Weapon Information,Flee,Foot,0
2022,SC,Knife,Attack,Not Fleeing,1
2022,NM,Unarmed,Move,Not Fleeing,0
2022,AZ,Gun,Point,Not Fleeing,1
2022,SD,Gun,Shoot,Missing,0
2022,MT,Gun,Threat,Not Fleeing,0
2022,MI,Gun,Shoot,Foot,0
2022,AR,Gun,Shoot,Missing,0
2022,TN,Gun,Point,Not Fleeing,0
2022,WY,Gun,Point,Missing,0
2022,CA,Other,Point,Missing,0
2022,AZ,Gun,Move,Vehicle,0
2022,GA,Gun,Point,Missing,1
2022,GA,Blunt Object,Threat,Not Fleeing,0
2022,FL,Gun,Threat,Vehicle,0
2022,MA,Knife,Threat,Not Fleeing,0
2022,FL,Unclear Weapon Information,Point,Missing,0
2022,OK,Gun,Shoot,Missing,0
2022,SD,Gun,Point,Not Fleeing,1
2022,FL,Knife,Point,Not Fleeing,1
2022,UT,Gun,Shoot,Vehicle,1
2022,KS,Unarmed,Accident,Missing,0
2022,KY,Gun,Shoot,Not Fleeing,0
2022,FL,Gun,Point,Missing,0
2022,AZ,Gun,Shoot,Foot,0
2022,AZ,Gun,Threat,Missing,0
2022,NM,Unclear Weapon Information,Attack,Foot,0
2022,TX,Gun,Shoot,Vehicle,0
2022,NV,Gun,Point,Missing,0
2022,IN,Vehicle,Attack,Vehicle,1
2022,AZ,Gun,Point,Missing,1
2022,CA,Knife,Attack,Not Fleeing,0
2022,PA,Gun,Point,Not Fleeing,0
2022,CA,Gun,Threat,Not Fleeing,0
2022,AK,Gun,Shoot,Missing,0
2022,AR,Blunt Object,Threat,Not Fleeing,0
2022,CA,Replica,Point,Not Fleeing,1
2022,FL,Gun,Threat,Not Fleeing,0
2022,MI,Unclear Weapon Information,Unclear Threat,Missing,0
2022,OR,Gun,Shoot,Missing,0
2022,SD,Knife,Threat,Missing,1
2022,PA,Gun,Shoot,Not Fleeing,1
2022,OH,Multiple Weapons,Threat,Vehicle,1
2022,SC,Multiple Weapons,Threat,Missing,0
2022,NM,Multiple Weapons,Shoot,Vehicle,0
2022,FL,Knife,Threat,Not Fleeing,0
2022,WV,Unclear Weapon Information,Unclear Threat,Missing,0
2022,OK,Gun,Shoot,Vehicle,1
2022,TN,Vehicle,Move,Missing,0
2022,GA,Knife,Threat,Not Fleeing,0
2022,IL,Gun,Point,Vehicle,0
2022,TN,Gun,Threat,Foot,0
2022,IL,Gun,Shoot,Foot,0
2022,AZ,Gun,Shoot,Foot,0
2022,AR,Gun,Shoot,Vehicle,1
2022,IL,Gun,Shoot,Missing,1
2022,MI,Unarmed,Attack,Foot,1
2022,MO,Gun,Point,Missing,0
2022,CA,Vehicle,Attack,Vehicle,0
2022,WY,Gun,Shoot,Vehicle,0
2022,NC,Gun,Point,Not Fleeing,0
2022,TN,Gun,Shoot,Foot,0
2022,MN,Gun,Shoot,Missing,1
2022,TX,Unarmed,Attack,Missing,0
2022,TX,Knife,Threat,Not Fleeing,1
2022,GA,Gun,Threat,Not Fleeing,0
2022,CA,Knife,Threat,Missing,0
2022,NM,Gun,Shoot,Foot,1
2022,PA,Gun,Shoot,Foot,0
2022,VA,Gun,Shoot,Vehicle,0
2022,SC,Unclear Weapon Information,Flee,Vehicle,0
2022,CA,Gun,Point,Foot,1
2022,WV,Gun,Shoot,Not Fleeing,0
2022,OK,Gun,Shoot,Vehicle,0
2022,MI,Gun,Shoot,Not Fleeing,1
2022,MI,Gun,Shoot,Not Fleeing,0
2022,NM,Gun,Point,Foot,0
2022,NH,Gun,Threat,Missing,0
2022,CA,Unclear Weapon Information,Unclear Threat,Missing,0
2022,TX,Unclear Weapon Information,Threat,Not Fleeing,1
2022,AZ,Unclear Weapon Information,Flee,Foot,1
2022,KY,Gun,Point,Not Fleeing,0
2022,GA,Knife,Attack,Missing,0
2022,KY,Gun,Threat,Not Fleeing,1
2022,OR,Unarmed,Attack,Missing,0
2022,CO,Gun,Shoot,Missing,0
2022,OK,Gun,Shoot,Not Fleeing,0
2022,NJ,Blunt Object,Threat,Missing,0
2022,LA,Gun,Shoot,Missing,0
2022,OH,Gun,Threat,Not Fleeing,0
2022,OK,Gun,Shoot,Missing,0
2022,TN,Gun,Shoot,Vehicle,0
2022,TN,Unclear Weapon Information,Flee,Vehicle,0
2022,SC,Gun,Point,Missing,0
2022,AZ,Gun,Shoot,Foot,0
2022,CA,Gun,Unclear Threat,Foot,0
2022,CO,Gun,Threat,Missing,0
2022,OH,Unclear Weapon Information,Unclear Threat,Missing,0
2022,KS,Gun,Threat,Missing,0
2022,WV,Unclear Weapon Information,Attack,Missing,0
2022,GA,Knife,Attack,Not Fleeing,0
2022,NM,Gun,Attack,Missing,0
2022,NM,Knife,Threat,Missing,1
2022,OK,Other,Unclear Threat,Missing,0
2022,TX,Gun,Shoot,Missing,0
2022,CA,Vehicle,Attack,Vehicle,0
2022,TX,Gun,Point,Foot,1
2022,GA,Unarmed,Move,Vehicle,0
2022,CA,Gun,Shoot,Vehicle,1
2022,DC,Other,Move,Not Fleeing,0
2022,MN,Knife,Threat,Missing,0
2022,NY,Gun,Shoot,Missing,0
2022,FL,Blunt Object,Threat,Missing,0
2022,ND,Unarmed,Attack,Missing,0
2022,WA,Knife,Threat,Not Fleeing,0
2022,DC,Gun,Threat,Missing,0
2022,MD,Unclear Weapon Information,Unclear Threat,Missing,0
2022,LA,Vehicle,Attack,Vehicle,0
2022,TX,Gun,Flee,Foot,0
2022,TX,Gun,Threat,Missing,0
2022,MD,Gun,Shoot,Foot,0
2022,OR,Gun,Shoot,Missing,0
2022,MI,Knife,Threat,Missing,0
2022,CO,Unclear Weapon Information,Threat,Missing,0
2022,FL,Unclear Weapon Information,Unclear Threat,Missing,0
2022,FL,Unarmed,Flee,Vehicle,0
2022,RI,Vehicle,Attack,Vehicle,0
2022,TX,Gun,Threat,Vehicle,0
2022,MN,Unclear Weapon Information,Unclear Threat,Missing,1
2022,CA,Gun,Shoot,Missing,1
2022,GA,Gun,Threat,Not Fleeing,0
2022,NY,Knife,Threat,Not Fleeing,0
2022,GA,Knife,Threat,Not Fleeing,0
2022,NE,Unarmed,Move,Vehicle,0
2022,SC,Unclear Weapon Information,Unclear Threat,Missing,1
2022,TX,Unclear Weapon Information,Unclear Threat,Not Fleeing,0
2022,OK,Gun,Point,Vehicle,0
2022,CA,Knife,Threat,Not Fleeing,0
2022,AL,Gun,Threat,Vehicle,0
2022,AL,Knife,Threat,Foot,0
2022,MO,Unclear Weapon Information,Threat,Missing,0
2022,CA,Gun,Shoot,Not Fleeing,0
2022,OH,Gun,Point,Not Fleeing,1
2022,WA,Vehicle,Move,Vehicle,0
2022,MD,Knife,Threat,Not Fleeing,1
2022,CA,Unarmed,Move,Not Fleeing,1
2022,SC,Knife,Threat,Not Fleeing,1
2022,TX,Gun,Point,Foot,0
2022,AL,Gun,Threat,Missing,0
2022,AZ,Unclear Weapon Information,Threat,Missing,0
2022,CA,Knife,Attack,Missing,0
2022,FL,Knife,Attack,Foot,1
2022,NC,Other,Attack,Not Fleeing,1
2022,WA,Gun,Shoot,Missing,0
2022,AR,Unclear Weapon Information,Attack,Missing,0
2022,OK,Knife,Attack,Not Fleeing,0
2022,CA,Unclear Weapon Information,Unclear Threat,Missing,0
2022,AZ,Knife,Threat,Missing,0
2022,NY,Gun,Shoot,Foot,0
2022,FL,Gun,Threat,Missing,0
2022,IL,Gun,Threat,Missing,0
2022,TX,Gun,Shoot,Foot,0
2022,MO,Knife,Threat,Vehicle,0
2022,NY,Replica,Attack,Not Fleeing,0
2022,FL,Unarmed,Attack,Foot,0
2022,NH,Multiple Weapons,Threat,Missing,0
2022,OK,Knife,Threat,Missing,0
2022,MA,Knife,Attack,Missing,0
2022,OH,Gun,Threat,Missing,0
2022,FL,Gun,Shoot,Missing,0
2022,IN,Gun,Shoot,Not Fleeing,1
2022,KY,Gun,Shoot,Not Fleeing,0
2022,GA,Gun,Shoot,Not Fleeing,0
2022,TX,Gun,Point,Vehicle,1
2022,LA,Blunt Object,Threat,Not Fleeing,1
2022,AZ,Gun,Shoot,Not Fleeing,0
2022,FL,Gun,Shoot,Not Fleeing,1
2022,PA,Gun,Threat,Missing,0
2022,OH,Unclear Weapon Information,Flee,Vehicle,0
2022,TX,Gun,Threat,Foot,0
2022,CA,Replica,Threat,Not Fleeing,1
2022,GA,Gun,Shoot,Not Fleeing,0
2022,AR,Gun,Point,Missing,0
2022,CA,Knife,Threat,Not Fleeing,1
2022,CA,Unarmed,Unclear Threat,Not Fleeing,1
2022,OH,Gun,Shoot,Not Fleeing,1
2022,WI,Gun,Threat,Foot,1
2022,KY,Gun,Threat,Foot,1
2022,SC,Unclear Weapon Information,Threat,Missing,0
2022,PA,Gun,Threat,Vehicle,0
2022,SC,Unarmed,Flee,Vehicle,0
2022,TN,Gun,Shoot,Missing,0
2022,TX,Knife,Threat,Missing,0
2022,NM,Gun,Shoot,Missing,0
2022,CA,Gun,Shoot,Vehicle,0
2022,MT,Gun,Point,Vehicle,1
2022,AZ,Knife,Threat,Missing,0
2022,OK,Gun,Point,Missing,0
2022,NJ,Gun,Threat,Missing,0
2022,TX,Gun,Shoot,Not Fleeing,0
2022,GA,Knife,Unclear Threat,Not Fleeing,0
2022,OR,Unarmed,Move,Vehicle,0
2022,FL,Gun,Shoot,Foot,0
2022,KS,Gun,Point,Missing,1
2022,LA,Unarmed,Flee,Vehicle,0
2022,TX,Gun,Shoot,Missing,0
2022,CA,Gun,Point,Missing,0
2022,TX,Gun,Threat,Not Fleeing,0
2022,CO,Gun,Shoot,Vehicle,0
2022,KS,Gun,Threat,Not Fleeing,0
2022,CA,Gun,Threat,Vehicle,0
2022,WY,Gun,Threat,Missing,0
2022,IL,Gun,Point,Missing,0
2022,AZ,Gun,Point,Not Fleeing,1
2022,MO,Gun,Shoot,Foot,0
2022,NC,Gun,Shoot,Missing,0
2022,AZ,Gun,Shoot,Missing,0
2022,MT,Gun,Shoot,Vehicle,0
2022,FL,Blunt Object,Attack,Not Fleeing,1
2022,OH,Replica,Threat,Missing,1
2022,NC,Gun,Threat,Missing,0
2022,OH,Gun,Shoot,Vehicle,0
2022,KY,Gun,Threat,Missing,0
2022,FL,Gun,Shoot,Vehicle,1
2022,NC,Gun,Shoot,Vehicle,0
2022,CO,Gun,Shoot,Vehicle,0
2022,VA,Gun,Threat,Vehicle,0
2022,CA,Replica,Unclear Threat,Vehicle,1
2022,WA,Knife,Threat,Not Fleeing,0
2022,TX,Other,Threat,Vehicle,0
2022,CA,Gun,Threat,Missing,0
2022,TX,Gun,Shoot,Vehicle,0
2022,CA,Gun,Shoot,Vehicle,0
2022,AZ,Gun,Shoot,Vehicle,0
2022,OH,Gun,Attack,Not Fleeing,1
2022,SC,Gun,Shoot,Foot,0
2022,NJ,Gun,Shoot,Missing,0
2022,TN,Gun,Shoot,Not Fleeing,0
2022,FL,Gun,Threat,Not Fleeing,0
2022,IL,Knife,Threat,Not Fleeing,1
2022,FL,Knife,Threat,Not Fleeing,1
2022,TX,Vehicle,Move,Vehicle,1
2022,WV,Gun,Shoot,Missing,0
2022,MD,Gun,Shoot,Missing,1
2022,AR,Gun,Shoot,Vehicle,0
2022,WA,Knife,Threat,Foot,0
2022,FL,Knife,Threat,Not Fleeing,0
2022,ME,Vehicle,Attack,Vehicle,0
2022,CA,Other,Point,Missing,0
2022,FL,Gun,Point,Missing,1
2022,OH,Gun,Threat,Missing,1
2022,WI,Knife,Threat,Missing,0
2022,IA,Gun,Shoot,Missing,0
2022,FL,Gun,Threat,Not Fleeing,0
2022,AL,Gun,Threat,Missing,0
2022,NC,Gun,Point,Missing,0
2022,TN,Gun,Threat,Not Fleeing,0
2022,GA,Gun,Shoot,Missing,0
2022,UT,Knife,Threat,Missing,0
2022,CO,Knife,Threat,Not Fleeing,1
2022,TX,Knife,Threat,Not Fleeing,1
2022,NC,Gun,Shoot,Missing,0
2022,WA,Gun,Threat,Missing,0
2022,GA,Vehicle,Move,Vehicle,0
2022,GA,Gun,Threat,Missing,0
2022,TX,Gun,Shoot,Missing,0
2022,TX,Unclear Weapon Information,Unclear Threat,Missing,0
2022,OR,Knife,Threat,Missing,1
2022,TX,Gun,Shoot,Missing,0
2022,ID,Gun,Threat,Missing,0
2022,FL,Knife,Threat,Missing,0
2022,NM,Unclear Weapon Information,Unclear Threat,Missing,0
2022,AZ,Unarmed,Unclear Threat,Missing,0
2022,TN,Unclear Weapon Information,Unclear Threat,Missing,0
2022,WV,Gun,Shoot,Missing,0
2022,MI,Unarmed,Attack,Missing,0
2022,OR,Gun,Threat,Vehicle,0
2022,CA,Gun,Threat,Not Fleeing,0
2022,AZ,Unclear Weapon Information,Unclear Threat,Missing,0
2022,TX,Gun,Shoot,Vehicle,0
2022,CA,Knife,Threat,Missing,0
2022,CA,Gun,Shoot,Missing,1
2022,OK,Unclear Weapon Information,Threat,Missing,0
2022,NH,Unclear Weapon Information,Threat,Missing,1
2022,NM,Replica,Threat,Not Fleeing,0
2022,VA,Gun,Point,Missing,0
2022,OK,Gun,Threat,Vehicle,0
2022,AK,Gun,Threat,Vehicle,0
2022,TX,Blunt Object,Threat,Not Fleeing,0
2022,VA,Gun,Shoot,Missing,0
2022,TX,Gun,Threat,Missing,0
2022,CA,Unarmed,Flee,Foot,0
2022,CA,Gun,Unclear Threat,Vehicle,1
2022,OH,Gun,Shoot,Vehicle,0
2022,ME,Gun,Threat,Missing,0
2022,CA,Gun,Point,Vehicle,0
2022,MI,Gun,Threat,Foot,1
2022,TX,Gun,Point,Missing,0
2022,GA,Gun,Point,Missing,0
2022,PA,Gun,Threat,Missing,0
2022,NC,Knife,Threat,Missing,1
2022,KS,Knife,Threat,Missing,0
2022,GA,Gun,Threat,Foot,0
2022,OH,Gun,Shoot,Vehicle,0
2022,FL,Gun,Shoot,Missing,0
2022,FL,Gun,Shoot,Vehicle,0
2022,CA,Gun,Shoot,Missing,0
2022,CO,Gun,Threat,Missing,0
2022,NC,Gun,Shoot,Missing,0
2022,AR,Gun,Shoot,Not Fleeing,0
2022,IN,Gun,Threat,Missing,0
2022,OH,Unarmed,Move,Vehicle,1
2022,NM,Gun,Threat,Missing,0
2022,CO,Vehicle,Move,Vehicle,0
2022,AZ,Gun,Threat,Missing,1
2022,KY,Gun,Shoot,Missing,0
2022,NY,Knife,Threat,Missing,0
2022,TX,Gun,Shoot,Missing,0
2022,FL,Gun,Point,Vehicle,0
2022,TX,Unclear Weapon Information,Unclear Threat,Missing,0
2022,TX,Vehicle,Attack,Vehicle,1
2022,CO,Gun,Shoot,Missing,0
2022,VA,Gun,Threat,Missing,1
2022,NC,Gun,Threat,Missing,0
2022,CA,Gun,Point,Foot,0
2022,CA,Knife,Threat,Missing,0
2022,CA,Knife,Threat,Missing,1
2022,CO,Knife,Threat,Not Fleeing,0
2022,NM,Gun,Threat,Missing,0
2022,SD,Gun,Shoot,Missing,0
2022,GA,Gun,Threat,Not Fleeing,0
2022,NV,Knife,Threat,Not Fleeing,1
2022,KY,Gun,Shoot,Missing,0
2022,CA,Gun,Threat,Missing,0
2022,TX,Gun,Threat,Vehicle,0
2022,AZ,Gun,Move,Not Fleeing,0
2022,CA,Gun,Point,Missing,0
2022,GA,Gun,Threat,Not Fleeing,0
2022,WV,Gun,Threat,Vehicle,0
2022,TX,Knife,Threat,Not Fleeing,0
2022,MI,Gun,Shoot,Missing,0
2022,VA,Blunt Object,Threat,Not Fleeing,1
2022,CA,Knife,Threat,Not Fleeing,0
2022,GA,Vehicle,Attack,Vehicle,0
2022,ND,Unarmed,Flee,Foot,0
2022,TX,Other,Attack,Foot,0
2022,CA,Gun,Point,Missing,1
2022,CO,Unclear Weapon Information,Threat,Missing,0
2022,NY,Gun,Shoot,Missing,0
2022,NY,Gun,Shoot,Foot,0
2022,KY,Gun,Point,Foot,0
2022,IL,Knife,Threat,Missing,1
2022,OH,Knife,Threat,Missing,0
2022,OH,Gun,Shoot,Missing,0
2022,MN,Unclear Weapon Information,Unclear Threat,Missing,0
2022,OR,Gun,Shoot,Missing,0
2022,VA,Knife,Attack,Missing,1
2022,TX,Gun,Threat,Missing,0
2022,TX,Gun,Threat,Foot,0
2022,CA,Replica,Threat,Missing,0
2022,IL,Gun,Shoot,Vehicle,0
2022,CO,Gun,Shoot,Vehicle,1
2022,CA,Knife,Threat,Not Fleeing,0
2022,FL,Blunt Object,Point,Missing,0
2022,CA,Blunt Object,Unclear Threat,Missing,0
2022,MS,Blunt Object,Attack,Missing,0
2022,CA,Unarmed,Unclear Threat,Missing,0
2022,TX,Gun,Shoot,Vehicle,0
2022,ME,Gun,Threat,Missing,0
2022,CO,Knife,Attack,Not Fleeing,0
2022,SC,Knife,Threat,Missing,0
2022,CA,Gun,Flee,Foot,1
2022,TX,Gun,Shoot,Missing,0
2022,AZ,Knife,Threat,Missing,1
2022,OH,Unclear Weapon Information,Unclear Threat,Vehicle,1
2022,AZ,Knife,Threat,Not Fleeing,0
2022,CO,Gun,Threat,Not Fleeing,0
2022,VT,Knife,Threat,Missing,0
2022,FL,Gun,Shoot,Missing,0
2022,MS,Gun,Point,Vehicle,0
2022,NC,Vehicle,Attack,Missing,0
2022,MD,Knife,Threat,Not Fleeing,0
2022,NM,Gun,Shoot,Missing,0
2022,GA,Gun,Point,Missing,0
2022,CA,Unarmed,Threat,Not Fleeing,1
2022,SC,Unclear Weapon Information,Threat,Missing,0
2022,IL,Knife,Threat,Not Fleeing,0
2022,CA,Gun,Threat,Foot,0
2022,MO,Gun,Shoot,Foot,0
2022,OH,Gun,Point,Missing,1
2022,TX,Gun,Shoot,Vehicle,0
2022,FL,Gun,Shoot,Missing,0
2022,TX,Gun,Shoot,Vehicle,0
2022,FL,Gun,Shoot,Missing,0
2022,PA,Gun,Shoot,Missing,0
2022,AR,Knife,Threat,Vehicle,0
2022,OR,Gun,Shoot,Missing,0
2022,FL,Gun,Point,Foot,1
2022,CO,Unarmed,Accident,Missing,0
2022,SC,Gun,Threat,Missing,0
2022,MS,Gun,Threat,Missing,0
2022,IL,Gun,Point,Missing,0
2022,VA,Gun,Threat,Missing,0
2022,SD,Gun,Shoot,Missing,0
2022,CA,Replica,Point,Missing,0
2022,OR,Gun,Threat,Not Fleeing,0
2022,TX,Gun,Unclear Threat,Vehicle,1
2022,WV,Gun,Threat,Missing,0
2022,CA,Other,Threat,Vehicle,0
2022,IN,Gun,Point,Missing,1
2022,MN,Blunt Object,Threat,Not Fleeing,1
2022,FL,Knife,Threat,Missing,0
2022,DC,Gun,Threat,Vehicle,1
2022,OH,Knife,Attack,Foot,1
2022,CA,Gun,Threat,Vehicle,0
2022,WY,Gun,Shoot,Missing,0
2022,FL,Vehicle,Attack,Vehicle,0
2022,GA,Gun,Move,Missing,0
2022,IN,Gun,Attack,Missing,0
2022,TX,Gun,Point,Vehicle,0
2022,AL,Gun,Point,Not Fleeing,0
2022,GA,Gun,Threat,Missing,0
2022,ND,Gun,Threat,Missing,0
2022,KY,Gun,Threat,Missing,0
2022,NC,Gun,Shoot,Missing,0
2022,NM,Unclear Weapon Information,Attack,Missing,1
2022,GA,Knife,Threat,Not Fleeing,0
2022,WA,Gun,Shoot,Vehicle,1
2022,UT,Unclear Weapon Information,Threat,Missing,0
2022,FL,Gun,Shoot,Foot,0
2022,OR,Knife,Threat,Not Fleeing,0
2022,CO,Gun,Threat,Vehicle,0
2022,NC,Gun,Shoot,Missing,0
2022,FL,Gun,Shoot,Missing,1
2022,WA,Gun,Shoot,Vehicle,0
2022,AL,Gun,Point,Vehicle,0
2022,FL,Gun,Threat,Missing,1
2022,PA,Gun,Point,Not Fleeing,0
2022,MO,Vehicle,Attack,Missing,1
2022,MN,Knife,Threat,Foot,0
2022,TX,Gun,Shoot,Vehicle,0
2022,AR,Gun,Point,Not Fleeing,0
2022,SD,Gun,Shoot,Missing,1
2022,FL,Gun,Point,Missing,0
2022,PA,Gun,Shoot,Missing,0
2022,OH,Gun,Shoot,Vehicle,0
2022,NM,Gun,Point,Missing,0
2022,SC,Gun,Shoot,Missing,0
2022,CA,Gun,Point,Missing,0
2022,WY,Replica,Threat,Not Fleeing,0
2022,TX,Gun,Point,Missing,0
2022,WI,Gun,Threat,Missing,1
2022,IA,Gun,Point,Missing,0
2022,FL,Gun,Shoot,Vehicle,0
2022,VT,Multiple Weapons,Attack,Vehicle,0
2022,FL,Gun,Shoot,Missing,1
2022,CA,Knife,Threat,Not Fleeing,1
2022,TX,Gun,Point,Missing,0
2022,FL,Knife,Attack,Missing,0
2022,NC,Gun,Shoot,Not Fleeing,0
2022,AL,Other,Attack,Missing,0
2022,AZ,Gun,Threat,Missing,0
2022,OH,Gun,Shoot,Not Fleeing,0
2022,OH,Gun,Shoot,Not Fleeing,0
2022,NC,Vehicle,Attack,Vehicle,0
2022,WA,Vehicle,Move,Not Fleeing,1
2022,WA,Knife,Attack,Missing,0
2022,MS,Unclear Weapon Information,Unclear Threat,Missing,0
2022,NV,Knife,Threat,Missing,0
2022,OH,Gun,Shoot,Not Fleeing,0
2022,TX,Gun,Threat,Foot,0
2022,CA,Knife,Threat,Not Fleeing,1
2022,LA,Gun,Shoot,Missing,0
2022,MO,Gun,Shoot,Foot,0
2022,TX,Gun,Threat,Vehicle,0
2022,MT,Unclear Weapon Information,Unclear Threat,Missing,0
2022,OR,Replica,Point,Missing,0
2022,WV,Gun,Threat,Missing,0
2022,IL,Multiple Weapons,Threat,Not Fleeing,0
2022,AZ,Gun,Point,Missing,0
2022,IN,Gun,Point,Not Fleeing,0
2022,VA,Gun,Shoot,Missing,0
2022,CA,Gun,Shoot,Not Fleeing,0
2022,ID,Gun,Shoot,Vehicle,0
2022,WV,Gun,Shoot,Not Fleeing,0
2022,CA,Knife,Attack,Not Fleeing,0
2022,LA,Unclear Weapon Information,Unclear Threat,Missing,0
2022,MT,Replica,Threat,Missing,0
2022,NM,Gun,Point,Missing,0
2022,WA,Gun,Shoot,Not Fleeing,0
2022,MI,Gun,Threat,Not Fleeing,0
2022,FL,Gun,Point,Not Fleeing,0
2022,TX,Gun,Shoot,Not Fleeing,0
2022,TX,Gun,Threat,Vehicle,1
2022,VA,Gun,Shoot,Not Fleeing,0
2022,IA,Gun,Threat,Not Fleeing,1
2022,OH,Unarmed,Unclear Threat,Not Fleeing,1
2022,WY,Gun,Point,Vehicle,0
2022,NE,Gun,Threat,Not Fleeing,1
2022,CA,Knife,Attack,Missing,0
2022,NC,Gun,Shoot,Foot,0
2022,TX,Gun,Shoot,Not Fleeing,0
2022,PA,Gun,Threat,Not Fleeing,0
2022,IL,Gun,Threat,Missing,1
2022,VA,Unclear Weapon Information,Unclear Threat,Missing,1
2022,TX,Gun,Threat,Vehicle,1
2022,MO,Gun,Threat,Not Fleeing,1
2022,GA,Gun,Point,Not Fleeing,0
2022,WY,Gun,Shoot,Foot,0
2022,WI,Gun,Shoot,Vehicle,0
2022,TX,Gun,Shoot,Vehicle,0
2022,CA,Gun,Threat,Not Fleeing,0
2022,NC,Knife,Move,Not Fleeing,0
2022,NJ,Knife,Unclear Threat,Not Fleeing,0
2022,WA,Gun,Threat,Not Fleeing,1
2022,WA,Knife,Threat,Not Fleeing,0
2022,CO,Knife,Threat,Not Fleeing,1
2022,OH,Unarmed,Attack,Missing,1
2022,AK,Gun,Point,Not Fleeing,0
2022,WI,Gun,Threat,Not Fleeing,1
2022,AZ,Knife,Threat,Foot,0
2022,AL,Gun,Point,Vehicle,0
2022,MO,Knife,Threat,Not Fleeing,0
2022,TN,Gun,Attack,Vehicle,0
2022,GA,Gun,Shoot,Foot,0
2022,ME,Unarmed,Attack,Missing,0
2022,PA,Gun,Flee,Foot,0
2022,KY,Gun,Shoot,Not Fleeing,0
2022,IL,Gun,Shoot,Foot,0
2022,NC,Knife,Attack,Foot,0
2022,OK,Knife,Attack,Not Fleeing,0
2022,NY,Knife,Threat,Missing,0
2022,WA,Unclear Weapon Information,Unclear Threat,Missing,0
2022,AZ,Knife,Threat,Not Fleeing,1
2022,NV,Gun,Shoot,Foot,0
2022,TX,Blunt Object,Threat,Not Fleeing,0
2022,CA,Gun,Threat,Foot,1
2022,MI,Gun,Shoot,Not Fleeing,0
2022,MO,Gun,Threat,Foot,0
2022,FL,Gun,Threat,Missing,0
2022,FL,Gun,Threat,Missing,0
2022,GA,Gun,Point,Not Fleeing,0
2022,GA,Replica,Unclear Threat,Not Fleeing,0
2022,NY,Knife,Threat,Missing,0
2022,OR,Gun,Threat,Not Fleeing,0
2022,WI,Gun,Shoot,Missing,0
2022,SC,Vehicle,Attack,Vehicle,0
2022,TX,Unarmed,Move,Missing,0
2022,GA,Knife,Threat,Not Fleeing,0
2022,TN,Gun,Point,Missing,0
2022,AZ,Gun,Threat,Missing,0
2022,OK,Knife,Threat,Missing,0
2022,AZ,Unarmed,Flee,Foot,0
2022,OK,Gun,Shoot,Vehicle,0
2022,MD,Gun,Shoot,Missing,0
2022,CA,Replica,Threat,Missing,0
2022,CA,Blunt Object,Threat,Not Fleeing,0
2022,TX,Gun,Threat,Missing,1
2022,CA,Knife,Threat,Vehicle,0
2022,WA,Unclear Weapon Information,Unclear Threat,Missing,0
2022,TX,Gun,Threat,Missing,1
2022,OR,Unclear Weapon Information,Threat,Not Fleeing,0
2022,MD,Gun,Point,Not Fleeing,0
2022,OR,Unclear Weapon Information,Unclear Threat,Foot,0
2022,CA,Gun,Threat,Foot,0
2022,OR,Gun,Shoot,Not Fleeing,0
2022,NM,Vehicle,Attack,Vehicle,0
2022,NC,Gun,Threat,Not Fleeing,0
2022,FL,Gun,Shoot,Not Fleeing,0
2022,WA,Multiple Weapons,Attack,Vehicle,0
2022,WA,Gun,Shoot,Not Fleeing,0
2022,TX,Gun,Shoot,Vehicle,0
2022,GA,Vehicle,Move,Vehicle,0
2022,TX,Gun,Threat,Not Fleeing,0
2022,TX,Gun,Shoot,Vehicle,0
2022,WA,Gun,Threat,Missing,0
2022,NV,Gun,Shoot,Missing,0
2022,CO,Unclear Weapon Information,Threat,Foot,0
2022,MO,Gun,Threat,Vehicle,0
2022,MO,Unarmed,Flee,Vehicle,0
2022,CA,Multiple Weapons,Attack,Not Fleeing,0
2022,AZ,Blunt Object,Attack,Missing,0
2022,SC,Gun,Shoot,Missing,0
2022,MS,Unclear Weapon Information,Unclear Threat,Missing,0
2022,UT,Gun,Shoot,Not Fleeing,0
2022,SC,Unclear Weapon Information,Unclear Threat,Missing,0
2022,CA,Unarmed,Move,Vehicle,0
2022,CA,Gun,Shoot,Vehicle,0
2022,NV,Replica,Shoot,Foot,0
2022,FL,Gun,Point,Missing,0
2022,TX,Unarmed,Flee,Foot,0
2022,TX,Gun,Shoot,Missing,0
2022,MT,Unclear Weapon Information,Threat,Foot,0
2022,SC,Gun,Unclear Threat,Vehicle,0
2022,CA,Knife,Threat,Not Fleeing,1
2022,OH,Gun,Shoot,Missing,0
2022,CO,Gun,Shoot,Foot,0
2022,LA,Multiple Weapons,Attack,Vehicle,0
2022,PA,Vehicle,Attack,Missing,0
2022,NC,Gun,Threat,Missing,0
2022,CO,Gun,Threat,Vehicle,0
2022,MO,Gun,Shoot,Vehicle,0
2022,IL,Gun,Threat,Missing,0
2022,MI,Knife,Threat,Missing,1
2022,IN,Gun,Shoot,Missing,1
2022,CO,Knife,Flee,Vehicle,1
2022,KS,Gun,Point,Not Fleeing,0
2022,IL,Gun,Unclear Threat,Missing,0
2022,NM,Gun,Point,Vehicle,0
2022,MI,Gun,Shoot,Not Fleeing,0
2022,FL,Gun,Shoot,Not Fleeing,0
2022,TX,Knife,Threat,Not Fleeing,0
2022,TX,Gun,Threat,Not Fleeing,0
2022,OK,Unarmed,Move,Vehicle,0
2022,TX,Gun,Shoot,Not Fleeing,0
2022,CO,Unclear Weapon Information,Threat,Not Fleeing,1
2022,OH,Gun,Shoot,Missing,0
2022,TX,Gun,Threat,Not Fleeing,0
2022,MS,Gun,Unclear Threat,Missing,0
2022,OH,Gun,Threat,Not Fleeing,0
2022,AZ,Gun,Shoot,Missing,0
2022,GA,Gun,Shoot,Vehicle,0
2022,OH,Gun,Threat,Vehicle,0
2022,IN,Gun,Shoot,Foot,0
2022,CA,Gun,Shoot,Not Fleeing,0
2022,TX,Knife,Threat,Not Fleeing,0
2022,OK,Gun,Shoot,Vehicle,0
2022,NV,Gun,Move,Not Fleeing,0
2022,IN,Knife,Threat,Not Fleeing,0
2022,NJ,Replica,Unclear Threat,Foot,0
2022,CA,Gun,Shoot,Foot,0
2022,IL,Gun,Shoot,Not Fleeing,0
2022,PA,Gun,Shoot,Foot,0
2022,CT,Gun,Shoot,Not Fleeing,0
2022,WA,Gun,Shoot,Missing,0
2022,KS,Knife,Move,Not Fleeing,0
2022,WI,Vehicle,Move,Vehicle,0
2022,LA,Unclear Weapon Information,Unclear Threat,Foot,0
2022,TX,Gun,Point,Not Fleeing,1
2022,AR,Gun,Threat,Missing,0
2022,NY,Gun,Threat,Not Fleeing,0
2022,OK,Gun,Flee,Foot,0
2022,OK,Knife,Threat,Missing,0
2022,TX,Gun,Point,Not Fleeing,0
2022,NV,Gun,Shoot,Not Fleeing,0
2022,OK,Gun,Point,Not Fleeing,0
2022,AR,Gun,Shoot,Missing,0
2022,CA,Gun,Shoot,Foot,1
2022,CA,Gun,Threat,Not Fleeing,0
2022,SC,Gun,Shoot,Vehicle,0
2022,MS,Gun,Point,Not Fleeing,0
2022,TX,Gun,Shoot,Not Fleeing,0
2022,CO,Knife,Threat,Vehicle,1
2022,IL,Gun,Point,Not Fleeing,0
2022,KY,Unclear Weapon Information,Threat,Not Fleeing,0
2022,CO,Knife,Threat,Not Fleeing,0
2022,MS,Gun,Point,Vehicle,0
2022,TX,Gun,Threat,Missing,1
2022,WI,Gun,Threat,Foot,0
2022,MI,Gun,Point,Not Fleeing,0
2022,CA,Multiple Weapons,Flee,Vehicle,0
2022,CA,Gun,Shoot,Foot,0
2022,MO,Gun,Shoot,Missing,0
2022,GA,Missing,Attack,Vehicle,0
2022,CO,Gun,Shoot,Not Fleeing,0
2022,GA,Gun,Shoot,Not Fleeing,0
2022,CO,Gun,Shoot,Not Fleeing,0
2022,TX,Knife,Threat,Not Fleeing,0
2022,MO,Gun,Point,Not Fleeing,0
2022,TX,Gun,Point,Vehicle,0
2022,IN,Unclear Weapon Information,Threat,Vehicle,0
2022,AZ,Gun,Shoot,Vehicle,0
2022,AL,Missing,Unclear Threat,Foot,0
2022,MS,Gun,Point,Not Fleeing,0
2022,GA,Gun,Shoot,Missing,0
2022,TX,Vehicle,Attack,Missing,0
2022,NE,Gun,Threat,Not Fleeing,1
2022,IA,Gun,Shoot,Foot,0
2022,LA,Gun,Shoot,Not Fleeing,0
2022,TX,Gun,Shoot,Not Fleeing,1
2022,CA,Knife,Threat,Missing,0
2022,CA,Knife,Threat,Foot,1
2022,PA,Gun,Point,Not Fleeing,0
2022,WY,Gun,Shoot,Missing,0
2022,AR,Gun,Shoot,Not Fleeing,0
2022,TX,Multiple Weapons,Attack,Vehicle,0
2022,TN,Vehicle,Move,Vehicle,0
2022,FL,Gun,Shoot,Foot,0
2022,IN,Gun,Threat,Missing,0
2022,AZ,Gun,Shoot,Missing,1
2022,PA,Gun,Move,Vehicle,0
2022,NY,Gun,Shoot,Not Fleeing,0
2022,CA,Knife,Point,Not Fleeing,0
2022,CA,Blunt Object,Threat,Missing,0
2022,GA,Gun,Point,Not Fleeing,0
2022,TX,Gun,Point,Foot,0
2022,GA,Gun,Move,Missing,0
2022,NV,Gun,Threat,Vehicle,0
2022,NV,Gun,Point,Not Fleeing,0
2022,KY,Unclear Weapon Information,Unclear Threat,Missing,0
2022,TX,Knife,Threat,Not Fleeing,0
2022,NM,Gun,Threat,Not Fleeing,0
2022,PA,Gun,Shoot,Vehicle,0
2022,FL,Gun,Threat,Not Fleeing,0
2022,TX,Gun,Shoot,Missing,0
2022,MD,Knife,Threat,Not Fleeing,1
2022,LA,Other,Threat,Not Fleeing,1
2022,TN,Blunt Object,Threat,Not Fleeing,0
2022,CO,Gun,Shoot,Foot,0
2022,NC,Gun,Threat,Vehicle,0
2022,CO,Knife,Threat,Not Fleeing,0
2022,OK,Other,Shoot,Not Fleeing,0
2022,KS,Gun,Shoot,Missing,0
2022,NM,Knife,Threat,Foot,0
2022,NY,Gun,Shoot,Missing,0
2022,MI,Gun,Threat,Not Fleeing,1
2022,CO,Gun,Threat,Missing,0
2022,IN,Multiple Weapons,Attack,Vehicle,0
2022,OH,Gun,Move,Missing,1
2022,TN,Knife,Threat,Not Fleeing,1
2022,TN,Gun,Shoot,Missing,1
2022,AZ,Knife,Threat,Missing,0
2022,CA,Knife,Threat,Vehicle,0
2022,FL,Unclear Weapon Information,Unclear Threat,Missing,0
2022,WA,Gun,Shoot,Not Fleeing,0
2022,PA,Gun,Shoot,Missing,0
2022,WA,Gun,Shoot,Vehicle,0
2022,FL,Unclear Weapon Information,Threat,Missing,0
2022,TX,Gun,Shoot,Not Fleeing,0
2022,OK,Gun,Shoot,Not Fleeing,1
2022,FL,Gun,Threat,Missing,0
2022,CA,Gun,Threat,Not Fleeing,0
2022,NM,Knife,Move,Vehicle,0
2022,TN,Gun,Shoot,Missing,0
2022,TX,Gun,Shoot,Not Fleeing,1
2022,CA,Knife,Attack,Not Fleeing,0
2022,CA,Gun,Unclear Threat,Missing,0
2022,OH,Gun,Shoot,Missing,0
2022,AL,Gun,Shoot,Vehicle,0
2022,NM,Knife,Threat,Vehicle,1
2022,SD,Knife,Threat,Not Fleeing,1
2022,NY,Gun,Shoot,Missing,1
2022,WA,Knife,Threat,Missing,0
2022,WI,Gun,Threat,Not Fleeing,0
2022,NY,Knife,Threat,Not Fleeing,0
2022,MO,Gun,Shoot,Not Fleeing,1
2022,OR,Unclear Weapon Information,Flee,Vehicle,0
2022,TX,Gun,Shoot,Not Fleeing,0
2022,GA,Gun,Shoot,Not Fleeing,0
2022,LA,Knife,Attack,Missing,0
2022,UT,Gun,Shoot,Not Fleeing,0
2022,CO,Gun,Threat,Vehicle,0
2022,GA,Unarmed,Flee,Vehicle,0
2022,GA,Gun,Shoot,Not Fleeing,0
2022,FL,Multiple Weapons,Threat,Foot,0
2022,VA,Gun,Shoot,Foot,0
2022,AZ,Gun,Threat,Foot,1
2022,WV,Gun,Point,Missing,0
2022,OK,Gun,Shoot,Foot,0
2022,NC,Gun,Threat,Missing,0
2022,NM,Knife,Threat,Not Fleeing,0
2022,CO,Gun,Shoot,Not Fleeing,1
2022,TX,Gun,Threat,Vehicle,0
2022,TX,Gun,Threat,Missing,0
2022,TX,Blunt Object,Flee,Foot,0
2022,ID,Unclear Weapon Information,Threat,Missing,0
2022,CA,Gun,Threat,Missing,0
2022,FL,Gun,Point,Not Fleeing,0
2022,CA,Gun,Shoot,Missing,0
2022,VA,Gun,Threat,Missing,0
2022,MD,Knife,Threat,Foot,1
2022,OK,Gun,Threat,Not Fleeing,0
2022,AZ,Gun,Threat,Vehicle,0
2022,TX,Gun,Shoot,Foot,0
2022,AZ,Vehicle,Attack,Missing,1
2022,CA,Knife,Move,Missing,0
2022,OH,Unclear Weapon Information,Unclear Threat,Missing,0
2022,CA,Blunt Object,Threat,Missing,0
2022,CA,Gun,Point,Missing,0
2022,KS,Gun,Threat,Not Fleeing,0
2022,FL,Knife,Attack,Missing,1
2022,VA,Gun,Point,Foot,1
2022,IN,Knife,Threat,Not Fleeing,0
2022,DE,Gun,Shoot,Vehicle,0
2022,VA,Gun,Shoot,Missing,0
2022,NC,Gun,Shoot,Not Fleeing,0
2022,TN,Gun,Shoot,Foot,0
2022,GA,Knife,Threat,Not Fleeing,1
2022,AZ,Gun,Shoot,Missing,0
2022,AZ,Vehicle,Move,Vehicle,0
2022,NY,Gun,Shoot,Vehicle,1
2022,MN,Gun,Point,Foot,1
2022,TN,Gun,Shoot,Foot,0
2022,CA,Blunt Object,Attack,Missing,0
2022,NC,Gun,Point,Missing,1
2022,TX,Gun,Shoot,Missing,0
2022,CA,Gun,Shoot,Foot,0
2022,AZ,Knife,Threat,Not Fleeing,0
2022,AL,Gun,Threat,Missing,0
2022,IL,Gun,Point,Missing,0
2022,MO,Knife,Threat,Not Fleeing,0
2022,FL,Gun,Point,Foot,0
2022,MO,Gun,Threat,Missing,0
2022,CA,Replica,Threat,Foot,1
2022,LA,Unarmed,Flee,Vehicle,0
2022,CO,Gun,Point,Not Fleeing,0
2022,IL,Gun,Shoot,Missing,1
2022,TN,Gun,Shoot,Foot,0
2022,CA,Gun,Shoot,Missing,0
2022,VA,Gun,Point,Not Fleeing,0
2022,HI,Gun,Threat,Not Fleeing,0
2022,UT,Unclear Weapon Information,Threat,Missing,1
2022,MS,Gun,Shoot,Not Fleeing,0
2022,OR,Unarmed,Flee,Vehicle,0
2022,OH,Gun,Point,Not Fleeing,0
2022,TX,Knife,Attack,Foot,1
2022,CA,Gun,Shoot,Not Fleeing,0
2022,MS,Gun,Shoot,Missing,0
2022,WA,Gun,Shoot,Missing,0
2022,WI,Gun,Shoot,Not Fleeing,0
2022,AR,Gun,Shoot,Foot,0
2022,MN,Knife,Attack,Missing,0
2022,MO,Gun,Point,Not Fleeing,0
2022,TN,Gun,Shoot,Vehicle,0
2022,UT,Gun,Shoot,Not Fleeing,0
2022,IN,Knife,Threat,Missing,1
2022,WV,Gun,Shoot,Missing,0
2022,AL,Knife,Threat,Missing,0
2022,CA,Unarmed,Flee,Vehicle,0
2022,UT,Unclear Weapon Information,Move,Missing,0
2022,CA,Unarmed,Flee,Vehicle,1
2022,MI,Gun,Point,Not Fleeing,0
2022,CA,Knife,Threat,Not Fleeing,1
2022,WV,Gun,Threat,Missing,0
2022,VA,Knife,Move,Foot,0
2022,WI,Gun,Shoot,Missing,0
2022,CA,Knife,Threat,Not Fleeing,1
2022,CA,Knife,Shoot,Foot,1
2022,WI,Gun,Point,Missing,1
2022,NC,Knife,Attack,Missing,0
2022,OH,Gun,Shoot,Foot,1
2022,MS,Gun,Threat,Not Fleeing,0
2022,CA,Gun,Point,Vehicle,0
2022,OH,Gun,Point,Not Fleeing,0
2022,UT,Gun,Threat,Not Fleeing,0
2022,TX,Unarmed,Flee,Vehicle,0
2022,VA,Knife,Threat,Not Fleeing,0
2022,CA,Gun,Shoot,Not Fleeing,0
2022,TX,Gun,Shoot,Not Fleeing,0
2022,AK,Gun,Threat,Not Fleeing,0
2022,TX,Gun,Shoot,Vehicle,1
2022,CA,Unclear Weapon Information,Unclear Threat,Missing,0
2022,TX,Gun,Threat,Missing,0
2022,UT,Vehicle,Move,Vehicle,0
2022,OH,Knife,Threat,Foot,0
2022,IA,Gun,Point,Not Fleeing,1
2022,CO,Gun,Threat,Missing,0
2022,VA,Gun,Shoot,Not Fleeing,0
2022,NY,Knife,Attack,Not Fleeing,0
2022,MO,Gun,Threat,Not Fleeing,0
2022,CA,Knife,Threat,Not Fleeing,1
2022,ID,Vehicle,Attack,Vehicle,0
2022,TN,Gun,Shoot,Vehicle,0
2022,CA,Gun,Shoot,Vehicle,0
2022,NY,Gun,Threat,Foot,1
2022,HI,Knife,Threat,Not Fleeing,1
2022,WA,Gun,Shoot,Vehicle,0
2022,KS,Gun,Point,Vehicle,0
2022,NV,Gun,Shoot,Vehicle,0
2022,NJ,Gun,Shoot,Missing,0
2022,OK,Gun,Shoot,Vehicle,1
2022,KS,Knife,Threat,Not Fleeing,0
2023,NH,Knife,Threat,Missing,1
2023,CA,Knife,Point,Not Fleeing,0
2023,PA,Gun,Shoot,Vehicle,0
2023,MI,Replica,Threat,Not Fleeing,1
2023,NC,Gun,Point,Missing,0
2023,CA,Gun,Point,Foot,1
2023,TX,Gun,Point,Foot,0
2023,KY,Unclear Weapon Information,Unclear Threat,Missing,0
2023,CA,Knife,Point,Not Fleeing,1
2023,CA,Knife,Threat,Not Fleeing,1
2023,AZ,Knife,Attack,Not Fleeing,0
2023,CA,Gun,Point,Missing,1
2023,CA,Blunt Object,Threat,Not Fleeing,1
2023,MA,Knife,Threat,Foot,0
2023,CO,Gun,Shoot,Missing,0
2023,TN,Gun,Threat,Missing,1
2023,MO,Gun,Threat,Not Fleeing,0
2023,MI,Gun,Threat,Not Fleeing,0
2023,TX,Replica,Point,Not Fleeing,0
2023,AL,Gun,Threat,Missing,0
2023,AL,Gun,Threat,Missing,0
2023,TX,Gun,Shoot,Not Fleeing,0
2023,NM,Knife,Threat,Not Fleeing,0
2023,GA,Gun,Point,Not Fleeing,0
2023,TX,Knife,Threat,Missing,1
2023,GA,Gun,Shoot,Not Fleeing,0
2023,AZ,Gun,Threat,Missing,0
2023,NV,Gun,Shoot,Missing,1
2023,CA,Knife,Threat,Not Fleeing,0
2023,CA,Knife,Threat,Not Fleeing,0
2023,AR,Gun,Shoot,Vehicle,0
2023,UT,Gun,Threat,Vehicle,0
2023,GA,Vehicle,Move,Vehicle,0
2023,OK,Knife,Threat,Not Fleeing,0
2023,TX,Unclear Weapon Information,Threat,Not Fleeing,0
2023,VA,Gun,Point,Not Fleeing,1
2023,NY,Knife,Attack,Missing,0
2023,CA,Gun,Point,Not Fleeing,0
2023,CA,Unclear Weapon Information,Threat,Missing,0
2023,FL,Gun,Attack,Missing,0
2023,IN,Gun,Shoot,Foot,0
2023,FL,Replica,Threat,Missing,1
2023,VA,Gun,Shoot,Not Fleeing,0
2023,MO,Knife,Move,Not Fleeing,0
2023,CA,Unarmed,Attack,Missing,0
2023,CA,Unarmed,Move,Not Fleeing,0
2023,WV,Blunt Object,Attack,Missing,1
2023,AL,Gun,Shoot,Vehicle,0
2023,WA,Unarmed,Move,Vehicle,1
2023,CA,Knife,Threat,Missing,0
2023,UT,Unclear Weapon Information,Threat,Vehicle,1
2023,OK,Gun,Threat,Not Fleeing,0
2023,TX,Gun,Threat,Foot,1
2023,CA,Gun,Threat,Not Fleeing,1
2023,WI,Gun,Threat,Vehicle,0
2023,PA,Gun,Shoot,Not Fleeing,0
2023,CA,Gun,Threat,Vehicle,0
2023,TX,Unarmed,Unclear Threat,Missing,0
2023,GA,Gun,Shoot,Not Fleeing,1
2023,MO,Gun,Point,Vehicle,0
2023,FL,Other,Point,Missing,0
2023,FL,Knife,Threat,Foot,1
2023,AZ,Unclear Weapon Information,Flee,Vehicle,0
2023,SD,Gun,Point,Foot,1
2023,IN,Gun,Threat,Not Fleeing,1
2023,CA,Gun,Shoot,Vehicle,0
2023,FL,Gun,Shoot,Not Fleeing,1
2023,FL,Gun,Point,Not Fleeing,0
2023,KS,Knife,Threat,Not Fleeing,0
2023,WI,Gun,Point,Vehicle,0
2023,NJ,Gun,Point,Missing,1
2023,MS,Gun,Threat,Foot,0
2023,CA,Knife,Threat,Foot,1
2023,TX,Gun,Shoot,Foot,0
2023,KS,Gun,Shoot,Vehicle,0
2023,ID,Gun,Threat,Missing,0
2023,OR,Gun,Shoot,Foot,0
2023,GA,Unarmed,Flee,Vehicle,0
2023,MI,Gun,Shoot,Missing,0
2023,TX,Gun,Shoot,Not Fleeing,0
2023,IN,Gun,Threat,Not Fleeing,0
2023,OH,Gun,Point,Not Fleeing,0
2023,VA,Gun,Threat,Not Fleeing,0
2023,FL,Gun,Shoot,Not Fleeing,0
2023,TX,Gun,Shoot,Not Fleeing,1
2023,CA,Gun,Point,Not Fleeing,0
2023,CA,Knife,Attack,Not Fleeing,0
2023,AR,Gun,Threat,Not Fleeing,0
2023,ID,Knife,Point,Not Fleeing,0
2023,TX,Gun,Point,Not Fleeing,0
2023,TN,Gun,Shoot,Missing,0
2023,TN,Gun,Threat,Missing,1
2023,AZ,Gun,Threat,Missing,0
2023,NE,Gun,Shoot,Foot,0
2023,OH,Vehicle,Move,Vehicle,1
2023,FL,Gun,Threat,Vehicle,0
2023,SC,Gun,Shoot,Not Fleeing,0
2023,CA,Gun,Unclear Threat,Missing,0
2023,NM,Gun,Threat,Missing,0
2023,CO,Gun,Threat,Not Fleeing,0
2023,VA,Gun,Shoot,Not Fleeing,0
2023,OH,Unarmed,Move,Missing,1
2023,MD,Unarmed,Flee,Vehicle,0
2023,NE,Gun,Threat,Not Fleeing,0
2023,MO,Gun,Point,Not Fleeing,0
2023,CO,Gun,Threat,Foot,1
2023,GA,Gun,Point,Not Fleeing,0
2023,SC,Knife,Threat,Missing,0
2023,TN,Gun,Shoot,Missing,0
2023,VA,Gun,Threat,Vehicle,0
2023,FL,Gun,Shoot,Not Fleeing,0
2023,TX,Gun,Threat,Missing,0
2023,LA,Unarmed,Flee,Foot,0
2023,IN,Gun,Threat,Foot,0
2023,KS,Unclear Weapon Information,Flee,Vehicle,0
2023,MI,Gun,Point,Missing,0
2023,KY,Unclear Weapon Information,Move,Missing,0
2023,TX,Vehicle,Move,Vehicle,0
2023,SD,Knife,Attack,Not Fleeing,1
2023,NJ,Knife,Threat,Missing,0
2023,AL,Gun,Point,Missing,0
2023,AL,Unclear Weapon Information,Threat,Missing,0
2023,FL,Gun,Shoot,Vehicle,0
2023,CA,Knife,Threat,Not Fleeing,0
2023,TX,Gun,Point,Not Fleeing,0
2023,MA,Replica,Point,Missing,0
2023,CA,Unclear Weapon Information,Flee,Vehicle,0
2023,IN,Gun,Threat,Foot,1
2023,IN,Gun,Shoot,Foot,1
2023,FL,Vehicle,Move,Vehicle,0
2023,CA,Blunt Object,Threat,Not Fleeing,0
2023,CO,Gun,Point,Missing,1
2023,IL,Gun,Attack,Foot,1
2023,MO,Knife,Threat,Not Fleeing,0
2023,FL,Unclear Weapon Information,Unclear Threat,Missing,0
2023,WI,Gun,Shoot,Not Fleeing,1
2023,TX,Gun,Shoot,Not Fleeing,1
2023,OR,Gun,Point,Not Fleeing,0
2023,IL,Gun,Threat,Foot,1
2023,OK,Gun,Shoot,Vehicle,0
2023,IL,Gun,Point,Foot,0
2023,CA,Unarmed,Attack,Missing,0
2023,PA,Gun,Shoot,Missing,0
2023,CA,Knife,Threat,Not Fleeing,0
2023,CA,Unarmed,Flee,Vehicle,0
2023,MN,Knife,Threat,Not Fleeing,1
2023,OH,Gun,Move,Not Fleeing,1
2023,AZ,Gun,Threat,Missing,0
2023,CA,Knife,Threat,Missing,1
2023,NC,Gun,Threat,Not Fleeing,1
2023,TX,Gun,Shoot,Vehicle,0
2023,FL,Gun,Point,Not Fleeing,0
2023,TN,Gun,Point,Missing,0
2023,FL,Gun,Threat,Not Fleeing,0
2023,WA,Gun,Shoot,Missing,0
2023,IL,Knife,Attack,Missing,0
2023,TX,Knife,Attack,Missing,0
2023,WV,Unclear Weapon Information,Unclear Threat,Missing,1
2023,OK,Gun,Point,Not Fleeing,1
2023,MT,Unclear Weapon Information,Unclear Threat,Missing,0
2023,TN,Gun,Threat,Not Fleeing,0
2023,KS,Replica,Threat,Vehicle,1
2023,MS,Unclear Weapon Information,Unclear Threat,Missing,0
2023,CA,Gun,Move,Foot,1
2023,FL,Gun,Threat,Missing,0
2023,AZ,Knife,Attack,Foot,1
2023,TX,Knife,Threat,Vehicle,0
2023,WI,Gun,Threat,Vehicle,1
2023,CA,Gun,Threat,Not Fleeing,0
2023,AZ,Gun,Shoot,Foot,0
2023,AZ,Gun,Point,Not Fleeing,0
2023,VA,Unarmed,Flee,Foot,1
2023,CA,Replica,Point,Not Fleeing,0
2023,KY,Unclear Weapon Information,Threat,Foot,0
2023,PA,Gun,Shoot,Not Fleeing,0
2023,MN,Knife,Threat,Not Fleeing,1
2023,NM,Gun,Threat,Missing,1
2023,GA,Gun,Point,Foot,0
2023,NC,Unarmed,Move,Not Fleeing,0
2023,OH,Gun,Threat,Missing,0
2023,MA,Gun,Shoot,Foot,1
2023,AZ,Gun,Threat,Not Fleeing,1
2023,OH,Gun,Point,Missing,1
2023,LA,Gun,Shoot,Missing,0
2023,DC,Gun,Threat,Foot,0
2023,OR,Knife,Threat,Not Fleeing,0
2023,VA,Gun,Point,Foot,0
2023,MO,Gun,Threat,Missing,1
2023,NY,Gun,Point,Vehicle,1
2023,OK,Gun,Shoot,Foot,0
2023,CO,Gun,Point,Missing,0
2023,UT,Gun,Threat,Not Fleeing,1
2023,GA,Vehicle,Move,Vehicle,0
2023,TN,Gun,Shoot,Missing,0
2023,AL,Knife,Threat,Not Fleeing,0
2023,TX,Knife,Point,Vehicle,1
2023,NJ,Knife,Threat,Not Fleeing,0
2023,AZ,Gun,Shoot,Vehicle,0
2023,NV,Gun,Threat,Not Fleeing,0
2023,FL,Gun,Shoot,Missing,0
2023,LA,Gun,Point,Vehicle,1
2023,MD,Knife,Threat,Not Fleeing,0
2023,CA,Gun,Shoot,Vehicle,1
2023,MN,Gun,Shoot,Missing,1
2023,FL,Gun,Threat,Not Fleeing,0
2023,AZ,Gun,Threat,Missing,1
2023,DE,Vehicle,Move,Missing,0
2023,GA,Gun,Threat,Not Fleeing,0
2023,AZ,Knife,Threat,Not Fleeing,0
2023,TX,Gun,Shoot,Vehicle,0
2023,NC,Gun,Shoot,Vehicle,0
2023,AL,Gun,Threat,Foot,1
2023,TX,Gun,Point,Vehicle,0
2023,FL,Blunt Object,Point,Vehicle,0
2023,NC,Gun,Shoot,Foot,0
2023,TX,Gun,Point,Vehicle,0
2023,IN,Gun,Shoot,Not Fleeing,1
2023,NJ,Gun,Shoot,Foot,0
2023,HI,Unarmed,Move,Vehicle,0
2023,WA,Gun,Threat,Missing,0
2023,TN,Gun,Shoot,Not Fleeing,0
2023,TX,Gun,Point,Vehicle,0
2023,CA,Blunt Object,Threat,Not Fleeing,1
2023,FL,Gun,Shoot,Foot,0
2023,CA,Unarmed,Flee,Vehicle,0
2023,AZ,Gun,Point,Foot,0
2023,AZ,Vehicle,Threat,Vehicle,1
2023,GA,Gun,Shoot,Not Fleeing,0
2023,GA,Gun,Point,Not Fleeing,0
2023,FL,Knife,Threat,Foot,0
2023,AZ,Gun,Threat,Not Fleeing,0
2023,CA,Knife,Threat,Not Fleeing,1
2023,CO,Gun,Threat,Foot,1
2023,DC,Vehicle,Move,Vehicle,1
2023,TN,Unclear Weapon Information,Unclear Threat,Vehicle,0
2023,CA,Knife,Threat,Foot,1
2023,MT,Gun,Shoot,Vehicle,0
2023,UT,Gun,Shoot,Not Fleeing,0
2023,VA,Gun,Shoot,Foot,0
2023,IN,Gun,Threat,Missing,0
2023,NY,Gun,Threat,Vehicle,1
2023,TX,Gun,Point,Not Fleeing,0
2023,OH,Vehicle,Move,Vehicle,0
2023,CO,Knife,Threat,Not Fleeing,1
2023,OR,Gun,Point,Foot,0
2023,MI,Gun,Threat,Not Fleeing,0
2023,CA,Knife,Threat,Not Fleeing,0
2023,CA,Gun,Shoot,Vehicle,0
2023,WA,Gun,Shoot,Foot,0
2023,TX,Unarmed,Unclear Threat,Missing,0
2023,TX,Gun,Shoot,Missing,0
2023,NC,Gun,Threat,Missing,0
2023,WA,Multiple Weapons,Threat,Foot,0
2023,TX,Unclear Weapon Information,Unclear Threat,Missing,0
2023,TN,Gun,Shoot,Missing,0
2023,OK,Gun,Shoot,Vehicle,0
2023,NC,Gun,Point,Vehicle,0
2023,MT,Gun,Point,Vehicle,0
2023,OK,Knife,Point,Foot,1
2023,CA,Gun,Shoot,Foot,0
2023,NC,Gun,Threat,Missing,0
2023,UT,Unarmed,Move,Foot,1
2023,TN,Gun,Shoot,Not Fleeing,1
2023,TX,Knife,Threat,Not Fleeing,1
2023,NC,Gun,Shoot,Missing,1
2023,CO,Gun,Shoot,Not Fleeing,1
2023,AZ,Gun,Threat,Not Fleeing,0
2023,TX,Gun,Shoot,Not Fleeing,1
2023,TX,Gun,Threat,Vehicle,0
2023,AZ,Knife,Threat,Not Fleeing,0
2023,GA,Gun,Shoot,Missing,0
2023,NC,Gun,Shoot,Missing,0
2023,PA,Gun,Threat,Vehicle,1
2023,KY,Gun,Threat,Vehicle,0
2023,ID,Vehicle,Move,Vehicle,0
2023,CA,Gun,Shoot,Vehicle,0
2023,VA,Gun,Shoot,Not Fleeing,0
2023,CO,Gun,Point,Foot,1
2023,MO,Gun,Shoot,Missing,0
2023,CO,Knife,Threat,Missing,0
2023,AZ,Gun,Shoot,Not Fleeing,1
2023,MI,Gun,Point,Not Fleeing,0
2023,PA,Vehicle,Move,Vehicle,0
2023,TX,Gun,Point,Missing,0
2023,NM,Blunt Object,Attack,Vehicle,0
2023,TX,Knife,Threat,Foot,0
2023,TN,Gun,Threat,Vehicle,0
2023,TN,Gun,Threat,Vehicle,0
2023,MT,Gun,Threat,Vehicle,0
2023,AL,Gun,Point,Vehicle,0
2023,CA,Unarmed,Attack,Missing,0
2023,TX,Gun,Threat,Foot,1
2023,NM,Gun,Threat,Not Fleeing,1
2023,TN,Unclear Weapon Information,Unclear Threat,Missing,0
2023,OR,Replica,Threat,Not Fleeing,0
2023,MO,Gun,Threat,Missing,0
2023,FL,Gun,Point,Not Fleeing,1
2023,CA,Knife,Threat,Not Fleeing,1
2023,FL,Gun,Point,Missing,0
2023,WI,Gun,Shoot,Missing,1
2023,IL,Gun,Shoot,Not Fleeing,1
2023,AL,Gun,Shoot,Vehicle,0
2023,FL,Gun,Shoot,Not Fleeing,1
2023,MS,Unclear Weapon Information,Threat,Missing,0
2023,OR,Gun,Shoot,Foot,0
2023,AZ,Knife,Threat,Not Fleeing,0
2023,ID,Knife,Attack,Not Fleeing,0
2023,KY,Gun,Shoot,Missing,1
2023,NC,Gun,Threat,Foot,0
2023,TX,Unarmed,Attack,Vehicle,1
2023,ID,Unclear Weapon Information,Flee,Vehicle,0
2023,IN,Gun,Shoot,Not Fleeing,0
2023,FL,Gun,Shoot,Vehicle,0
2023,FL,Knife,Attack,Foot,1
2023,CA,Replica,Threat,Missing,1
2023,GA,Knife,Threat,Not Fleeing,0
2023,NY,Gun,Point,Not Fleeing,1
2023,AZ,Unclear Weapon Information,Unclear Threat,Missing,0
2023,CA,Gun,Point,Foot,0
2023,VA,Gun,Shoot,Not Fleeing,0
2023,OH,Gun,Point,Foot,1
2023,CO,Gun,Shoot,Not Fleeing,0
2023,IL,Gun,Threat,Foot,1
2023,MN,Gun,Shoot,Missing,1
2023,WV,Replica,Threat,Foot,0
2023,NM,Knife,Threat,Not Fleeing,1
2023,AZ,Gun,Shoot,Not Fleeing,1
2023,CA,Knife,Threat,Foot,1
2023,KY,Unclear Weapon Information,Unclear Threat,Missing,0
2023,LA,Gun,Shoot,Foot,0
2023,WA,Other,Threat,Not Fleeing,0
2023,AL,Unclear Weapon Information,Threat,Missing,0
2023,FL,Gun,Shoot,Vehicle,0
2023,TN,Gun,Threat,Missing,0
2023,MO,Gun,Threat,Not Fleeing,0
2023,IN,Gun,Shoot,Vehicle,1
2023,TX,Knife,Threat,Missing,0
2023,MO,Unclear Weapon Information,Unclear Threat,Missing,0
2023,IL,Gun,Threat,Missing,1
2023,WI,Gun,Threat,Missing,1
2023,OK,Gun,Threat,Missing,0
2023,LA,Gun,Point,Missing,0
2023,TX,Gun,Point,Not Fleeing,1
2023,UT,Gun,Shoot,Missing,0
2023,AR,Vehicle,Attack,Vehicle,0
2023,LA,Unclear Weapon Information,Unclear Threat,Missing,0
2023,LA,Unclear Weapon Information,Attack,Not Fleeing,0
2023,GA,Knife,Move,Not Fleeing,0
2023,MO,Gun,Threat,Foot,1
2023,NJ,Knife,Threat,Missing,0
2023,OR,Gun,Shoot,Vehicle,0
2023,NC,Unarmed,Attack,Missing,0
2023,MT,Knife,Move,Not Fleeing,0
2023,KS,Unclear Weapon Information,Unclear Threat,Missing,0
2023,TX,Gun,Shoot,Not Fleeing,0
2023,CA,Gun,Threat,Not Fleeing,0
2023,CA,Gun,Shoot,Vehicle,1
2023,MN,Gun,Threat,Not Fleeing,0
2023,GA,Gun,Shoot,Foot,0
2023,TX,Gun,Threat,Not Fleeing,0
2023,UT,Gun,Shoot,Not Fleeing,1
2023,TX,Gun,Shoot,Foot,1
2023,MO,Gun,Shoot,Not Fleeing,0
2023,CA,Knife,Threat,Not Fleeing,1
2023,CO,Unclear Weapon Information,Unclear Threat,Missing,0
2023,WY,Gun,Shoot,Not Fleeing,0
2023,CA,Gun,Shoot,Vehicle,0
2023,OR,Gun,Shoot,Vehicle,0
2023,CA,Unarmed,Flee,Foot,0
2023,CO,Gun,Shoot,Missing,0
2023,HI,Knife,Threat,Not Fleeing,1
2023,SC,Gun,Shoot,Vehicle,0
2023,AL,Gun,Shoot,Not Fleeing,0
2023,CO,Knife,Attack,Missing,0
2023,NE,Gun,Shoot,Not Fleeing,0
2023,TX,Gun,Shoot,Not Fleeing,1
2023,AR,Unclear Weapon Information,Unclear Threat,Missing,0
2023,FL,Gun,Threat,Not Fleeing,0
2023,MS,Gun,Shoot,Not Fleeing,0
2023,WA,Gun,Threat,Not Fleeing,0
2023,TX,Unarmed,Move,Missing,1
2023,NJ,Gun,Threat,Foot,1
2023,CO,Unarmed,Unclear Threat,Missing,1
2023,GA,Vehicle,Attack,Vehicle,0
2023,PA,Gun,Threat,Missing,0
2023,PA,Gun,Point,Foot,1
2023,CA,Gun,Threat,Vehicle,0
2023,TX,Knife,Point,Not Fleeing,0
2023,TX,Unclear Weapon Information,Point,Missing,0
2023,MI,Gun,Point,Missing,0
2023,TX,Gun,Shoot,Missing,0
2023,SC,Gun,Shoot,Missing,1
2023,FL,Knife,Threat,Not Fleeing,0
2023,TX,Gun,Point,Vehicle,0
2023,FL,Gun,Point,Not Fleeing,0
2023,TX,Gun,Point,Vehicle,0
2023,NC,Knife,Threat,Not Fleeing,0
2023,MI,Gun,Threat,Vehicle,0
2023,CA,Knife,Threat,Missing,0
2023,OK,Unclear Weapon Information,Unclear Threat,Missing,0
2023,NC,Gun,Threat,Not Fleeing,1
2023,AZ,Gun,Point,Not Fleeing,0
2023,IL,Gun,Shoot,Not Fleeing,0
2023,AZ,Unclear Weapon Information,Attack,Foot,1
2023,TX,Gun,Shoot,Missing,0
2023,VA,Multiple Weapons,Attack,Vehicle,1
2023,LA,Gun,Shoot,Vehicle,0
2023,FL,Gun,Point,Missing,0
2023,TN,Gun,Shoot,Missing,0
2023,TX,Gun,Point,Missing,0
2023,OK,Gun,Shoot,Vehicle,0
2023,NM,Gun,Threat,Not Fleeing,0
2023,TX,Knife,Threat,Not Fleeing,1
2023,TX,Gun,Point,Not Fleeing,1
2023,GA,Gun,Point,Missing,0
2023,FL,Gun,Threat,Not Fleeing,0
2023,NM,Gun,Shoot,Foot,1
2023,ID,Multiple Weapons,Threat,Not Fleeing,0
2023,MS,Gun,Point,Missing,0
2023,NV,Knife,Point,Not Fleeing,0
2023,CA,Knife,Point,Not Fleeing,0
2023,AK,Gun,Point,Missing,0
2023,WI,Gun,Shoot,Not Fleeing,0
2023,OK,Gun,Point,Missing,0
2023,MS,Unarmed,Attack,Vehicle,0
2023,LA,Knife,Threat,Not Fleeing,0
2023,AZ,Unarmed,Move,Not Fleeing,1
2023,FL,Gun,Point,Missing,0
2023,AZ,Gun,Threat,Missing,0
2023,NV,Unclear Weapon Information,Unclear Threat,Missing,0
2023,MO,Gun,Shoot,Missing,0
2023,AR,Gun,Shoot,Missing,0
2023,TX,Knife,Threat,Not Fleeing,0
2023,CA,Gun,Threat,Not Fleeing,1
2023,WA,Gun,Shoot,Foot,0
2023,NM,Knife,Attack,Not Fleeing,0
2023,CO,Unarmed,Attack,Missing,0
2023,CO,Gun,Shoot,Foot,1
2023,WI,Gun,Shoot,Foot,1
2023,FL,Gun,Point,Not Fleeing,0
2023,OH,Gun,Point,Vehicle,0
2023,MS,Gun,Threat,Not Fleeing,1
2023,TN,Unclear Weapon Information,Flee,Vehicle,0
2023,TX,Vehicle,Move,Not Fleeing,0
2023,NY,Gun,Shoot,Not Fleeing,0
2023,GA,Gun,Shoot,Not Fleeing,0
2023,RI,Gun,Threat,Vehicle,1
2023,IL,Gun,Shoot,Vehicle,0
2023,OK,Gun,Threat,Vehicle,0
2023,IL,Blunt Object,Threat,Missing,1
2023,NC,Blunt Object,Threat,Vehicle,0
2023,TX,Gun,Threat,Vehicle,0
2023,FL,Gun,Shoot,Missing,1
2023,CO,Gun,Point,Missing,0
2023,NH,Gun,Threat,Missing,1
2023,CA,Knife,Point,Not Fleeing,1
2023,GA,Gun,Point,Not Fleeing,0
2023,TX,Gun,Point,Not Fleeing,1
2023,MO,Unarmed,Attack,Vehicle,0
2023,IL,Knife,Threat,Not Fleeing,0
2023,LA,Gun,Threat,Missing,1
2023,SC,Knife,Threat,Not Fleeing,0
2023,FL,Gun,Threat,Missing,0
2023,SD,Gun,Point,Foot,1
2023,WA,Gun,Shoot,Foot,0
2023,NV,Knife,Threat,Foot,1
2023,AL,Gun,Threat,Not Fleeing,0
2023,PA,Gun,Threat,Not Fleeing,0
2023,CA,Gun,Shoot,Not Fleeing,0
2023,IL,Gun,Threat,Not Fleeing,0
2023,VA,Knife,Threat,Not Fleeing,1
2023,MS,Gun,Shoot,Not Fleeing,0
2023,CO,Replica,Flee,Foot,1
2023,NC,Gun,Shoot,Foot,0
2023,TN,Gun,Shoot,Foot,1
2023,IL,Knife,Threat,Not Fleeing,1
2023,FL,Gun,Shoot,Not Fleeing,0
2023,KS,Knife,Threat,Not Fleeing,1
2023,WI,Replica,Threat,Not Fleeing,1
2023,MS,Gun,Point,Not Fleeing,0
2023,TX,Unclear Weapon Information,Attack,Not Fleeing,0
2023,MD,Gun,Point,Not Fleeing,1
2023,CA,Replica,Point,Not Fleeing,1
2023,WA,Gun,Threat,Vehicle,0
2023,PA,Vehicle,Move,Missing,0
2023,WA,Gun,Shoot,Not Fleeing,1
2023,VA,Knife,Point,Not Fleeing,1
2023,CA,Gun,Point,Not Fleeing,1
2023,KY,Unclear Weapon Information,Unclear Threat,Missing,0
2023,LA,Unarmed,Move,Vehicle,1
2023,UT,Gun,Shoot,Missing,1
2023,CO,Gun,Shoot,Not Fleeing,0
2023,CA,Gun,Shoot,Foot,0
2023,IL,Unclear Weapon Information,Unclear Threat,Foot,1
2023,OH,Gun,Shoot,Not Fleeing,1
2023,CO,Gun,Point,Not Fleeing,0
2023,AL,Gun,Shoot,Vehicle,0
2023,MO,Unclear Weapon Information,Unclear Threat,Missing,0
2023,MO,Unclear Weapon Information,Unclear Threat,Missing,0
2023,MI,Gun,Point,Not Fleeing,0
2023,GA,Gun,Threat,Missing,0
2023,AK,Gun,Shoot,Not Fleeing,0
2023,FL,Gun,Threat,Not Fleeing,1
2023,NC,Gun,Threat,Not Fleeing,0
2023,SC,Gun,Shoot,Missing,0
2023,TN,Gun,Shoot,Foot,0
2023,CO,Gun,Shoot,Not Fleeing,1
2023,FL,Gun,Point,Not Fleeing,0
2023,UT,Gun,Shoot,Vehicle,1
2023,NC,Knife,Threat,Not Fleeing,0
2023,MO,Gun,Shoot,Missing,0
2023,IN,Gun,Point,Not Fleeing,1
2023,CA,Blunt Object,Threat,Not Fleeing,1
2023,AZ,Unclear Weapon Information,Attack,Not Fleeing,0
2023,WI,Vehicle,Attack,Vehicle,1
2023,TX,Gun,Shoot,Foot,0
2023,PA,Gun,Shoot,Vehicle,0
2023,FL,Unclear Weapon Information,Unclear Threat,Missing,0
2023,LA,Gun,Shoot,Missing,0
2023,SC,Gun,Shoot,Missing,0
2023,SC,Gun,Shoot,Not Fleeing,0
2023,VT,Vehicle,Attack,Vehicle,0
2023,KY,Gun,Threat,Not Fleeing,1
2023,CA,Gun,Threat,Missing,1
2023,CO,Gun,Shoot,Not Fleeing,1
2023,TX,Gun,Shoot,Not Fleeing,0
2023,AL,Knife,Threat,Missing,0
2023,IA,Replica,Point,Not Fleeing,1
2023,FL,Unclear Weapon Information,Move,Vehicle,0
2023,SC,Gun,Shoot,Not Fleeing,0
2023,CA,Knife,Threat,Not Fleeing,1
2023,NC,Gun,Threat,Not Fleeing,0
2023,CA,Gun,Shoot,Not Fleeing,0
2023,TX,Gun,Point,Not Fleeing,0
2023,TX,Blunt Object,Threat,Foot,1
2023,HI,Gun,Threat,Missing,0
2023,NV,Gun,Threat,Vehicle,1
2023,WV,Gun,Point,Not Fleeing,0
2023,NV,Gun,Point,Foot,1
2023,ID,Gun,Threat,Foot,1
2023,NM,Gun,Shoot,Not Fleeing,0
2023,TN,Unarmed,Attack,Vehicle,1
2023,WA,Gun,Shoot,Missing,1
2023,AZ,Multiple Weapons,Threat,Vehicle,0
2023,FL,Unarmed,Attack,Missing,0
2023,VA,Gun,Shoot,Missing,0
2023,CA,Gun,Threat,Not Fleeing,1
2023,CA,Gun,Shoot,Not Fleeing,1
2023,AK,Gun,Point,Not Fleeing,0
2023,AZ,Gun,Shoot,Foot,1
2023,AZ,Replica,Threat,Foot,1
2023,FL,Gun,Shoot,Vehicle,1
2023,MD,Gun,Shoot,Vehicle,1
2023,FL,Gun,Shoot,Vehicle,0
2023,FL,Knife,Attack,Not Fleeing,0
2023,AL,Unclear Weapon Information,Unclear Threat,Vehicle,0
2023,NM,Knife,Threat,Not Fleeing,0
2023,CA,Other,Threat,Not Fleeing,0
2023,VA,Unarmed,Move,Not Fleeing,0
2023,MS,Unclear Weapon Information,Unclear Threat,Missing,0
2023,NC,Replica,Point,Not Fleeing,0
2023,NC,Knife,Point,Foot,0
2023,TN,Gun,Shoot,Missing,0
2023,AZ,Other,Attack,Missing,0
2023,WV,Gun,Threat,Not Fleeing,0
2023,NM,Gun,Shoot,Foot,0
2023,PA,Knife,Threat,Not Fleeing,1
2023,GA,Gun,Shoot,Vehicle,0
2023,PA,Vehicle,Move,Vehicle,0
2023,AK,Gun,Threat,Not Fleeing,0
2023,FL,Unarmed,Move,Not Fleeing,0
2023,IN,Gun,Shoot,Missing,0
2023,IL,Unclear Weapon Information,Unclear Threat,Vehicle,0
2023,OK,Gun,Point,Vehicle,0
2023,NC,Gun,Shoot,Not Fleeing,0
2023,CA,Unarmed,Attack,Vehicle,0
2023,WV,Unarmed,Move,Not Fleeing,1
2023,NY,Unarmed,Attack,Foot,1
2023,TN,Knife,Attack,Missing,0
2023,CA,Gun,Threat,Foot,0
2023,MI,Gun,Point,Not Fleeing,0
2023,TX,Gun,Threat,Missing,1
2023,OK,Unclear Weapon Information,Unclear Threat,Missing,0
2023,TX,Gun,Point,Missing,1
2023,OH,Gun,Shoot,Vehicle,0
2023,KY,Gun,Shoot,Missing,0
2023,AZ,Gun,Shoot,Foot,0
2023,AZ,Gun,Shoot,Not Fleeing,0
2023,UT,Gun,Threat,Missing,1
2023,SC,Gun,Point,Not Fleeing,0
2023,IA,Unclear Weapon Information,Unclear Threat,Vehicle,0
2023,NJ,Unclear Weapon Information,Unclear Threat,Missing,0
2023,VA,Knife,Threat,Not Fleeing,0
2023,OH,Gun,Shoot,Foot,1
2023,GA,Gun,Shoot,Not Fleeing,0
2023,KY,Unclear Weapon Information,Attack,Not Fleeing,1
2023,TX,Unarmed,Accident,Not Fleeing,0
2023,TX,Gun,Point,Not Fleeing,0
2023,CO,Gun,Point,Missing,0
2023,NM,Unclear Weapon Information,Unclear Threat,Missing,0
2023,CA,Blunt Object,Threat,Not Fleeing,0
2023,TX,Gun,Threat,Not Fleeing,0
2023,MI,Gun,Threat,Not Fleeing,0
2023,OH,Gun,Threat,Not Fleeing,0
2023,KY,Unclear Weapon Information,Unclear Threat,Missing,0
2023,TX,Gun,Point,Not Fleeing,0
2023,TX,Gun,Shoot,Not Fleeing,0
2023,AL,Gun,Shoot,Foot,0
2023,AZ,Gun,Threat,Not Fleeing,0
2023,MS,Unclear Weapon Information,Point,Not Fleeing,0
2023,ND,Gun,Shoot,Not Fleeing,1
2023,FL,Knife,Point,Not Fleeing,1
2023,CO,Gun,Threat,Not Fleeing,1
2023,AL,Unclear Weapon Information,Threat,Not Fleeing,0
2023,GA,Gun,Shoot,Foot,0
2023,NM,Gun,Shoot,Vehicle,1
2023,TX,Gun,Threat,Foot,1
2023,MS,Gun,Shoot,Not Fleeing,0
2023,GA,Gun,Threat,Not Fleeing,0
2023,AZ,Gun,Threat,Missing,1
2023,WV,Unclear Weapon Information,Threat,Foot,0
2023,MI,Gun,Threat,Not Fleeing,0
2023,LA,Gun,Shoot,Foot,1
2023,IL,Gun,Point,Not Fleeing,0
2023,CO,Gun,Shoot,Not Fleeing,0
2023,NM,Gun,Threat,Not Fleeing,0
2023,VA,Unclear Weapon Information,Move,Not Fleeing,0
2023,IN,Unclear Weapon Information,Flee,Vehicle,0
2023,CA,Knife,Point,Not Fleeing,0
2023,TX,Knife,Threat,Not Fleeing,1
2023,NM,Gun,Shoot,Not Fleeing,1
2023,AZ,Unclear Weapon Information,Flee,Foot,0
2023,LA,Gun,Point,Not Fleeing,1
2023,VA,Knife,Point,Not Fleeing,1
2023,TN,Gun,Shoot,Not Fleeing,1
2023,MD,Knife,Threat,Foot,1
2023,OR,Unclear Weapon Information,Flee,Vehicle,0
2023,ME,Gun,Point,Foot,0
2023,PA,Gun,Shoot,Foot,0
2023,OK,Knife,Threat,Missing,0
2023,TN,Gun,Point,Not Fleeing,1
2023,IN,Gun,Point,Missing,0
2023,CA,Knife,Threat,Not Fleeing,0
2023,CO,Gun,Threat,Not Fleeing,1
2023,CA,Gun,Point,Not Fleeing,0
2023,ID,Gun,Shoot,Not Fleeing,0
2023,FL,Knife,Threat,Not Fleeing,0
2023,TX,Gun,Threat,Not Fleeing,0
2023,TX,Gun,Point,Vehicle,1
2023,NJ,Unclear Weapon Information,Unclear Threat,Not Fleeing,1
2023,FL,Gun,Shoot,Missing,0
2023,MI,Blunt Object,Threat,Vehicle,0
2023,TX,Gun,Shoot,Vehicle,0
2023,MN,Vehicle,Move,Vehicle,1
2023,GA,Other,Threat,Not Fleeing,0
2023,KY,Gun,Threat,Foot,0
2023,GA,Gun,Threat,Vehicle,1
2023,OH,Gun,Shoot,Vehicle,1
2023,OH,Gun,Shoot,Vehicle,1
2023,WI,Unclear Weapon Information,Threat,Missing,0
2023,CA,Gun,Shoot,Vehicle,0
2023,AL,Gun,Threat,Missing,0
2023,NY,Gun,Shoot,Not Fleeing,1
2023,KY,Gun,Shoot,Missing,1
2023,ID,Knife,Threat,Not Fleeing,1
2023,IN,Gun,Threat,Foot,1
2023,AZ,Gun,Threat,Foot,1
2023,NY,Knife,Threat,Not Fleeing,1
2023,MO,Gun,Shoot,Missing,1
2023,TX,Gun,Threat,Foot,1
2023,PA,Unclear Weapon Information,Flee,Foot,0
2023,FL,Gun,Shoot,Vehicle,0
2023,OH,Blunt Object,Threat,Not Fleeing,1
2023,CO,Unarmed,Move,Not Fleeing,1
2023,OH,Unarmed,Move,Missing,0
2023,MI,Unclear Weapon Information,Unclear Threat,Vehicle,0
2023,KS,Unclear Weapon Information,Unclear Threat,Vehicle,0
2023,NY,Gun,Shoot,Vehicle,1
2023,AZ,Knife,Threat,Not Fleeing,1
2023,CA,Gun,Point,Foot,1
2023,PA,Gun,Point,Not Fleeing,1
2023,FL,Blunt Object,Threat,Not Fleeing,1
2023,MO,Vehicle,Move,Missing,0
2023,CA,Unclear Weapon Information,Unclear Threat,Missing,0
2023,TX,Gun,Point,Missing,0
2023,CT,Unarmed,Flee,Vehicle,1
2023,WA,Gun,Shoot,Missing,0
2023,KS,Gun,Shoot,Not Fleeing,0
2023,GA,Gun,Shoot,Vehicle,0
2023,NM,Unclear Weapon Information,Unclear Threat,Missing,0
2023,CA,Knife,Threat,Missing,0
2023,MI,Gun,Shoot,Not Fleeing,0
2023,UT,Unclear Weapon Information,Unclear Threat,Not Fleeing,0
2023,OH,Gun,Shoot,Missing,1
2023,AR,Gun,Point,Missing,0
2023,MI,Gun,Shoot,Missing,0
2023,TX,Vehicle,Move,Foot,0
2023,NY,Gun,Shoot,Missing,0
2023,TN,Gun,Threat,Missing,0
2023,MO,Gun,Shoot,Vehicle,0
2023,CA,Gun,Point,Not Fleeing,0
2023,IL,Gun,Threat,Foot,0
2023,TN,Gun,Shoot,Missing,1
2023,TN,Gun,Threat,Missing,0
2023,TX,Gun,Move,Vehicle,1
2023,FL,Gun,Shoot,Vehicle,1
2023,IA,Gun,Shoot,Not Fleeing,0
2023,MI,Gun,Shoot,Not Fleeing,0
2023,MI,Knife,Threat,Not Fleeing,1
2023,NC,Gun,Threat,Foot,0
2023,CA,Replica,Point,Not Fleeing,0
2023,CA,Gun,Point,Foot,1
2023,NC,Gun,Point,Not Fleeing,0
2023,PA,Unclear Weapon Information,Unclear Threat,Not Fleeing,1
2023,MI,Gun,Shoot,Vehicle,0
2023,AZ,Gun,Shoot,Not Fleeing,1
2023,CA,Unclear Weapon Information,Move,Not Fleeing,0
2023,WI,Knife,Threat,Not Fleeing,0
2023,IN,Gun,Shoot,Not Fleeing,1
2023,CA,Gun,Point,Missing,0
2023,CA,Knife,Threat,Not Fleeing,1
2023,TN,Unclear Weapon Information,Unclear Threat,Missing,0
2023,TN,Unclear Weapon Information,Unclear Threat,Missing,0
2023,TN,Unclear Weapon Information,Unclear Threat,Missing,0
2023,ID,Knife,Threat,Foot,0
2023,CA,Knife,Threat,Not Fleeing,0
2023,CO,Gun,Point,Foot,1
2023,CA,Gun,Shoot,Not Fleeing,0
2023,MI,Vehicle,Attack,Vehicle,1
2023,CA,Unarmed,Accident,Vehicle,1
2023,NC,Gun,Shoot,Vehicle,0
2023,MI,Gun,Point,Not Fleeing,0
2023,NC,Knife,Attack,Not Fleeing,1
2023,NC,Gun,Threat,Not Fleeing,0
2023,FL,Gun,Shoot,Vehicle,0
2023,CO,Gun,Threat,Foot,1
2023,CA,Gun,Shoot,Not Fleeing,0
2023,NC,Gun,Point,Not Fleeing,0
2023,OH,Gun,Threat,Foot,1
2023,OH,Gun,Shoot,Not Fleeing,0
2023,PA,Gun,Point,Not Fleeing,0
2023,PA,Gun,Shoot,Not Fleeing,1
2023,OH,Vehicle,Move,Vehicle,1
2023,CA,Gun,Shoot,Not Fleeing,1
2023,UT,Gun,Threat,Not Fleeing,0
2023,NC,Unclear Weapon Information,Unclear Threat,Missing,0
2023,GA,Gun,Point,Vehicle,1
2023,AR,Unclear Weapon Information,Unclear Threat,Not Fleeing,0
2023,NV,Knife,Attack,Not Fleeing,1
2023,FL,Gun,Point,Not Fleeing,1
2023,NV,Vehicle,Attack,Not Fleeing,0
2023,MO,Vehicle,Flee,Vehicle,0
2023,OH,Vehicle,Attack,Not Fleeing,1
2023,ME,Unclear Weapon Information,Unclear Threat,Not Fleeing,0
2023,IN,Gun,Point,Not Fleeing,0
2023,TX,Knife,Attack,Not Fleeing,0
2023,NJ,Knife,Threat,Missing,1
2023,IN,Knife,Threat,Not Fleeing,1
2023,CA,Knife,Threat,Foot,1
2023,FL,Gun,Shoot,Foot,0
2023,KY,Unclear Weapon Information,Unclear Threat,Not Fleeing,0
2023,TX,Gun,Shoot,Vehicle,0
2023,CA,Gun,Shoot,Not Fleeing,0
2023,IN,Gun,Point,Not Fleeing,0
2023,TX,Gun,Shoot,Vehicle,1
2023,VA,Gun,Shoot,Not Fleeing,0
2023,MS,Gun,Point,Not Fleeing,0
2023,TX,Unclear Weapon Information,Flee,Foot,1
2023,LA,Gun,Shoot,Not Fleeing,0
2023,DE,Vehicle,Move,Vehicle,1
2023,CA,Blunt Object,Attack,Foot,0
2023,AZ,Knife,Threat,Not Fleeing,0
2023,NC,Gun,Shoot,Vehicle,0
2023,TX,Gun,Shoot,Vehicle,0
2023,TN,Gun,Point,Not Fleeing,1
2023,GA,Gun,Threat,Missing,0
2023,WA,Gun,Shoot,Vehicle,0
2023,OH,Knife,Threat,Not Fleeing,1
2023,MS,Gun,Threat,Not Fleeing,0
2023,NV,Knife,Threat,Missing,1
2023,TX,Gun,Point,Missing,0
2023,FL,Gun,Point,Foot,0
2023,CA,Knife,Point,Not Fleeing,1
2023,OK,Gun,Shoot,Not Fleeing,0
2023,TX,Gun,Shoot,Not Fleeing,0
2023,PA,Vehicle,Attack,Vehicle,0
2023,NY,Unclear Weapon Information,Unclear Threat,Vehicle,0
2023,NY,Unclear Weapon Information,Unclear Threat,Vehicle,0
2023,SC,Gun,Shoot,Vehicle,0
2023,CA,Replica,Point,Not Fleeing,1
2023,CA,Gun,Shoot,Vehicle,0
2023,ID,Gun,Shoot,Missing,0
2023,OR,Gun,Point,Not Fleeing,1
2023,LA,Gun,Shoot,Not Fleeing,0
2023,MS,Gun,Threat,Vehicle,0
2023,ID,Knife,Threat,Not Fleeing,0
2023,GA,Gun,Threat,Not Fleeing,0
2023,OR,Multiple Weapons,Attack,Not Fleeing,1
2023,FL,Gun,Shoot,Not Fleeing,0
2023,WV,Unclear Weapon Information,Unclear Threat,Missing,0
2023,SC,Gun,Shoot,Vehicle,0
2023,AZ,Gun,Point,Vehicle,0
2023,CA,Knife,Threat,Not Fleeing,1
2023,MA,Knife,Threat,Not Fleeing,1
2023,NY,Knife,Threat,Not Fleeing,1
2023,NE,Gun,Point,Not Fleeing,1
2023,NC,Unarmed,Attack,Not Fleeing,1
2023,AZ,Gun,Point,Not Fleeing,0
2023,WV,Gun,Point,Not Fleeing,0
2023,TX,Knife,Unclear Threat,Not Fleeing,0
2023,GA,Gun,Shoot,Vehicle,0
2023,TX,Knife,Threat,Not Fleeing,1
2023,CA,Replica,Threat,Missing,1
2023,CA,Gun,Shoot,Not Fleeing,1
2023,FL,Knife,Attack,Not Fleeing,0
2023,GA,Gun,Shoot,Not Fleeing,0
2023,ME,Gun,Threat,Not Fleeing,0
2023,CA,Knife,Attack,Not Fleeing,1
2023,AL,Unclear Weapon Information,Unclear Threat,Missing,1
2023,NC,Knife,Threat,Not Fleeing,0
2023,OR,Unclear Weapon Information,Attack,Vehicle,0
2023,SC,Gun,Shoot,Missing,0
2023,RI,Vehicle,Move,Vehicle,1
2023,TX,Knife,Threat,Foot,0
2023,TX,Gun,Threat,Vehicle,0
2023,NY,Blunt Object,Attack,Missing,0
2023,CA,Unarmed,Attack,Vehicle,0
2023,TX,Gun,Shoot,Not Fleeing,0
2023,IN,Gun,Threat,Vehicle,1
2023,SC,Gun,Shoot,Vehicle,0
2023,OK,Vehicle,Move,Missing,0
2023,TX,Gun,Shoot,Foot,0
2023,CA,Replica,Point,Not Fleeing,0
2023,MO,Gun,Shoot,Not Fleeing,1
2023,CA,Gun,Point,Not Fleeing,1
2023,OK,Gun,Shoot,Not Fleeing,0
2023,CA,Knife,Attack,Not Fleeing,0
2023,CA,Unclear Weapon Information,Unclear Threat,Not Fleeing,0
2023,IN,Gun,Shoot,Vehicle,1
2023,GA,Gun,Shoot,Not Fleeing,0
2023,TX,Gun,Threat,Not Fleeing,0
2023,HI,Gun,Shoot,Foot,1
2023,WV,Gun,Shoot,Not Fleeing,0
2023,TX,Gun,Shoot,Vehicle,1
2023,AZ,Gun,Shoot,Not Fleeing,0
2023,FL,Gun,Shoot,Not Fleeing,1
2023,TX,Gun,Point,Not Fleeing,1
2023,FL,Unclear Weapon Information,Unclear Threat,Vehicle,0
2023,TX,Gun,Threat,Foot,0
2023,IN,Gun,Threat,Not Fleeing,1
2023,AR,Gun,Shoot,Vehicle,0
2023,SC,Gun,Threat,Missing,0
2023,IN,Unclear Weapon Information,Unclear Threat,Vehicle,1
2023,WI,Knife,Threat,Not Fleeing,0
2023,OK,Vehicle,Point,Vehicle,0
2023,TX,Gun,Point,Missing,1
2023,AL,Gun,Threat,Missing,1
2023,AZ,Knife,Threat,Not Fleeing,0
2023,FL,Gun,Point,Not Fleeing,0
2023,TN,Knife,Attack,Not Fleeing,0
2023,IL,Knife,Attack,Not Fleeing,1
2023,IL,Gun,Threat,Not Fleeing,1
2023,FL,Gun,Point,Not Fleeing,0
2023,OR,Unclear Weapon Information,Unclear Threat,Vehicle,0
2023,TN,Gun,Shoot,Missing,0
2023,GA,Gun,Threat,Not Fleeing,0
2023,GA,Gun,Point,Foot,0
2023,CO,Gun,Threat,Not Fleeing,1
2023,NC,Knife,Threat,Not Fleeing,0
2023,PA,Gun,Shoot,Missing,0
2023,AL,Gun,Point,Not Fleeing,0
2023,GA,Unclear Weapon Information,Move,Missing,0
2023,OH,Gun,Point,Not Fleeing,0
2023,NM,Unarmed,Flee,Vehicle,1
2023,FL,Gun,Point,Foot,1
2023,CA,Knife,Threat,Foot,0
2023,UT,Gun,Threat,Not Fleeing,0
2023,PA,Gun,Shoot,Not Fleeing,1
2023,NC,Gun,Point,Foot,1
2023,MT,Gun,Shoot,Not Fleeing,0
2023,MI,Knife,Threat,Missing,0
2023,FL,Knife,Threat,Vehicle,0
2023,MT,Gun,Threat,Missing,0
2023,NM,Gun,Threat,Not Fleeing,1
2023,KY,Gun,Shoot,Vehicle,0
2023,WI,Knife,Threat,Not Fleeing,1
2023,TX,Gun,Threat,Not Fleeing,0
2023,CA,Gun,Threat,Not Fleeing,0
2023,WI,Knife,Point,Missing,0
2023,PA,Gun,Point,Not Fleeing,0
2023,GA,Gun,Shoot,Not Fleeing,0
2023,NV,Gun,Point,Not Fleeing,0
2023,TN,Knife,Threat,Not Fleeing,1
2023,CA,Knife,Attack,Not Fleeing,1
2023,TX,Gun,Shoot,Not Fleeing,1
2023,NY,Knife,Threat,Not Fleeing,1
2023,FL,Gun,Point,Foot,1
2023,GA,Gun,Threat,Vehicle,0
2023,FL,Vehicle,Attack,Vehicle,0
2023,PA,Unarmed,Accident,Vehicle,0
2023,UT,Gun,Point,Not Fleeing,0
2023,FL,Unclear Weapon Information,Unclear Threat,Foot,0
2023,OH,Unclear Weapon Information,Unclear Threat,Missing,0
2023,TX,Gun,Shoot,Not Fleeing,0
2023,GA,Unclear Weapon Information,Unclear Threat,Vehicle,1
2023,GA,Gun,Shoot,Foot,0
2023,WI,Gun,Shoot,Not Fleeing,1
2023,MO,Gun,Point,Not Fleeing,0
2023,TX,Knife,Unclear Threat,Not Fleeing,0
2023,CA,Gun,Shoot,Vehicle,0
2023,GA,Unarmed,Attack,Missing,0
2023,IN,Gun,Shoot,Not Fleeing,0
2023,CT,Gun,Shoot,Not Fleeing,1
2023,WV,Gun,Point,Missing,0
2023,CT,Gun,Threat,Not Fleeing,1
2023,TX,Gun,Point,Missing,0
2023,CO,Gun,Shoot,Foot,1
2023,TX,Gun,Point,Foot,1
2023,IL,Knife,Attack,Not Fleeing,0
2023,WI,Gun,Threat,Foot,1
2023,IL,Knife,Attack,Not Fleeing,0
2023,DC,Gun,Shoot,Foot,1
2023,TX,Knife,Threat,Missing,1
2023,CT,Knife,Attack,Not Fleeing,1
2023,GA,Gun,Point,Missing,0
2023,FL,Knife,Threat,Missing,0
2023,OH,Gun,Shoot,Missing,0
2023,TX,Gun,Point,Not Fleeing,1
2023,WI,Gun,Shoot,Missing,1
2023,TX,Gun,Threat,Foot,1
2023,NE,Unclear Weapon Information,Threat,Vehicle,0
2023,IN,Gun,Shoot,Not Fleeing,1
2023,FL,Gun,Threat,Foot,1
2023,WA,Knife,Threat,Foot,0
2023,FL,Gun,Threat,Not Fleeing,0
2023,IN,Unclear Weapon Information,Unclear Threat,Vehicle,1
2023,IN,Replica,Threat,Not Fleeing,1
2023,IL,Blunt Object,Attack,Not Fleeing,0
2023,CA,Knife,Attack,Not Fleeing,0
2023,AZ,Gun,Shoot,Not Fleeing,0
2023,AZ,Knife,Threat,Not Fleeing,0
2023,NC,Gun,Point,Not Fleeing,0
2023,CA,Knife,Threat,Not Fleeing,0
2023,IN,Gun,Shoot,Foot,0
2023,NV,Knife,Move,Missing,0
2023,KY,Gun,Point,Not Fleeing,0
2023,CA,Gun,Shoot,Missing,0
2023,CA,Replica,Threat,Not Fleeing,0
2023,SC,Gun,Shoot,Not Fleeing,0
2023,AK,Gun,Threat,Missing,0
2023,IA,Gun,Shoot,Not Fleeing,0
2023,ME,Gun,Threat,Not Fleeing,0
2023,AL,Gun,Shoot,Not Fleeing,0
2023,UT,Knife,Threat,Vehicle,1
2023,CO,Knife,Threat,Not Fleeing,1
2023,CA,Replica,Threat,Not Fleeing,0
2023,CA,Multiple Weapons,Move,Foot,0
2023,IN,Knife,Attack,Missing,0
2023,ID,Unclear Weapon Information,Unclear Threat,Missing,0
2023,NY,Knife,Point,Foot,0
2023,TX,Gun,Shoot,Vehicle,0
2023,AK,Gun,Shoot,Vehicle,0
2023,WI,Unclear Weapon Information,Threat,Vehicle,1
2023,CA,Gun,Shoot,Foot,0
2023,FL,Gun,Shoot,Missing,0
2023,SC,Gun,Shoot,Vehicle,0
2023,FL,Gun,Threat,Vehicle,0
2023,OH,Gun,Shoot,Foot,0
2023,CA,Knife,Threat,Vehicle,0
2023,LA,Gun,Threat,Foot,0
2023,CA,Knife,Threat,Vehicle,0
2023,PA,Knife,Attack,Missing,0
2023,UT,Replica,Point,Not Fleeing,1
2023,FL,Gun,Shoot,Missing,0
2023,TX,Multiple Weapons,Attack,Not Fleeing,0
2023,IL,Gun,Shoot,Foot,0
2023,CA,Unclear Weapon Information,Unclear Threat,Missing,1
2023,MD,Gun,Point,Foot,0
2023,AL,Gun,Threat,Vehicle,0
2023,LA,Other,Unclear Threat,Missing,0
2023,SC,Unclear Weapon Information,Threat,Missing,1
2023,CA,Knife,Attack,Missing,0
2023,NC,Gun,Threat,Not Fleeing,0
2023,OK,Gun,Point,Foot,1
2023,UT,Unclear Weapon Information,Flee,Vehicle,0
2023,UT,Blunt Object,Threat,Vehicle,0
2023,CA,Gun,Threat,Missing,0
2023,GA,Gun,Point,Missing,0
2023,CA,Unclear Weapon Information,Unclear Threat,Missing,0
2023,TX,Gun,Shoot,Not Fleeing,0
2023,TX,Gun,Shoot,Vehicle,1
2023,ND,Gun,Threat,Missing,0
2023,NM,Unclear Weapon Information,Unclear Threat,Vehicle,0
2023,CA,Gun,Point,Foot,1
2023,AL,Gun,Point,Not Fleeing,1
2023,MI,Gun,Shoot,Not Fleeing,0
2023,AR,Gun,Point,Foot,0
2023,AZ,Unclear Weapon Information,Unclear Threat,Missing,0
2023,MI,Gun,Shoot,Missing,0
2023,CA,Gun,Threat,Missing,0
2023,OH,Gun,Point,Not Fleeing,0
2023,FL,Gun,Shoot,Not Fleeing,0
2023,GA,Gun,Threat,Vehicle,0
2023,TN,Gun,Shoot,Not Fleeing,0
2023,AZ,Gun,Shoot,Foot,0
2023,UT,Gun,Shoot,Not Fleeing,0
2023,NY,Knife,Attack,Not Fleeing,0
2023,TX,Gun,Shoot,Foot,0
2023,WA,Knife,Threat,Not Fleeing,0
2023,CO,Multiple Weapons,Threat,Not Fleeing,0
2023,AR,Unarmed,Attack,Missing,0
2023,CA,Gun,Point,Not Fleeing,1
2023,IN,Gun,Threat,Foot,0
2023,CA,Gun,Threat,Foot,0
2023,NH,Gun,Shoot,Missing,0
2023,WA,Gun,Shoot,Missing,0
2023,CO,Vehicle,Move,Vehicle,0
2023,CA,Other,Attack,Missing,0
2023,TX,Gun,Point,Not Fleeing,1
2023,LA,Unclear Weapon Information,Unclear Threat,Missing,0
2023,IN,Vehicle,Attack,Not Fleeing,1
2023,NH,Gun,Shoot,Missing,0
2023,CA,Gun,Shoot,Missing,0
2023,AR,Gun,Threat,Not Fleeing,0
2023,AL,Gun,Attack,Foot,0
2023,CO,Gun,Shoot,Missing,1
2023,KY,Unclear Weapon Information,Unclear Threat,Missing,0
2023,TN,Knife,Attack,Missing,0
2023,DC,Gun,Shoot,Foot,0
2023,GA,Gun,Shoot,Foot,0
2023,NV,Gun,Attack,Foot,0
2023,NC,Unarmed,Attack,Missing,0
2023,FL,Gun,Threat,Vehicle,0
2023,MD,Gun,Shoot,Not Fleeing,0
2023,OR,Gun,Point,Missing,0
2023,NM,Gun,Threat,Foot,0
2023,NV,Knife,Threat,Not Fleeing,0
2023,CA,Gun,Threat,Missing,0
2023,CA,Knife,Threat,Missing,1
2023,TX,Multiple Weapons,Attack,Not Fleeing,0
2023,CA,Gun,Threat,Vehicle,1
2023,TX,Gun,Point,Foot,0
2023,GA,Gun,Shoot,Not Fleeing,0
2023,WA,Gun,Threat,Vehicle,0
2023,PA,Knife,Attack,Foot,0
2023,CO,Gun,Shoot,Vehicle,0
2023,NC,Gun,Shoot,Missing,0
2023,FL,Gun,Threat,Vehicle,0
2023,PA,Gun,Shoot,Not Fleeing,1
2023,IN,Knife,Threat,Not Fleeing,1
2023,TX,Gun,Attack,Vehicle,0
2023,CT,Gun,Shoot,Not Fleeing,1
2023,OK,Knife,Threat,Not Fleeing,0
2023,MI,Gun,Threat,Not Fleeing,1
2023,UT,Unclear Weapon Information,Unclear Threat,Missing,0
2023,IL,Knife,Threat,Missing,1
2023,CA,Gun,Point,Not Fleeing,1
2023,FL,Gun,Threat,Not Fleeing,1
2023,CA,Gun,Shoot,Foot,1
2023,TX,Gun,Shoot,Not Fleeing,1
2023,OK,Gun,Shoot,Missing,0
2023,TX,Gun,Shoot,Foot,1
2023,OK,Gun,Threat,Not Fleeing,1
2023,MO,Gun,Shoot,Not Fleeing,0
2023,AR,Vehicle,Move,Vehicle,0
2023,MO,Gun,Point,Vehicle,0
2023,AL,Gun,Threat,Not Fleeing,0
2023,KS,Gun,Point,Not Fleeing,1
2023,VA,Gun,Shoot,Foot,1
2023,GA,Gun,Threat,Missing,0
2023,WA,Unclear Weapon Information,Attack,Missing,1
2023,NY,Knife,Attack,Not Fleeing,0
2023,ID,Gun,Shoot,Vehicle,0
2023,CA,Knife,Threat,Not Fleeing,1
2023,OH,Replica,Threat,Foot,1
2023,WA,Knife,Threat,Missing,0
2023,NJ,Gun,Unclear Threat,Not Fleeing,0
2023,TX,Gun,Shoot,Vehicle,0
2023,MS,Gun,Shoot,Missing,0
2023,OR,Unclear Weapon Information,Unclear Threat,Missing,0
2023,NV,Gun,Shoot,Missing,0
2023,NV,Unarmed,Attack,Not Fleeing,1
2023,CA,Gun,Threat,Missing,0
2023,SC,Gun,Point,Not Fleeing,0
2023,MN,Gun,Shoot,Not Fleeing,1
2023,CA,Gun,Shoot,Foot,1
2023,NM,Gun,Threat,Foot,0
2023,NC,Gun,Threat,Missing,0
2023,TX,Knife,Threat,Not Fleeing,0
2023,TX,Gun,Point,Not Fleeing,0
2023,GA,Unarmed,Unclear Threat,Foot,0
2023,CA,Gun,Point,Not Fleeing,1
2023,WA,Unclear Weapon Information,Unclear Threat,Missing,0
2023,TX,Unclear Weapon Information,Attack,Foot,0
2023,LA,Gun,Shoot,Not Fleeing,0
2023,PA,Knife,Point,Not Fleeing,0
2023,AR,Gun,Threat,Foot,1
2023,TX,Unclear Weapon Information,Unclear Threat,Missing,0
2023,TX,Knife,Threat,Not Fleeing,0
2023,TX,Unarmed,Move,Vehicle,0
2023,WA,Gun,Shoot,Vehicle,0
2023,WV,Knife,Threat,Missing,0
2023,MI,Gun,Shoot,Foot,0
2023,MI,Unarmed,Move,Vehicle,0
2023,CA,Unclear Weapon Information,Unclear Threat,Foot,0
2023,TX,Unclear Weapon Information,Unclear Threat,Missing,0
2023,NY,Gun,Shoot,Not Fleeing,0
2023,KY,Gun,Threat,Not Fleeing,1
2023,OR,Unclear Weapon Information,Unclear Threat,Vehicle,0
2023,TX,Gun,Point,Not Fleeing,1
2023,NC,Gun,Point,Missing,0
2023,AZ,Unclear Weapon Information,Move,Missing,0
2023,VA,Gun,Threat,Missing,0
2023,CO,Replica,Threat,Foot,0
2023,VA,Blunt Object,Attack,Not Fleeing,0
2023,ME,Gun,Point,Missing,0
2023,WV,Gun,Shoot,Not Fleeing,0
2023,MN,Knife,Threat,Not Fleeing,1
2023,OR,Missing,Unclear Threat,Missing,0
2023,FL,Gun,Point,Missing,0
2023,FL,Blunt Object,Attack,Not Fleeing,0
2023,VA,Unclear Weapon Information,Unclear Threat,Not Fleeing,0
2023,AL,Gun,Threat,Not Fleeing,0
2023,CO,Gun,Shoot,Missing,0
2023,MI,Vehicle,Attack,Vehicle,0
2023,TN,Unclear Weapon Information,Shoot,Vehicle,0
2023,CT,Unclear Weapon Information,Unclear Threat,Missing,0
2023,NC,Replica,Threat,Not Fleeing,0
2023,WV,Gun,Shoot,Not Fleeing,0
2023,OK,Gun,Shoot,Not Fleeing,0
2023,TX,Gun,Threat,Missing,0
2023,NY,Knife,Threat,Not Fleeing,0
2023,AL,Gun,Threat,Missing,0
2023,NY,Replica,Threat,Foot,1
2023,CO,Gun,Point,Missing,0
2023,MO,Unclear Weapon Information,Unclear Threat,Missing,0
2023,IL,Multiple Weapons,Threat,Not Fleeing,0
2023,IN,Unclear Weapon Information,Unclear Threat,Vehicle,0
2023,GA,Knife,Point,Not Fleeing,0
2023,CA,Unarmed,Unclear Threat,Not Fleeing,0
2023,TX,Vehicle,Threat,Not Fleeing,0
2023,TX,Gun,Unclear Threat,Vehicle,0
2023,AL,Gun,Shoot,Not Fleeing,0
2023,MO,Gun,Threat,Missing,0
2023,TX,Replica,Point,Not Fleeing,1
2023,CO,Gun,Threat,Vehicle,0
2023,MI,Gun,Shoot,Not Fleeing,0
2023,NV,Gun,Threat,Vehicle,0
2023,TX,Gun,Point,Not Fleeing,0
2023,SC,Gun,Shoot,Missing,0
2023,SC,Gun,Threat,Not Fleeing,0
2023,WI,Knife,Threat,Not Fleeing,1
2023,CA,Gun,Flee,Foot,0
2023,OR,Gun,Unclear Threat,Foot,0
2023,FL,Multiple Weapons,Shoot,Not Fleeing,0
2023,PA,Unclear Weapon Information,Unclear Threat,Missing,0
2023,NV,Gun,Threat,Foot,0
2023,NJ,Gun,Shoot,Vehicle,0
2023,NY,Gun,Shoot,Not Fleeing,1
2023,MA,Gun,Shoot,Missing,0
2023,CA,Unclear Weapon Information,Unclear Threat,Not Fleeing,0
2023,FL,Gun,Shoot,Not Fleeing,0
2023,NV,Gun,Point,Not Fleeing,1
2023,FL,Gun,Point,Not Fleeing,0
2024,AR,Gun,Shoot,Vehicle,0
2024,SC,Unarmed,Attack,Vehicle,0
2024,WA,Gun,Point,Not Fleeing,1
2024,HI,Gun,Shoot,Not Fleeing,0
2024,NY,Gun,Shoot,Not Fleeing,0
2024,MS,Gun,Shoot,Vehicle,0
2024,VA,Gun,Unclear Threat,Not Fleeing,0
2024,TX,Gun,Shoot,Not Fleeing,0
2024,KY,Missing,Unclear Threat,Missing,1
2024,TX,Knife,Unclear Threat,Not Fleeing,0
2024,AZ,Gun,Shoot,Not Fleeing,1
2024,CA,Knife,Attack,Not Fleeing,0
2024,KS,Knife,Attack,Not Fleeing,0
2024,PA,Knife,Threat,Not Fleeing,0
2024,IA,Other,Attack,Not Fleeing,0
2024,ID,Gun,Shoot,Foot,1
2024,WA,Knife,Attack,Not Fleeing,0
2024,MD,Gun,Shoot,Foot,1
2024,MN,Missing,Unclear Threat,Not Fleeing,0
2024,AR,Knife,Unclear Threat,Not Fleeing,1
2024,OR,Knife,Attack,Not Fleeing,0
2024,WA,Gun,Unclear Threat,Not Fleeing,0
2024,CA,Gun,Shoot,Not Fleeing,0
2024,TX,Replica,Threat,Missing,0
2024,OH,Gun,Threat,Not Fleeing,0
2024,FL,Missing,Unclear Threat,Not Fleeing,1
2024,CO,Knife,Move,Not Fleeing,1
2024,CA,Gun,Threat,Not Fleeing,0
2024,MI,Gun,Unclear Threat,Vehicle,0
2024,AR,Gun,Shoot,Missing,0
2024,IL,Gun,Shoot,Not Fleeing,0
2024,AZ,Gun,Shoot,Not Fleeing,1
2024,NH,Knife,Attack,Foot,0
2024,TX,Gun,Unclear Threat,Not Fleeing,0
2024,TN,Gun,Unclear Threat,Missing,0
2024,OH,Gun,Shoot,Not Fleeing,0
2024,PA,Unclear Weapon Information,Unclear Threat,Missing,0
2024,CA,Gun,Unclear Threat,Missing,0
2024,CA,Gun,Point,Missing,0
2024,UT,Unclear Weapon Information,Unclear Threat,Missing,1
2024,NC,Gun,Shoot,Not Fleeing,0
2024,OH,Gun,Point,Vehicle,1
2024,OR,Gun,Threat,Not Fleeing,0
2024,WA,Unclear Weapon Information,Unclear Threat,Vehicle,0
2024,TN,Gun,Unclear Threat,Missing,0
2024,PA,Gun,Shoot,Not Fleeing,0
2024,FL,Gun,Shoot,Not Fleeing,1
2024,SC,Gun,Threat,Not Fleeing,0
2024,TX,Gun,Attack,Not Fleeing,0
2024,VA,Knife,Threat,Missing,0
2024,CA,Gun,Shoot,Not Fleeing,1
2024,NH,Gun,Unclear Threat,Not Fleeing,0
2024,WI,Gun,Shoot,Not Fleeing,1
2024,NC,Gun,Point,Not Fleeing,0
2024,AZ,Gun,Move,Not Fleeing,1
2024,ME,Gun,Shoot,Not Fleeing,0
2024,CA,Knife,Move,Not Fleeing,1
2024,FL,Knife,Attack,Not Fleeing,0
2024,WI,Gun,Shoot,Not Fleeing,1
2024,TX,Multiple Weapons,Shoot,Not Fleeing,0
2024,PA,Unclear Weapon Information,Unclear Threat,Missing,0
2024,DC,Blunt Object,Attack,Foot,1
2024,NJ,Gun,Shoot,Missing,0
2024,ID,Knife,Attack,Foot,0
2024,WA,Gun,Unclear Threat,Vehicle,0
2024,NV,Gun,Point,Vehicle,0
2024,UT,Gun,Point,Not Fleeing,0
2024,NM,Gun,Point,Not Fleeing,0
2024,HI,Knife,Attack,Missing,0
2024,IN,Gun,Shoot,Missing,1
2024,KS,Knife,Threat,Vehicle,0
2024,PA,Gun,Shoot,Not Fleeing,0
2024,CA,Knife,Threat,Vehicle,0
2024,SC,Unclear Weapon Information,Unclear Threat,Missing,0
2024,AZ,Gun,Point,Foot,0
2024,CO,Gun,Point,Missing,0
2024,LA,Gun,Shoot,Foot,0
2024,TN,Multiple Weapons,Shoot,Vehicle,0
2024,MI,Gun,Unclear Threat,Foot,0
2024,FL,Gun,Shoot,Foot,0
2024,GA,Knife,Threat,Not Fleeing,0
2024,AZ,Gun,Point,Foot,1
2024,MD,Gun,Unclear Threat,Vehicle,1
2024,TX,Gun,Point,Not Fleeing,0
2024,TN,Gun,Shoot,Not Fleeing,0
2024,WA,Blunt Object,Threat,Not Fleeing,0
2024,ME,Knife,Threat,Vehicle,0
2024,WA,Gun,Point,Not Fleeing,1
2024,MD,Unclear Weapon Information,Unclear Threat,Not Fleeing,1
2024,TN,Vehicle,Attack,Vehicle,0
2024,NY,Blunt Object,Unclear Threat,Missing,1
2024,PA,Gun,Point,Missing,0
2024,FL,Unarmed,Attack,Vehicle,0
2024,AZ,Gun,Threat,Not Fleeing,0
2024,WI,Gun,Move,Vehicle,1
2024,NY,Gun,Point,Not Fleeing,0
2024,CA,Blunt Object,Move,Not Fleeing,0
2024,IL,Unclear Weapon Information,Unclear Threat,Not Fleeing,1
2024,CA,Knife,Threat,Not Fleeing,0
2024,CT,Unclear Weapon Information,Unclear Threat,Vehicle,0
2024,TX,Gun,Unclear Threat,Vehicle,0
2024,NC,Blunt Object,Attack,Not Fleeing,0
2024,AL,Knife,Unclear Threat,Vehicle,0
2024,TX,Knife,Attack,Not Fleeing,0
2024,NV,Gun,Threat,Foot,0
2024,CA,Knife,Attack,Not Fleeing,0
2024,FL,Knife,Attack,Not Fleeing,1
2024,NE,Knife,Unclear Threat,Missing,0
2024,FL,Gun,Threat,Not Fleeing,0
2024,FL,Knife,Threat,Not Fleeing,0
2024,IL,Gun,Shoot,Vehicle,0
2024,LA,Gun,Shoot,Not Fleeing,0
2024,TX,Gun,Unclear Threat,Not Fleeing,0
2024,OH,Vehicle,Attack,Vehicle,1
2024,CA,Knife,Threat,Not Fleeing,1
2024,TX,Gun,Threat,Not Fleeing,1
2024,TX,Gun,Shoot,Not Fleeing,0
2024,AZ,Gun,Shoot,Foot,0
2024,TN,Gun,Threat,Foot,0
2024,TX,Gun,Shoot,Not Fleeing,0
2024,ID,Gun,Threat,Missing,0
2024,FL,Unclear Weapon Information,Threat,Not Fleeing,0
2024,WA,Gun,Shoot,Not Fleeing,0
2024,NY,Replica,Point,Not Fleeing,1
2024,WA,Knife,Move,Not Fleeing,0
2024,IL,Gun,Shoot,Not Fleeing,0
2024,VA,Knife,Move,Not Fleeing,0
2024,WY,Gun,Shoot,Foot,0
2024,MI,Gun,Shoot,Not Fleeing,1
2024,PA,Vehicle,Attack,Vehicle,1
2024,NY,Knife,Attack,Not Fleeing,1
2024,PA,Gun,Shoot,Vehicle,0
2024,FL,Gun,Shoot,Not Fleeing,0
2024,MS,Gun,Point,Foot,0
2024,NC,Gun,Shoot,Foot,0
2024,KS,Gun,Unclear Threat,Not Fleeing,0
2024,GA,Gun,Shoot,Not Fleeing,0
2024,AZ,Gun,Threat,Vehicle,0
2024,NV,Knife,Attack,Not Fleeing,0
2024,WA,Gun,Threat,Not Fleeing,1
2024,NM,Gun,Shoot,Missing,0
2024,MS,Gun,Shoot,Vehicle,0
2024,NC,Gun,Point,Not Fleeing,0
2024,MO,Unclear Weapon Information,Unclear Threat,Missing,0
2024,OH,Knife,Attack,Not Fleeing,1
2024,OK,Knife,Attack,Not Fleeing,0
2024,CA,Knife,Move,Not Fleeing,0
2024,PA,Gun,Shoot,Not Fleeing,1
2024,WI,Gun,Shoot,Missing,1
2024,GA,Gun,Unclear Threat,Foot,0
2024,MT,Gun,Shoot,Not Fleeing,0
2024,NY,Gun,Shoot,Not Fleeing,1
2024,IL,Gun,Point,Not Fleeing,0
2024,MO,Knife,Unclear Threat,Not Fleeing,0
2024,AZ,Knife,Move,Not Fleeing,1
2024,CA,Gun,Threat,Not Fleeing,0
2024,MO,Blunt Object,Attack,Not Fleeing,0
2024,CA,Other,Move,Not Fleeing,0
2024,FL,Unclear Weapon Information,Unclear Threat,Missing,0
2024,TX,Gun,Threat,Not Fleeing,0
2024,CA,Gun,Threat,Foot,1
2024,CO,Gun,Shoot,Not Fleeing,0
2024,TX,Gun,Shoot,Vehicle,1
2024,WI,Gun,Unclear Threat,Not Fleeing,1
2024,MS,Gun,Shoot,Not Fleeing,0
2024,TX,Gun,Shoot,Foot,0
2024,AR,Gun,Move,Not Fleeing,0
2024,CO,Knife,Threat,Not Fleeing,0
2024,MN,Blunt Object,Move,Not Fleeing,0
2024,KY,Unclear Weapon Information,Unclear Threat,Missing,0
2024,TX,Gun,Move,Not Fleeing,0
2024,TX,Knife,Unclear Threat,Not Fleeing,0
2024,ID,Unclear Weapon Information,Flee,Vehicle,0
2024,TX,Gun,Move,Vehicle,0
2024,SC,Unclear Weapon Information,Unclear Threat,Vehicle,0
2024,CA,Gun,Move,Not Fleeing,0
2024,TN,Unclear Weapon Information,Move,Missing,0
2024,TN,Knife,Threat,Not Fleeing,0
2024,OK,Gun,Shoot,Not Fleeing,0
2024,TX,Gun,Point,Not Fleeing,0
2024,TX,Unclear Weapon Information,Unclear Threat,Missing,0
2024,KS,Gun,Shoot,Not Fleeing,0
2024,FL,Gun,Shoot,Not Fleeing,1
2024,PA,Gun,Point,Not Fleeing,1
2024,AZ,Gun,Unclear Threat,Not Fleeing,0
2024,LA,Unclear Weapon Information,Threat,Vehicle,0
2024,NJ,Gun,Shoot,Missing,0
2024,NY,Knife,Attack,Missing,0
2024,NH,Gun,Threat,Foot,0
2024,NM,Gun,Point,Foot,0
2024,UT,Gun,Threat,Vehicle,0
2024,WY,Gun,Shoot,Not Fleeing,0
2024,TX,Other,Threat,Not Fleeing,0
2024,CO,Knife,Move,Not Fleeing,0
2024,CA,Blunt Object,Attack,Not Fleeing,1
2024,AZ,Gun,Unclear Threat,Not Fleeing,0
2024,NC,Gun,Shoot,Not Fleeing,0
2024,CA,Replica,Unclear Threat,Not Fleeing,0
2024,TX,Gun,Shoot,Vehicle,0
2024,NM,Multiple Weapons,Flee,Vehicle,0
2024,TX,Gun,Point,Not Fleeing,0
2024,AR,Gun,Shoot,Not Fleeing,0
2024,TX,Gun,Point,Foot,0
2024,AR,Knife,Threat,Not Fleeing,1
2024,NV,Gun,Move,Not Fleeing,0
2024,NV,Knife,Attack,Foot,0
2024,TX,Knife,Move,Foot,0
2024,MO,Gun,Unclear Threat,Foot,0
2024,TN,Knife,Unclear Threat,Not Fleeing,0
2024,WI,Gun,Unclear Threat,Missing,0
2024,KY,Knife,Unclear Threat,Not Fleeing,0
2024,FL,Unarmed,Unclear Threat,Not Fleeing,1
2024,FL,Vehicle,Move,Vehicle,1
2024,WI,Multiple Weapons,Accident,Vehicle,0
2024,IL,Knife,Unclear Threat,Not Fleeing,0
2024,TX,Gun,Shoot,Foot,0
2024,IA,Knife,Move,Not Fleeing,0
2024,CA,Replica,Threat,Not Fleeing,0
2024,IL,Unarmed,Accident,Not Fleeing,0
2024,UT,Gun,Move,Not Fleeing,0
2024,TX,Vehicle,Move,Vehicle,0
2024,WA,Gun,Unclear Threat,Foot,0
2024,FL,Gun,Point,Not Fleeing,0
2024,NY,Gun,Shoot,Not Fleeing,0
2024,IL,Gun,Threat,Not Fleeing,1
2024,KY,Gun,Shoot,Not Fleeing,0
2024,LA,Vehicle,Attack,Vehicle,0
2024,CA,Multiple Weapons,Attack,Not Fleeing,0
2024,FL,Knife,Move,Not Fleeing,1
2024,NM,Unarmed,Move,Foot,0
2024,MI,Gun,Threat,Not Fleeing,0
2024,CA,Gun,Shoot,Not Fleeing,0
2024,AR,Gun,Shoot,Not Fleeing,0
2024,IL,Gun,Shoot,Not Fleeing,1
2024,AZ,Gun,Shoot,Not Fleeing,0
2024,CA,Gun,Flee,Foot,0
2024,AZ,Gun,Shoot,Not Fleeing,0
2024,FL,Gun,Shoot,Not Fleeing,0
2024,VA,Gun,Shoot,Vehicle,1
2024,PA,Unclear Weapon Information,Unclear Threat,Missing,0
2024,ME,Unclear Weapon Information,Unclear Threat,Missing,0
2024,CA,Knife,Move,Not Fleeing,0
2024,WV,Gun,Move,Foot,0
2024,CA,Knife,Move,Not Fleeing,0
2024,GA,Gun,Shoot,Vehicle,0
2024,TX,Gun,Shoot,Vehicle,0
2024,IA,Gun,Point,Missing,0
2024,AL,Knife,Unclear Threat,Missing,1
2024,PA,Knife,Threat,Not Fleeing,0
2024,CA,Blunt Object,Unclear Threat,Vehicle,0
2024,KS,Gun,Threat,Missing,1
2024,MI,Gun,Shoot,Not Fleeing,0
2024,CA,Replica,Threat,Not Fleeing,1
2024,CA,Gun,Point,Vehicle,1
2024,NY,Knife,Point,Not Fleeing,1
2024,MD,Knife,Attack,Missing,0
2024,CA,Gun,Shoot,Not Fleeing,1
2024,GA,Gun,Shoot,Not Fleeing,0
2024,NE,Unclear Weapon Information,Unclear Threat,Not Fleeing,0
2024,NV,Gun,Shoot,Foot,0
2024,WA,Unclear Weapon Information,Unclear Threat,Not Fleeing,0
2024,FL,Unarmed,Move,Not Fleeing,0
2024,CA,Vehicle,Move,Missing,0
2024,MO,Unclear Weapon Information,Unclear Threat,Missing,0
2024,MO,Gun,Point,Not Fleeing,0
2024,VA,Gun,Move,Not Fleeing,1
2024,IN,Gun,Shoot,Vehicle,1
2024,MS,Gun,Shoot,Not Fleeing,0
2024,WA,Gun,Shoot,Foot,1
2024,OH,Unclear Weapon Information,Unclear Threat,Vehicle,0
2024,MT,Knife,Threat,Missing,0
2024,TX,Gun,Point,Not Fleeing,0
2024,LA,Gun,Point,Not Fleeing,0
2024,AL,Knife,Move,Missing,1
2024,KY,Gun,Unclear Threat,Missing,1
2024,UT,Unclear Weapon Information,Unclear Threat,Not Fleeing,0
2024,AZ,Gun,Point,Not Fleeing,0
2024,TX,Gun,Unclear Threat,Missing,0
2024,CA,Knife,Move,Not Fleeing,0
2024,TN,Knife,Move,Not Fleeing,0
2024,NM,Gun,Shoot,Vehicle,0
2024,CA,Knife,Move,Missing,0
2024,CA,Gun,Move,Missing,0
2024,IA,Gun,Move,Not Fleeing,0
2024,AR,Gun,Shoot,Not Fleeing,0
2024,FL,Gun,Shoot,Not Fleeing,0
2024,MI,Vehicle,Flee,Vehicle,0
2024,TX,Gun,Point,Not Fleeing,0
2024,KS,Multiple Weapons,Attack,Not Fleeing,0
2024,WI,Unarmed,Flee,Foot,0
2024,IN,Knife,Move,Not Fleeing,0
2024,TX,Gun,Shoot,Vehicle,0
2024,TX,Unclear Weapon Information,Move,Vehicle,0
2024,OK,Gun,Point,Foot,0
2024,IN,Gun,Point,Not Fleeing,0
2024,VA,Gun,Unclear Threat,Vehicle,0
2024,MN,Gun,Shoot,Not Fleeing,1
2024,TX,Knife,Attack,Not Fleeing,0
2024,TX,Knife,Unclear Threat,Foot,0
2024,TX,Unclear Weapon Information,Unclear Threat,Not Fleeing,0
2024,AR,Knife,Move,Not Fleeing,0
2024,NM,Gun,Shoot,Not Fleeing,0
2024,MI,Gun,Point,Not Fleeing,1
2024,TX,Unclear Weapon Information,Attack,Not Fleeing,0
2024,TN,Gun,Shoot,Vehicle,0
2024,AZ,Blunt Object,Attack,Not Fleeing,1
2024,WI,Knife,Move,Not Fleeing,1
2024,TN,Gun,Accident,Missing,0
2024,CA,Multiple Weapons,Flee,Vehicle,1
2024,WA,Gun,Unclear Threat,Vehicle,1
2024,MI,Unclear Weapon Information,Unclear Threat,Missing,0
2024,NC,Gun,Shoot,Vehicle,0
2024,TX,Gun,Point,Missing,1
2024,TX,Gun,Shoot,Vehicle,0
2024,NY,Gun,Shoot,Vehicle,0
2024,TX,Gun,Unclear Threat,Vehicle,0
2024,MO,Gun,Unclear Threat,Not Fleeing,0
2024,WV,Gun,Point,Not Fleeing,0
2024,CO,Gun,Unclear Threat,Not Fleeing,0
2024,WA,Gun,Unclear Threat,Not Fleeing,0
2024,TN,Knife,Move,Not Fleeing,0
2024,CA,Gun,Threat,Missing,1
2024,CA,Gun,Unclear Threat,Not Fleeing,0
2024,OH,Knife,Threat,Not Fleeing,0
2024,GA,Gun,Shoot,Vehicle,0
2024,OH,Blunt Object,Attack,Not Fleeing,0
2024,CT,Gun,Point,Not Fleeing,1
2024,AZ,Knife,Move,Missing,0
2024,OH,Unclear Weapon Information,Move,Not Fleeing,1
2024,NY,Knife,Move,Not Fleeing,0
2024,TX,Gun,Shoot,Not Fleeing,0
2024,NC,Gun,Threat,Not Fleeing,0
2024,ID,Gun,Shoot,Missing,0
2024,TX,Vehicle,Attack,Not Fleeing,0
2024,SC,Blunt Object,Move,Not Fleeing,0
2024,SC,Gun,Unclear Threat,Not Fleeing,0
2024,GA,Other,Attack,Missing,0
2024,FL,Gun,Shoot,Not Fleeing,0
2024,TX,Knife,Attack,Foot,1
2024,IN,Gun,Shoot,Foot,0
2024,AL,Gun,Unclear Threat,Vehicle,0
2024,FL,Gun,Point,Not Fleeing,0
2024,FL,Gun,Point,Not Fleeing,0
2024,CA,Gun,Point,Foot,0
2024,AZ,Gun,Shoot,Not Fleeing,1
2024,TN,Vehicle,Move,Vehicle,0
2024,CA,Replica,Unclear Threat,Not Fleeing,1
2024,IN,Knife,Attack,Not Fleeing,0
2024,FL,Gun,Shoot,Not Fleeing,0
2024,TN,Gun,Shoot,Not Fleeing,0
2024,TX,Gun,Move,Not Fleeing,1
2024,FL,Gun,Point,Not Fleeing,0
2024,TX,Gun,Shoot,Foot,1
2024,WI,Knife,Move,Not Fleeing,1
2024,LA,Gun,Shoot,Not Fleeing,0
2024,OR,Unclear Weapon Information,Unclear Threat,Vehicle,0
2024,MT,Vehicle,Attack,Vehicle,0
2024,NC,Gun,Shoot,Not Fleeing,0
2024,NM,Other,Point,Not Fleeing,1
2024,TX,Unclear Weapon Information,Unclear Threat,Vehicle,0
2024,OR,Knife,Threat,Not Fleeing,0
2024,TX,Gun,Shoot,Not Fleeing,0
2024,NC,Knife,Attack,Not Fleeing,0
2024,MA,Gun,Point,Not Fleeing,1
2024,NY,Gun,Move,Foot,0
2024,TX,Gun,Shoot,Not Fleeing,0
2024,CO,Unclear Weapon Information,Unclear Threat,Vehicle,0
2024,CO,Gun,Shoot,Vehicle,1
2024,MT,Knife,Move,Not Fleeing,0
2024,TX,Gun,Move,Vehicle,0
2024,IN,Knife,Attack,Not Fleeing,0
2024,TX,Multiple Weapons,Move,Not Fleeing,0
2024,LA,Unarmed,Attack,Vehicle,0
2024,WI,Replica,Point,Not Fleeing,1
2024,TX,Other,Move,Not Fleeing,0
2024,FL,Knife,Move,Not Fleeing,1
2024,CA,Knife,Move,Not Fleeing,1
2024,PA,Blunt Object,Threat,Missing,1
2024,CA,Gun,Shoot,Not Fleeing,0
2024,TX,Gun,Shoot,Not Fleeing,0
2024,AZ,Knife,Unclear Threat,Missing,0
2024,AL,Gun,Shoot,Not Fleeing,0
2024,IN,Gun,Point,Missing,0
2024,FL,Gun,Unclear Threat,Not Fleeing,0
2024,OH,Gun,Point,Not Fleeing,0
2024,WA,Gun,Unclear Threat,Missing,0
2024,OH,Knife,Attack,Not Fleeing,0
2024,MS,Unclear Weapon Information,Attack,Not Fleeing,0
2024,CO,Gun,Unclear Threat,Vehicle,0
2024,AZ,Gun,Move,Not Fleeing,0
2024,CA,Knife,Attack,Not Fleeing,0
2024,OK,Gun,Unclear Threat,Missing,1
2024,CA,Gun,Unclear Threat,Vehicle,0
2024,NC,Gun,Shoot,Not Fleeing,1
2024,WI,Knife,Unclear Threat,Vehicle,1
2024,OR,Gun,Shoot,Missing,0
2024,MN,Gun,Point,Missing,1
2024,WV,Unclear Weapon Information,Unclear Threat,Not Fleeing,0
2024,TX,Knife,Threat,Not Fleeing,0
2024,FL,Blunt Object,Move,Not Fleeing,1
2024,WV,Gun,Shoot,Not Fleeing,0
2024,AZ,Gun,Shoot,Foot,0
2024,KY,Unclear Weapon Information,Unclear Threat,Missing,0
2024,CO,Gun,Point,Vehicle,0
2024,TX,Gun,Move,Not Fleeing,1
2024,OH,Gun,Shoot,Missing,0
2024,AZ,Knife,Move,Missing,0
2024,WV,Knife,Attack,Foot,0
2024,CA,Knife,Move,Not Fleeing,0
2024,TN,Knife,Attack,Not Fleeing,0
2024,CA,Knife,Unclear Threat,Foot,0
2024,KS,Gun,Shoot,Foot,0
2024,TX,Gun,Threat,Not Fleeing,0
2024,MO,Gun,Unclear Threat,Missing,0
2024,KY,Knife,Attack,Missing,1
2024,TX,Gun,Point,Vehicle,0
2024,TX,Vehicle,Attack,Vehicle,0
2024,GA,Multiple Weapons,Shoot,Missing,0
2024,OH,Gun,Shoot,Not Fleeing,1
2024,NC,Gun,Shoot,Foot,0
2024,NY,Gun,Move,Foot,0
2024,OH,Gun,Shoot,Foot,0
2024,TX,Gun,Point,Missing,0
2024,AK,Gun,Unclear Threat,Not Fleeing,1
2024,CA,Gun,Threat,Foot,1
2024,AZ,Gun,Shoot,Missing,0
2024,MT,Gun,Unclear Threat,Foot,0
2024,CO,Gun,Shoot,Foot,0
2024,NM,Gun,Shoot,Not Fleeing,0
2024,PA,Gun,Shoot,Vehicle,0
2024,GA,Vehicle,Attack,Vehicle,0
2024,NC,Unarmed,Threat,Foot,0
2024,KY,Gun,Shoot,Foot,1
2024,CA,Gun,Shoot,Not Fleeing,1
2024,IN,Gun,Shoot,Foot,1
2024,UT,Gun,Shoot,Missing,0
2024,AL,Gun,Point,Foot,0
2024,OK,Gun,Shoot,Not Fleeing,0
2024,NM,Gun,Shoot,Vehicle,0
2024,FL,Gun,Shoot,Not Fleeing,0
2024,CO,Gun,Move,Not Fleeing,0
2024,NC,Gun,Shoot,Missing,0
2024,MN,Knife,Attack,Missing,1
2024,OH,Gun,Shoot,Not Fleeing,0
2024,WI,Knife,Threat,Not Fleeing,0
2024,AZ,Gun,Shoot,Foot,0
2024,WA,Blunt Object,Move,Not Fleeing,0
2024,GA,Vehicle,Move,Vehicle,0
2024,IL,Gun,Unclear Threat,Missing,0
2024,FL,Gun,Shoot,Not Fleeing,0
2024,NC,Gun,Move,Not Fleeing,0
2024,NC,Gun,Shoot,Not Fleeing,0
2024,CO,Gun,Move,Not Fleeing,0
2024,CA,Knife,Move,Not Fleeing,0
2024,TX,Vehicle,Move,Vehicle,0
2024,UT,Gun,Threat,Not Fleeing,1
2024,CA,Knife,Threat,Foot,1
2024,TX,Multiple Weapons,Shoot,Not Fleeing,1
2024,FL,Unclear Weapon Information,Unclear Threat,Missing,0
2024,MS,Gun,Move,Foot,0
2024,NC,Gun,Shoot,Not Fleeing,0
2024,MO,Gun,Shoot,Vehicle,0
2024,CA,Gun,Unclear Threat,Not Fleeing,0
2024,OH,Gun,Shoot,Not Fleeing,1
2024,WA,Knife,Move,Not Fleeing,1
2024,CO,Unarmed,Unclear Threat,Not Fleeing,1
2024,MD,Gun,Shoot,Not Fleeing,1
2024,TX,Knife,Move,Not Fleeing,0
2024,WA,Gun,Shoot,Not Fleeing,0
2024,FL,Unclear Weapon Information,Unclear Threat,Missing,0
2024,CA,Gun,Move,Missing,0
2024,CA,Replica,Threat,Not Fleeing,1
2024,MI,Replica,Unclear Threat,Foot,0
2024,SC,Unarmed,Flee,Foot,0
2024,KS,Gun,Move,Vehicle,0
2024,FL,Gun,Shoot,Missing,0
2024,NC,Gun,Shoot,Foot,0
2024,NY,Knife,Attack,Not Fleeing,1
2024,KS,Gun,Shoot,Vehicle,0
2024,IL,Knife,Attack,Not Fleeing,0
2024,MI,Gun,Shoot,Not Fleeing,1
2024,TX,Knife,Attack,Not Fleeing,0
2024,NJ,Other,Move,Missing,0
2024,AZ,Gun,Shoot,Not Fleeing,0
2024,NC,Gun,Shoot,Not Fleeing,0
2024,NC,Gun,Shoot,Not Fleeing,1
2024,IN,Gun,Flee,Foot,1
2024,FL,Knife,Move,Not Fleeing,1
2024,AZ,Unclear Weapon Information,Threat,Missing,0
2024,MD,Gun,Unclear Threat,Not Fleeing,1
2024,OK,Gun,Shoot,Not Fleeing,0
2024,MS,Knife,Attack,Foot,0
2024,MN,Gun,Shoot,Not Fleeing,0
2024,OR,Gun,Move,Missing,0
2024,FL,Gun,Unclear Threat,Not Fleeing,0
2024,OH,Gun,Shoot,Not Fleeing,0
2024,IN,Gun,Point,Not Fleeing,1
2024,SC,Unclear Weapon Information,Unclear Threat,Foot,0
2024,AZ,Gun,Point,Not Fleeing,0
2024,NH,Gun,Unclear Threat,Missing,0
2024,TX,Knife,Attack,Not Fleeing,0
2024,AK,Gun,Move,Not Fleeing,1
2024,TX,Gun,Move,Not Fleeing,0
2024,DE,Gun,Point,Not Fleeing,0
2024,TX,Gun,Shoot,Not Fleeing,0
2024,VA,Gun,Move,Vehicle,0
2024,MS,Gun,Point,Foot,0
2024,NC,Gun,Shoot,Foot,0
2024,PA,Multiple Weapons,Attack,Vehicle,1
2024,WY,Unarmed,Move,Missing,0
2024,FL,Knife,Move,Not Fleeing,0
2024,LA,Gun,Shoot,Not Fleeing,1
2024,ME,Gun,Point,Not Fleeing,0
2024,VA,Knife,Attack,Vehicle,0
2024,WA,Replica,Point,Not Fleeing,1
2024,MS,Blunt Object,Attack,Not Fleeing,0
2024,AZ,Unarmed,Flee,Foot,1
2024,NV,Multiple Weapons,Move,Not Fleeing,0
2024,MT,Vehicle,Attack,Vehicle,0
2024,PA,Gun,Shoot,Foot,0
2024,TX,Gun,Shoot,Not Fleeing,0
2024,FL,Knife,Move,Not Fleeing,0
2024,NM,Unclear Weapon Information,Unclear Threat,Foot,0
2024,NC,Unarmed,Attack,Not Fleeing,0
2024,ME,Other,Attack,Not Fleeing,0
2024,PA,Gun,Unclear Threat,Not Fleeing,0
2024,OH,Knife,Move,Vehicle,1
2024,PA,Gun,Shoot,Not Fleeing,0
2024,TX,Knife,Attack,Not Fleeing,0
2024,AL,Knife,Attack,Not Fleeing,0
2024,IN,Knife,Unclear Threat,Not Fleeing,1
2024,OR,Gun,Move,Not Fleeing,0
2024,CA,Unclear Weapon Information,Attack,Foot,0
2024,CA,Gun,Unclear Threat,Foot,0
2024,VT,Gun,Unclear Threat,Missing,1
2024,TN,Gun,Unclear Threat,Not Fleeing,0
2024,MN,Gun,Unclear Threat,Foot,1
2024,OH,Gun,Shoot,Not Fleeing,0
2024,CA,Gun,Shoot,Not Fleeing,0
2024,NJ,Gun,Shoot,Missing,0
2024,NC,Vehicle,Attack,Vehicle,0
2024,GA,Vehicle,Attack,Vehicle,0
2024,AL,Multiple Weapons,Point,Not Fleeing,0
2024,NV,Gun,Point,Not Fleeing,1
2024,UT,Knife,Move,Not Fleeing,0
2024,CA,Knife,Attack,Not Fleeing,0
2024,ME,Gun,Shoot,Foot,0
2024,VA,Gun,Point,Not Fleeing,0
2024,CA,Knife,Attack,Not Fleeing,0
2024,SC,Gun,Point,Not Fleeing,0
2024,CO,Knife,Threat,Not Fleeing,0
2024,SC,Gun,Shoot,Not Fleeing,0
2024,OH,Gun,Point,Missing,0
2024,WA,Gun,Point,Not Fleeing,1
2024,MI,Knife,Attack,Not Fleeing,1
2024,MO,Gun,Point,Vehicle,0
2024,OR,Vehicle,Point,Vehicle,0
2024,OH,Gun,Unclear Threat,Not Fleeing,0
2024,GA,Gun,Shoot,Vehicle,0
2024,CO,Gun,Shoot,Not Fleeing,0
2024,NM,Gun,Shoot,Vehicle,0
2024,AK,Gun,Shoot,Not Fleeing,0
2024,WA,Knife,Unclear Threat,Foot,0
2024,NM,Replica,Threat,Vehicle,0
2024,TN,Knife,Move,Not Fleeing,0
2024,NV,Gun,Point,Not Fleeing,1
2024,CA,Knife,Threat,Not Fleeing,0
2024,TX,Knife,Move,Not Fleeing,0
2024,CO,Gun,Unclear Threat,Not Fleeing,0
2024,CO,Multiple Weapons,Threat,Not Fleeing,0
2024,IN,Gun,Move,Not Fleeing,1
2024,TX,Blunt Object,Attack,Not Fleeing,0
2024,VA,Gun,Shoot,Vehicle,0
2024,TX,Gun,Move,Foot,0
2024,AL,Knife,Unclear Threat,Not Fleeing,1
2024,GA,Unclear Weapon Information,Unclear Threat,Foot,0
2024,TX,Gun,Shoot,Not Fleeing,0
2024,FL,Gun,Shoot,Vehicle,0
2024,IN,Knife,Move,Vehicle,1
2024,CA,Gun,Unclear Threat,Foot,0
2024,NM,Gun,Point,Missing,0
2024,MO,Unclear Weapon Information,Unclear Threat,Missing,0
2024,FL,Knife,Attack,Not Fleeing,0
2024,FL,Gun,Shoot,Not Fleeing,0
2024,NC,Knife,Attack,Not Fleeing,0
2024,FL,Knife,Attack,Foot,1
2024,OH,Gun,Unclear Threat,Vehicle,0
2024,VA,Knife,Threat,Not Fleeing,0
2024,MN,Gun,Unclear Threat,Missing,0
2024,MI,Gun,Attack,Missing,0
2024,TN,Knife,Attack,Not Fleeing,1
2024,GA,Vehicle,Attack,Vehicle,0
2024,NY,Replica,Flee,Foot,1
2024,TX,Knife,Move,Not Fleeing,1
2024,FL,Unclear Weapon Information,Unclear Threat,Not Fleeing,0
2024,NH,Gun,Shoot,Not Fleeing,1
2024,SC,Unclear Weapon Information,Move,Not Fleeing,0
2024,CA,Gun,Point,Not Fleeing,0
2024,OH,Gun,Point,Foot,1
2024,KY,Knife,Move,Not Fleeing,1
2024,IA,Gun,Shoot,Vehicle,0
2024,MN,Unarmed,Move,Missing,0
2024,VA,Gun,Threat,Not Fleeing,0
2024,CA,Gun,Threat,Not Fleeing,0
2024,NC,Vehicle,Flee,Vehicle,0
2024,PA,Gun,Shoot,Not Fleeing,0
2024,IN,Gun,Point,Not Fleeing,0
2024,NC,Gun,Shoot,Not Fleeing,0
2024,OK,Gun,Shoot,Not Fleeing,0
2024,TX,Gun,Point,Foot,0
2024,WA,Gun,Shoot,Vehicle,0
2024,SD,Gun,Shoot,Not Fleeing,0
2024,UT,Unclear Weapon Information,Unclear Threat,Missing,0
2024,WY,Gun,Shoot,Not Fleeing,0
2024,NY,Knife,Threat,Not Fleeing,0
2024,TX,Gun,Move,Not Fleeing,1
2024,CA,Gun,Unclear Threat,Not Fleeing,0
2024,LA,Gun,Point,Not Fleeing,0
2024,UT,Gun,Shoot,Vehicle,0
2024,ID,Gun,Shoot,Not Fleeing,0
2024,CA,Knife,Move,Not Fleeing,1
2024,IL,Unarmed,Unclear Threat,Not Fleeing,1
2024,SC,Multiple Weapons,Move,Vehicle,0
2024,AK,Knife,Attack,Not Fleeing,1
2024,TX,Gun,Shoot,Not Fleeing,0
2024,ME,Gun,Point,Vehicle,0
2024,SD,Knife,Unclear Threat,Missing,0
2024,NY,Vehicle,Flee,Vehicle,1
2024,TX,Gun,Unclear Threat,Missing,0
2024,LA,Unclear Weapon Information,Move,Not Fleeing,0
2024,NV,Knife,Attack,Not Fleeing,0
2024,MI,Knife,Threat,Foot,0
2024,CA,Gun,Shoot,Not Fleeing,0
2024,WI,Gun,Shoot,Not Fleeing,0
2024,CA,Vehicle,Attack,Vehicle,1
2024,LA,Unclear Weapon Information,Unclear Threat,Foot,0
2024,TN,Gun,Shoot,Not Fleeing,0
2024,AL,Gun,Point,Not Fleeing,0
2024,AR,Unclear Weapon Information,Unclear Threat,Missing,0
2024,OK,Gun,Shoot,Not Fleeing,0
2024,TX,Multiple Weapons,Shoot,Vehicle,0
2024,FL,Gun,Move,Not Fleeing,0
2024,FL,Vehicle,Move,Vehicle,0
2024,SC,Gun,Move,Not Fleeing,0
2024,AL,Knife,Attack,Not Fleeing,0
2024,CA,Gun,Move,Not Fleeing,0
2024,PA,Gun,Shoot,Not Fleeing,0
2024,FL,Gun,Point,Vehicle,0
2024,AZ,Unclear Weapon Information,Unclear Threat,Missing,0
2024,IN,Unclear Weapon Information,Move,Missing,1
2024,TX,Replica,Point,Not Fleeing,0
2024,AK,Knife,Attack,Foot,0
2024,WA,Unclear Weapon Information,Flee,Vehicle,0
2024,OH,Unclear Weapon Information,Unclear Threat,Missing,0
2024,NY,Vehicle,Attack,Vehicle,0
2024,WI,Knife,Move,Not Fleeing,1
2024,GA,Unclear Weapon Information,Unclear Threat,Missing,0
2024,GA,Unclear Weapon Information,Unclear Threat,Missing,0
2024,OH,Multiple Weapons,Attack,Not Fleeing,0
2024,PA,Gun,Unclear Threat,Not Fleeing,0
2024,AZ,Unclear Weapon Information,Unclear Threat,Missing,0
2024,VA,Gun,Point,Vehicle,0
2024,CO,Gun,Move,Not Fleeing,0
2024,FL,Gun,Point,Not Fleeing,0
2024,HI,Gun,Point,Not Fleeing,0
2024,FL,Gun,Unclear Threat,Not Fleeing,0
2024,CA,Multiple Weapons,Threat,Missing,0
2024,WA,Knife,Attack,Not Fleeing,0
2024,TX,Knife,Move,Foot,0
2024,MS,Gun,Point,Not Fleeing,0
2024,VA,Multiple Weapons,Attack,Missing,0
2024,CA,Knife,Threat,Foot,0
2024,MT,Unclear Weapon Information,Unclear Threat,Missing,0
2024,IL,Blunt Object,Attack,Not Fleeing,0
2024,CA,Gun,Shoot,Foot,1
2024,CO,Gun,Shoot,Foot,0
2024,NH,Gun,Threat,Missing,0
2024,TX,Gun,Move,Not Fleeing,0
2024,NC,Vehicle,Attack,Vehicle,0
2024,SC,Gun,Shoot,Not Fleeing,0
2024,ND,Knife,Unclear Threat,Missing,0
2024,WA,Gun,Point,Not Fleeing,0
2024,KS,Gun,Threat,Not Fleeing,0
2024,CO,Unclear Weapon Information,Attack,Not Fleeing,0
2024,TX,Gun,Shoot,Missing,1
2024,FL,Gun,Shoot,Not Fleeing,0
2024,KY,Knife,Move,Not Fleeing,1
2024,AR,Gun,Shoot,Not Fleeing,0
2024,CO,Blunt Object,Attack,Not Fleeing,0
2024,FL,Gun,Move,Not Fleeing,0
2024,VA,Gun,Point,Not Fleeing,0
2024,NJ,Unclear Weapon Information,Move,Not Fleeing,0
2024,FL,Other,Point,Not Fleeing,0
2024,TX,Gun,Point,Not Fleeing,0
2024,TN,Gun,Point,Not Fleeing,0
2024,NC,Unclear Weapon Information,Attack,Not Fleeing,0
2024,FL,Knife,Attack,Not Fleeing,0
2024,CA,Knife,Move,Not Fleeing,1
2024,CO,Unclear Weapon Information,Move,Missing,0
2024,IA,Gun,Point,Vehicle,1
2024,IN,Gun,Unclear Threat,Missing,1
2024,CO,Gun,Shoot,Not Fleeing,0
2024,UT,Unclear Weapon Information,Unclear Threat,Missing,0
2024,TX,Knife,Move,Not Fleeing,0
2024,KS,Gun,Shoot,Not Fleeing,1
2024,CA,Unclear Weapon Information,Unclear Threat,Vehicle,0
2024,VA,Gun,Point,Not Fleeing,1
2024,AZ,Gun,Move,Not Fleeing,0
2024,TX,Unclear Weapon Information,Move,Not Fleeing,0
2024,OH,Knife,Attack,Not Fleeing,1
2024,MS,Gun,Shoot,Not Fleeing,0
2024,OK,Knife,Unclear Threat,Not Fleeing,0
2024,TN,Gun,Shoot,Not Fleeing,0
2024,OK,Gun,Point,Not Fleeing,0
2024,TX,Gun,Shoot,Not Fleeing,0
2024,CA,Gun,Shoot,Foot,0
2024,TX,Gun,Shoot,Not Fleeing,0
2024,DE,Gun,Shoot,Vehicle,0
2024,TN,Gun,Shoot,Not Fleeing,0
2024,CA,Knife,Move,Not Fleeing,0
2024,WY,Gun,Shoot,Missing,1
2024,MD,Gun,Unclear Threat,Foot,0
2024,CA,Knife,Point,Not Fleeing,0
2024,UT,Knife,Unclear Threat,Not Fleeing,0
2024,TX,Gun,Threat,Not Fleeing,0
2024,IL,Gun,Shoot,Not Fleeing,0
2024,TX,Gun,Shoot,Not Fleeing,0
2024,TX,Gun,Unclear Threat,Not Fleeing,0
2024,AZ,Knife,Unclear Threat,Missing,0
2024,GA,Gun,Point,Not Fleeing,0
2024,PA,Gun,Threat,Missing,0
2024,CA,Replica,Point,Not Fleeing,0
2024,MO,Gun,Point,Missing,0
2024,NM,Vehicle,Flee,Vehicle,0
2024,CA,Knife,Threat,Not Fleeing,0
2024,MS,Gun,Shoot,Missing,0
2024,GA,Unclear Weapon Information,Unclear Threat,Not Fleeing,1
2024,CA,Unclear Weapon Information,Unclear Threat,Vehicle,0
2024,FL,Gun,Shoot,Not Fleeing,0
2024,VA,Gun,Shoot,Vehicle,0
2024,MO,Knife,Move,Not Fleeing,0
2024,AZ,Unclear Weapon Information,Flee,Foot,1
2024,TX,Gun,Shoot,Not Fleeing,0
2024,CA,Gun,Unclear Threat,Vehicle,0
2024,LA,Knife,Move,Vehicle,0
2024,TX,Gun,Move,Not Fleeing,1
2024,GA,Gun,Shoot,Foot,1
2024,CO,Gun,Shoot,Not Fleeing,0
2024,VA,Gun,Unclear Threat,Not Fleeing,1
2024,WI,Knife,Move,Not Fleeing,1
2024,GA,Gun,Shoot,Not Fleeing,0
2024,AK,Knife,Move,Not Fleeing,1
2024,NC,Gun,Shoot,Not Fleeing,0
2024,FL,Gun,Point,Not Fleeing,0
2024,VA,Knife,Move,Not Fleeing,0
2024,HI,Gun,Move,Not Fleeing,0
2024,MO,Vehicle,Attack,Vehicle,0
2024,KY,Gun,Point,Not Fleeing,1
2024,GA,Multiple Weapons,Attack,Not Fleeing,0
2024,NM,Gun,Point,Not Fleeing,1
2024,NM,Gun,Threat,Foot,0
2024,OH,Vehicle,Threat,Missing,1
2024,MO,Knife,Move,Not Fleeing,0
2024,UT,Gun,Shoot,Vehicle,0
2024,IL,Gun,Unclear Threat,Missing,0
2024,AL,Gun,Unclear Threat,Missing,0
2024,GA,Gun,Point,Not Fleeing,0
2024,CA,Vehicle,Attack,Vehicle,0
2024,FL,Unclear Weapon Information,Unclear Threat,Missing,0
2024,UT,Gun,Move,Not Fleeing,0
2024,IL,Gun,Shoot,Missing,0
2024,TX,Blunt Object,Move,Not Fleeing,0
2024,OK,Unarmed,Move,Missing,0
2024,TX,Gun,Threat,Not Fleeing,0
2024,IN,Gun,Unclear Threat,Missing,0
2024,FL,Unclear Weapon Information,Threat,Not Fleeing,0
2024,GA,Knife,Threat,Not Fleeing,0
2024,TX,Unclear Weapon Information,Threat,Missing,0
2024,OK,Gun,Shoot,Not Fleeing,0
2024,AL,Gun,Shoot,Not Fleeing,1
2024,TX,Other,Unclear Threat,Not Fleeing,0
2024,MT,Gun,Shoot,Not Fleeing,0
2024,NY,Gun,Unclear Threat,Missing,0
2024,TX,Knife,Move,Not Fleeing,1
2024,OR,Gun,Shoot,Missing,0
2024,TX,Unclear Weapon Information,Unclear Threat,Missing,0
2024,TX,Unclear Weapon Information,Unclear Threat,Missing,0
2024,NC,Gun,Point,Missing,0
2024,GA,Gun,Shoot,Missing,0
2024,GA,Gun,Shoot,Not Fleeing,0
2024,TX,Gun,Point,Not Fleeing,0
2024,WA,Gun,Shoot,Not Fleeing,0
2024,NV,Unclear Weapon Information,Unclear Threat,Not Fleeing,0
2024,NE,Unarmed,Move,Not Fleeing,1
2024,GA,Gun,Shoot,Foot,0
2024,VA,Knife,Threat,Not Fleeing,0
2024,NM,Gun,Shoot,Vehicle,0
2024,TX,Gun,Shoot,Vehicle,0
2024,KS,Unarmed,Attack,Missing,0
2024,AZ,Gun,Threat,Not Fleeing,0
2024,AR,Knife,Unclear Threat,Missing,0
2024,ME,Gun,Point,Not Fleeing,0
2024,OH,Gun,Unclear Threat,Missing,1
2024,TX,Gun,Shoot,Missing,0
2024,NY,Knife,Threat,Missing,0
2024,OH,Knife,Unclear Threat,Not Fleeing,1
2024,DC,Gun,Threat,Not Fleeing,1
2024,TX,Gun,Threat,Foot,0
2024,ID,Unclear Weapon Information,Unclear Threat,Vehicle,1
2024,IL,Unclear Weapon Information,Unclear Threat,Vehicle,0
2024,CO,Gun,Threat,Not Fleeing,0
2024,AL,Gun,Unclear Threat,Missing,0
2024,ND,Gun,Shoot,Vehicle,0
2024,GA,Knife,Threat,Not Fleeing,0
2024,CO,Gun,Threat,Not Fleeing,0
2024,TX,Unarmed,Attack,Not Fleeing,0
2024,AZ,Gun,Shoot,Not Fleeing,0
2024,OR,Gun,Shoot,Not Fleeing,0
2024,IN,Unclear Weapon Information,Unclear Threat,Not Fleeing,0
2024,MO,Gun,Shoot,Vehicle,0
2024,TN,Unclear Weapon Information,Move,Vehicle,0
2024,TX,Replica,Threat,Not Fleeing,0
2024,LA,Vehicle,Move,Vehicle,0
2024,PA,Gun,Point,Not Fleeing,0
2024,CA,Gun,Unclear Threat,Not Fleeing,0
2024,CO,Gun,Shoot,Not Fleeing,0
2024,TX,Vehicle,Move,Vehicle,0
2024,GA,Gun,Unclear Threat,Foot,0
2024,CA,Gun,Point,Not Fleeing,0
2024,ID,Unclear Weapon Information,Unclear Threat,Vehicle,0
2024,KY,Unclear Weapon Information,Unclear Threat,Missing,0
2024,WY,Blunt Object,Attack,Not Fleeing,0
2024,OH,Knife,Threat,Not Fleeing,0
2024,FL,Unclear Weapon Information,Unclear Threat,Foot,0
2024,TX,Gun,Threat,Not Fleeing,1
2024,OH,Knife,Unclear Threat,Not Fleeing,0
2024,MO,Vehicle,Attack,Vehicle,0
2024,NY,Gun,Threat,Vehicle,0
2024,TX,Unclear Weapon Information,Flee,Vehicle,0
2024,AZ,Gun,Point,Not Fleeing,0
2024,TX,Gun,Threat,Foot,1
2024,TX,Knife,Attack,Not Fleeing,0
2024,NY,Knife,Threat,Not Fleeing,0
2024,TX,Gun,Threat,Foot,0
2024,LA,Gun,Shoot,Not Fleeing,0
2024,PA,Multiple Weapons,Attack,Not Fleeing,0
2024,TX,Unarmed,Threat,Not Fleeing,0
2024,OR,Gun,Shoot,Not Fleeing,0
2024,WA,Knife,Unclear Threat,Missing,0
2024,MS,Gun,Shoot,Missing,0
2024,VA,Knife,Attack,Not Fleeing,1
2024,IA,Gun,Shoot,Vehicle,0
2024,IN,Gun,Shoot,Vehicle,0
2024,TN,Gun,Flee,Foot,0
2024,CA,Gun,Point,Foot,0
2024,KY,Gun,Shoot,Foot,0
2024,LA,Gun,Point,Not Fleeing,0
2024,TX,Knife,Attack,Vehicle,0
2024,NY,Knife,Attack,Vehicle,0
2024,TX,Gun,Point,Foot,0
2024,CT,Gun,Shoot,Not Fleeing,1
2024,VA,Multiple Weapons,Point,Foot,0
2024,NV,Blunt Object,Move,Not Fleeing,0
2024,NY,Vehicle,Unclear Threat,Vehicle,0
2024,AZ,Gun,Shoot,Missing,0
2024,GA,Unarmed,Threat,Not Fleeing,0
2024,FL,Knife,Threat,Not Fleeing,1
2024,MD,Other,Unclear Threat,Missing,1
2024,TX,Gun,Shoot,Missing,0
2024,NM,Knife,Threat,Not Fleeing,1
2024,AL,Knife,Attack,Missing,0
2024,NC,Gun,Shoot,Missing,0
2024,OK,Gun,Threat,Missing,0
2024,CA,Gun,Shoot,Vehicle,0
2024,CA,Blunt Object,Attack,Not Fleeing,1
2024,MO,Knife,Move,Not Fleeing,0
2024,FL,Gun,Shoot,Not Fleeing,0
2024,MN,Gun,Unclear Threat,Missing,1
2024,LA,Replica,Point,Not Fleeing,0
2024,CA,Gun,Shoot,Foot,0
2024,IL,Gun,Point,Vehicle,1
2024,WA,Gun,Shoot,Not Fleeing,1
2024,GA,Gun,Shoot,Not Fleeing,0
2024,CO,Gun,Point,Not Fleeing,0
2024,FL,Other,Threat,Not Fleeing,0
2024,AK,Knife,Threat,Not Fleeing,1
2024,NE,Gun,Unclear Threat,Foot,1
2024,AZ,Replica,Point,Vehicle,0
2024,NM,Gun,Threat,Not Fleeing,1
2024,NH,Unclear Weapon Information,Attack,Not Fleeing,0
2024,AZ,Gun,Shoot,Not Fleeing,0
2024,FL,Blunt Object,Attack,Not Fleeing,0
2024,CA,Unclear Weapon Information,Unclear Threat,Missing,0
2024,CO,Unclear Weapon Information,Unclear Threat,Missing,1
2024,NV,Knife,Attack,Not Fleeing,1
2024,IL,Gun,Threat,Missing,0
2024,CA,Knife,Threat,Missing,0
2024,TN,Gun,Threat,Vehicle,1
2024,TX,Gun,Threat,Not Fleeing,0
2024,MS,Unclear Weapon Information,Unclear Threat,Missing,0
2024,WI,Gun,Threat,Not Fleeing,1
2024,OR,Multiple Weapons,Threat,Not Fleeing,1
2024,CA,Knife,Attack,Not Fleeing,0
2024,OH,Gun,Threat,Missing,0
2024,WY,Gun,Point,Missing,0
2024,VA,Gun,Shoot,Vehicle,0
2024,TN,Gun,Shoot,Missing,0
2024,PA,Gun,Point,Not Fleeing,1
2024,GA,Gun,Threat,Missing,0
2024,TX,Knife,Attack,Not Fleeing,0
2024,CO,Knife,Threat,Not Fleeing,0
2024,TN,Unclear Weapon Information,Unclear Threat,Missing,0
2024,TX,Gun,Point,Not Fleeing,0
2024,MI,Gun,Threat,Not Fleeing,0
2024,TX,Vehicle,Attack,Vehicle,1
2024,IN,Knife,Threat,Missing,0
2024,MI,Gun,Shoot,Not Fleeing,0
2024,TN,Vehicle,Attack,Vehicle,0
2024,MD,Unclear Weapon Information,Threat,Foot,0
2024,AZ,Multiple Weapons,Shoot,Not Fleeing,0
2024,CO,Gun,Shoot,Missing,0
2024,UT,Unclear Weapon Information,Unclear Threat,Missing,0
2024,TX,Gun,Threat,Not Fleeing,0
2024,OK,Gun,Shoot,Missing,0
2024,FL,Gun,Threat,Foot,0
2024,NM,Gun,Unclear Threat,Vehicle,0
2024,IL,Unclear Weapon Information,Unclear Threat,Missing,0
2024,FL,Unclear Weapon Information,Attack,Missing,0
2024,SC,Unclear Weapon Information,Unclear Threat,Missing,0
2024,AR,Unclear Weapon Information,Threat,Vehicle,0
2024,VA,Gun,Shoot,Not Fleeing,0
2024,KS,Unarmed,Move,Not Fleeing,1
2024,TX,Knife,Threat,Foot,0
2024,NM,Gun,Threat,Not Fleeing,0
2024,VA,Replica,Point,Not Fleeing,0
2024,MO,Gun,Shoot,Missing,0
2024,MI,Gun,Shoot,Not Fleeing,0
2024,TX,Gun,Point,Vehicle,0
2024,TX,Unclear Weapon Information,Attack,Vehicle,0
2024,SC,Knife,Attack,Not Fleeing,0
2024,ID,Gun,Threat,Missing,0
2024,VA,Knife,Unclear Threat,Not Fleeing,1
2024,NM,Gun,Threat,Vehicle,0
2024,CO,Gun,Shoot,Not Fleeing,0
2024,TN,Gun,Shoot,Not Fleeing,0
2024,NC,Gun,Shoot,Not Fleeing,0
2024,MT,Gun,Threat,Missing,1
2024,CA,Knife,Attack,Missing,0
2024,KY,Gun,Shoot,Not Fleeing,0
2024,NM,Gun,Unclear Threat,Not Fleeing,1
2024,OH,Gun,Point,Not Fleeing,0
2024,IN,Gun,Shoot,Not Fleeing,0
2024,OH,Knife,Unclear Threat,Not Fleeing,0
2024,NJ,Gun,Shoot,Missing,0
2024,OR,Gun,Threat,Not Fleeing,0
2024,CO,Gun,Shoot,Not Fleeing,0
2024,AZ,Other,Point,Not Fleeing,0
2024,IA,Gun,Shoot,Foot,0
2024,NC,Gun,Shoot,Missing,0
2024,TX,Gun,Threat,Missing,0
2024,NY,Multiple Weapons,Shoot,Vehicle,0
2024,MO,Gun,Shoot,Vehicle,0
2024,TX,Gun,Unclear Threat,Not Fleeing,0
2024,WV,Gun,Point,Foot,1
2024,OH,Blunt Object,Threat,Not Fleeing,0
2024,GA,Gun,Point,Not Fleeing,0
2024,FL,Unarmed,Attack,Not Fleeing,0
2024,FL,Gun,Point,Not Fleeing,0
2024,AL,Gun,Shoot,Vehicle,0
2024,TX,Gun,Shoot,Not Fleeing,0
2024,IL,Gun,Shoot,Vehicle,0
2024,ND,Unclear Weapon Information,Unclear Threat,Missing,0
2024,ND,Gun,Shoot,Not Fleeing,0
2024,CA,Gun,Point,Not Fleeing,0
2024,CA,Gun,Shoot,Vehicle,0
2024,CA,Multiple Weapons,Attack,Foot,1
2024,PA,Gun,Unclear Threat,Not Fleeing,0
2024,IN,Gun,Point,Not Fleeing,1
2024,OK,Gun,Point,Vehicle,0
2024,FL,Knife,Attack,Not Fleeing,1
2024,MI,Unclear Weapon Information,Unclear Threat,Missing,0
2024,TX,Gun,Shoot,Vehicle,0
2024,OH,Gun,Shoot,Foot,1
2024,ME,Gun,Point,Not Fleeing,0
2024,VA,Vehicle,Move,Vehicle,0
2024,GA,Multiple Weapons,Shoot,Vehicle,0
2024,AL,Gun,Shoot,Vehicle,0
2024,LA,Unclear Weapon Information,Unclear Threat,Vehicle,0
2024,SD,Gun,Point,Not Fleeing,0
2024,TX,Gun,Point,Not Fleeing,0
2024,TX,Gun,Point,Foot,0
2024,MT,Knife,Attack,Not Fleeing,0
2024,MI,Gun,Unclear Threat,Foot,0
2024,PA,Gun,Unclear Threat,Not Fleeing,0
2024,NJ,Knife,Unclear Threat,Missing,0
2024,AZ,Gun,Point,Vehicle,0
2024,FL,Gun,Point,Missing,0
2024,SC,Unclear Weapon Information,Unclear Threat,Not Fleeing,0
2024,TX,Gun,Point,Not Fleeing,0
2024,AZ,Replica,Move,Missing,0
2024,KY,Gun,Shoot,Missing,0
2024,MI,Multiple Weapons,Shoot,Vehicle,0
2024,TX,Gun,Shoot,Vehicle,1
2024,MO,Knife,Unclear Threat,Missing,0
2024,MO,Unarmed,Accident,Not Fleeing,0
2024,TX,Gun,Shoot,Not Fleeing,0
2024,CA,Multiple Weapons,Attack,Vehicle,0
2024,NV,Gun,Point,Foot,0
2024,PA,Gun,Shoot,Vehicle,0
2024,MI,Unclear Weapon Information,Threat,Not Fleeing,1
2024,MN,Gun,Point,Missing,1
2024,MO,Other,Move,Not Fleeing,0
2024,FL,Blunt Object,Attack,Not Fleeing,0
2024,VA,Other,Threat,Foot,0
2024,OR,Gun,Threat,Missing,0
2024,ID,Knife,Move,Not Fleeing,0
2024,PA,Gun,Point,Vehicle,0
2024,IN,Gun,Threat,Foot,1
2024,OH,Gun,Shoot,Vehicle,0
2024,NM,Gun,Shoot,Missing,0
2024,TX,Gun,Unclear Threat,Missing,0
2024,NV,Unarmed,Unclear Threat,Not Fleeing,1
2024,ND,Gun,Threat,Not Fleeing,0
2024,CA,Gun,Shoot,Foot,1
2024,IN,Knife,Attack,Not Fleeing,1
2024,GA,Gun,Shoot,Vehicle,0
2024,AZ,Unclear Weapon Information,Unclear Threat,Missing,0
2024,MS,Unclear Weapon Information,Threat,Not Fleeing,0
2024,CA,Gun,Shoot,Foot,0
2024,CA,Gun,Point,Not Fleeing,1
2024,FL,Gun,Threat,Not Fleeing,1
2024,UT,Knife,Threat,Missing,0
2024,NC,Gun,Threat,Not Fleeing,0
2024,FL,Unclear Weapon Information,Unclear Threat,Missing,0
2024,IN,Gun,Shoot,Vehicle,1
2024,OH,Gun,Shoot,Not Fleeing,0
2024,NV,Vehicle,Attack,Vehicle,1
2024,NC,Gun,Shoot,Not Fleeing,0
2024,VA,Knife,Threat,Not Fleeing,0
2024,CA,Gun,Shoot,Missing,0
2024,CO,Gun,Point,Vehicle,0
2024,NY,Gun,Shoot,Foot,0
2024,MT,Unclear Weapon Information,Unclear Threat,Missing,0
2024,MA,Gun,Unclear Threat,Missing,0
2024,SC,Gun,Unclear Threat,Missing,1
2024,WV,Gun,Point,Not Fleeing,0
2024,GA,Gun,Point,Not Fleeing,0
2024,AR,Gun,Shoot,Vehicle,0
2024,IN,Gun,Point,Missing,0
2024,TX,Gun,Threat,Missing,0
2024,SC,Knife,Threat,Missing,1
2024,LA,Gun,Flee,Foot,0
2024,UT,Replica,Threat,Missing,0
2024,MO,Gun,Shoot,Missing,0
2024,MO,Unclear Weapon Information,Unclear Threat,Missing,0
2024,LA,Unclear Weapon Information,Unclear Threat,Missing,0
2024,IA,Replica,Point,Missing,0
2024,OR,Gun,Threat,Foot,0
2024,CA,Gun,Shoot,Vehicle,0
2024,FL,Gun,Shoot,Missing,0
2024,TX,Knife,Attack,Not Fleeing,1
2024,SD,Unclear Weapon Information,Unclear Threat,Missing,1
2024,OH,Gun,Unclear Threat,Missing,0
2024,AZ,Gun,Point,Vehicle,0
2024,CA,Vehicle,Move,Not Fleeing,0
2024,FL,Gun,Shoot,Not Fleeing,0
2024,OK,Knife,Move,Missing,0
2024,SC,Gun,Point,Missing,0
2024,WV,Gun,Shoot,Not Fleeing,0
2024,MD,Gun,Shoot,Not Fleeing,1
2024,TN,Gun,Shoot,Not Fleeing,0
2024,ME,Blunt Object,Threat,Foot,0
2024,GA,Gun,Point,Not Fleeing,0
2024,CO,Blunt Object,Move,Missing,0
2024,OH,Gun,Shoot,Vehicle,0
2024,AZ,Vehicle,Attack,Vehicle,0
2024,IL,Other,Attack,Missing,0
2024,CA,Replica,Unclear Threat,Missing,0
2024,CO,Gun,Point,Missing,0
2024,CA,Knife,Move,Not Fleeing,1
2024,TX,Gun,Shoot,Foot,0
2024,ND,Multiple Weapons,Shoot,Not Fleeing,1
2024,NV,Gun,Shoot,Not Fleeing,0
2024,WA,Gun,Attack,Not Fleeing,1
2024,IN,Knife,Attack,Not Fleeing,1
2024,MS,Gun,Point,Missing,1
2024,WV,Gun,Unclear Threat,Missing,0
2024,GA,Knife,Point,Missing,0
2024,VA,Knife,Threat,Not Fleeing,0
2024,NY,Gun,Point,Vehicle,1
2024,AZ,Knife,Point,Not Fleeing,0
2024,FL,Knife,Threat,Missing,1
2024,FL,Unclear Weapon Information,Threat,Vehicle,0
2024,FL,Knife,Point,Not Fleeing,1
2024,NC,Knife,Unclear Threat,Missing,0
2024,FL,Gun,Point,Not Fleeing,1
2024,OH,Knife,Attack,Not Fleeing,1
2024,NC,Unclear Weapon Information,Unclear Threat,Missing,0
2024,NV,Gun,Threat,Not Fleeing,0
2024,WA,Unclear Weapon Information,Unclear Threat,Missing,0
2024,WI,Knife,Threat,Not Fleeing,1
2024,VA,Knife,Attack,Not Fleeing,0
2024,CA,Other,Move,Vehicle,0
2024,PA,Multiple Weapons,Shoot,Missing,0
2024,CA,Gun,Threat,Missing,0
2024,AL,Gun,Shoot,Not Fleeing,0
2024,TX,Unarmed,Attack,Not Fleeing,0
2024,FL,Gun,Threat,Not Fleeing,0
2024,CA,Vehicle,Attack,Not Fleeing,0
2024,PA,Knife,Attack,Missing,0
2024,TX,Knife,Threat,Not Fleeing,1
2024,AL,Unclear Weapon Information,Unclear Threat,Missing,0
2024,CO,Gun,Point,Not Fleeing,1
2024,AZ,Gun,Shoot,Vehicle,0
2024,TN,Gun,Shoot,Missing,0
2024,FL,Gun,Unclear Threat,Vehicle,0
2024,TX,Gun,Threat,Not Fleeing,0
2024,TX,Vehicle,Attack,Vehicle,0
2024,FL,Gun,Shoot,Vehicle,1
2024,GA,Unclear Weapon Information,Flee,Vehicle,0
2024,TN,Gun,Unclear Threat,Not Fleeing,0
2024,CA,Gun,Threat,Vehicle,0
2024,CA,Blunt Object,Move,Not Fleeing,0
2024,OH,Vehicle,Attack,Vehicle,0
2024,AR,Unclear Weapon Information,Unclear Threat,Missing,0
2024,IN,Gun,Threat,Not Fleeing,0
2024,FL,Gun,Point,Not Fleeing,0
2024,FL,Unclear Weapon Information,Unclear Threat,Missing,0
2024,KY,Gun,Point,Missing,0
2024,AZ,Gun,Shoot,Not Fleeing,0
2024,IL,Gun,Shoot,Foot,0
2024,TX,Knife,Threat,Not Fleeing,0
2024,AR,Multiple Weapons,Threat,Vehicle,0
2024,NC,Knife,Unclear Threat,Missing,0
2024,ID,Knife,Move,Not Fleeing,0
2024,IN,Multiple Weapons,Point,Foot,0
2024,OH,Gun,Point,Foot,1
2024,CA,Unclear Weapon Information,Unclear Threat,Missing,0
2024,NC,Knife,Attack,Missing,0
2024,MD,Unclear Weapon Information,Move,Missing,1
2024,MO,Gun,Shoot,Missing,0
2024,WI,Gun,Shoot,Missing,0
2024,TN,Gun,Point,Not Fleeing,0
2024,TX,Vehicle,Attack,Vehicle,0
2024,FL,Gun,Shoot,Missing,0
2024,LA,Gun,Attack,Vehicle,0
2024,NC,Unclear Weapon Information,Unclear Threat,Missing,0
2024,AL,Gun,Threat,Missing,0
2024,AL,Replica,Shoot,Vehicle,0
2024,KY,Unclear Weapon Information,Unclear Threat,Not Fleeing,0
2024,IN,Knife,Attack,Missing,0
2024,OH,Gun,Point,Not Fleeing,0
2024,AR,Gun,Unclear Threat,Missing,0
2024,CA,Unarmed,Unclear Threat,Missing,0
2024,TN,Knife,Unclear Threat,Foot,0
2024,AK,Knife,Threat,Not Fleeing,0
2024,OR,Gun,Shoot,Missing,0
2024,CA,Gun,Threat,Missing,0
2024,OK,Blunt Object,Threat,Missing,0
2024,PA,Gun,Shoot,Missing,0
2024,CA,Replica,Unclear Threat,Missing,0
2024,SC,Unclear Weapon Information,Unclear Threat,Missing,0
2024,MI,Unclear Weapon Information,Attack,Not Fleeing,0
2024,TX,Gun,Point,Not Fleeing,0
2024,NC,Gun,Threat,Missing,0
2024,TX,Unarmed,Attack,Vehicle,0
2024,ND,Unclear Weapon Information,Unclear Threat,Missing,0
2024,CA,Gun,Threat,Missing,0
2024,WA,Unclear Weapon Information,Unclear Threat,Missing,0
2024,IN,Gun,Shoot,Vehicle,0
2024,CA,Knife,Unclear Threat,Missing,1
2024,FL,Gun,Threat,Foot,0
2024,UT,Unclear Weapon Information,Unclear Threat,Missing,0
2024,TN,Gun,Threat,Not Fleeing,0
2024,OH,Knife,Attack,Missing,0
